alias,mature,safe
vox_plr_0_ammo_low_0,I'm burning powder over here!,I'm burning powder over here!
vox_plr_0_ammo_low_1,Getting really low on ammo.,Getting really low on ammo.
vox_plr_0_ammo_low_2,This keeps up! I'm gonna be all out!,This keeps up! I'm gonna be all out!
vox_plr_0_ammo_low_3,I only got a few rounds.,I only got a few rounds.
vox_plr_0_ammo_low_4,I'm low on lead!,I'm low on lead!
vox_plr_0_ammo_out_0,Keep them all from me! I'm all out!,Keep them all from me! I'm all out!
vox_plr_0_ammo_out_1,"Ah shit, I got no ammo!",Oh no! Ammo's gone!
vox_plr_0_ammo_out_2,I ain't got a fucking single bullet!,I ain't got a single bullet!
vox_plr_0_ammo_out_3,Ow! I think my luck's run out!,Ow! I think my luck's run out!
vox_plr_0_ammo_out_4,I can't shoot without slugs!,I can't shoot without slugs!
vox_plr_0_anim_intro1_0,"Hey Sal, we must have been through this 50 times already.","Hey Sal, we must have been through this 50 times already."
vox_plr_0_anim_intro27_0,Where are those screams coming from?,Where are those screams coming from?
vox_plr_0_anim_intro8_0,"I'm working on it, right now.","I'm working on it, right now."
vox_plr_0_box_move_0,Looks like I just rolled snake eyes.,Looks like I just rolled snake eyes.
vox_plr_0_box_move_1,I guess I backed the wrong fucking horse.,I guess I backed the wrong horse.
vox_plr_0_box_move_2,Don't play games with me. I don't always play nice.,Don't play games with me. I don't always play nice.
vox_plr_0_box_move_3,This is fucking bullshit.,This sucks.
vox_plr_0_box_move_4,"So, you think I don't know a fucking scam when I see it?",You think I don't know a scam when I see it?
vox_plr_0_box_use_0,"Okay, don't take too long now, I got troubles of my own.","Okay, don't take too long now, I got troubles of my own."
vox_plr_0_box_use_1,What the fuck is taking so long?,What's taking so long?
vox_plr_0_box_use_2,"Hurry it up, let's go!","Hurry it up, let's go!"
vox_plr_0_box_use_3,"I'll wait, but it better be worth it.","I'll wait, but it better be worth it."
vox_plr_0_box_use_4,Don't try to grift a grifter because it won't end well.,Don't try to grift a grifter because it won't end well.
vox_plr_0_bridge_var1_3_0,"Yeah, what about that? How come you know more than the~rest of us?","Yeah, what about that? How come you know more than the~rest of us?"
vox_plr_0_bridge_var2_12_0,Anyone else more than a little creeped out by all this?,Anyone else more than a little creeped out by all this?
vox_plr_0_bridge_var2_2_0,Sure we have. It's the Golden Gate Bridge.,Sure we have. It's the Golden Gate Bridge.
vox_plr_0_bridge_var2_6_0,Look at those fireworks. New Year's Eve. Maybe I'll find~myself abroad and bring in the year with style.,Look at those fireworks. New Year's Eve. Maybe I'll find~myself abroad and bring in the year with style.
vox_plr_0_bridge_var5_1_0,Where the fuck are we?,Where are we?
vox_plr_0_bridge_var5_3_0,"No, no, no, no. Where the fuck are we really?",No. Where are we really?
vox_plr_0_bridge_var6_13_0,I don't think we're getting out. Not now. Not ever.,I don't think we're getting out. Not now. Not ever.
vox_plr_0_bridge_var6_7_0,He's right. I can't remember a damn thing. This don't make~no sense.,He's right. I can't remember a thing. This don't make no~sense.
vox_plr_0_brutus_arrival_0,Didn't we put that fucker down already?,Didn't we kill him already?
vox_plr_0_brutus_defeated_0,That was a fucking drag out brawl for sure.,That was a drag-out brawl for sure.
vox_plr_0_brutus_defeated_1,"That's the end of that. For a little while, at least.","That's the end of that. For a little while, at least."
vox_plr_0_brutus_defeated_2,Don't bother coming back! We'll only have to kill you all~over again!,Don't bother coming back! We'll only have to kill you all~over again!
vox_plr_0_brutus_encounter_0,That doesn't sound good.,That doesn't sound good.
vox_plr_0_build_bsm_add_0,"Hurry up, I ain't got no time for a jammer.","Hurry up, I ain't got no time for a jammer."
vox_plr_0_build_bsm_add_1,"Alright, okay, that fits like a glove.","Alright, okay, that fits like a glove."
vox_plr_0_build_bsm_add_2,It's starting to take shape now. What the fuck is it?,"Starting to take shape now, what is it?"
vox_plr_0_build_bsm_final_0,"Okay, it's done. What, it's supposed to do something?","Okay, it's done. What, it's supposed to do something?"
vox_plr_0_build_bsm_final_1,"Wait a second, didn't we have one of these before? It~looks kind of familiar.","Wait a second, didn't we have one of these before? It~looks kind of familiar."
vox_plr_0_build_bsm_final_2,Anyone got that blunder thing? I think it's meant to go in~here.,Anyone got that blunder thing? I think it's meant to go in~here.
vox_plr_0_build_bsm_pickup_0,Maybe this is part of that machine that Weasel was gabbing~about.,Maybe this is part of that machine that Weasel was gabbing~about.
vox_plr_0_build_bsm_pickup_1,We should find the other parts and work out what the fuck~this is.,We should find the other parts and work out what this is.
vox_plr_0_build_bsm_pickup_2,I think these pieces are important. They don't fuck knows~why.,"I think these pieces are important, but who knows why."
vox_plr_0_build_bsm_plc_0,"That's a fucking lightning rod, alright?","That's a lightning rod, alright."
vox_plr_0_build_plane_0,You know it's hard to believe a nitwit like Arlington~could plan all this on paper.,You know it's hard to believe a nitwit like Arlington~could plan all this on paper.
vox_plr_0_build_zs_add_0,It looks like there's still a piece missing.,It looks like there's still a piece missing.
vox_plr_0_build_zs_add_1,"I'm good with my hands, but I've never really been one for~hard labor, if you know what I mean.","I'm good with my hands, but I've never really been one for~hard labor, if you know what I mean."
vox_plr_0_build_zs_add_2,"Listen, keep an eye on my back while I'm trying to finagle~this thing together.","Listen, keep an eye on my back while I'm trying to finagle~this thing together."
vox_plr_0_build_zs_add_3,"I put it together, just like Weasel said.","I put it together, just like Weasel said."
vox_plr_0_build_zs_final_0,"It's a fine looking shield, alright?","It's a fine looking shield, alright?"
vox_plr_0_build_zs_final_1,"It's payday, boys. We all get a shield.","It's payday, boys. We all get a shield."
vox_plr_0_build_zs_pickup_0,"With a few more parts, maybe we'll have something useful.","With a few more parts, maybe we'll have something useful."
vox_plr_0_build_zs_pickup_1,This looks like it should fit with something else.,This looks like it should fit with something else.
vox_plr_0_build_zs_pickup_2,"We should take this to a workbench, see what we can throw~together.","We should take this to a workbench, see what we can throw~together."
vox_plr_0_build_zs_plc_0,Alright! I should keep those fucking crusties off my back~for a bit.,Alright! This should keep those ugly punks off of my back~for a bit.
vox_plr_0_chair_electrocution_0,I'll see you all in hell!,I'll see you all in...
vox_plr_0_chair2_var3_0,"Let me guess, you don't remember writing it.","Let me guess, you don't remember writing it."
vox_plr_0_chair3_var_3_0,"At this point, I'm about ready to believe anything.","At this point, I'm about ready to believe anything."
vox_plr_0_chair4_var_4_0,Where the fuck did those electric chairs come from?,Where did those electric chairs come from?
vox_plr_0_crawler_attack_0,What are you doing? Trying to annoy me to death?,What are you doing? Trying to annoy me to death?
vox_plr_0_crawler_attack_1,"You still got some fight in you, huh?","You still got some fight in you, huh?"
vox_plr_0_crawler_attack_2,So I'm gonna shoot this prick.,Hey! Someone gonna shoot this punk?
vox_plr_0_crawler_attack_3,I'll deal with you in a minute.,I'll deal with you in a minute.
vox_plr_0_crawler_attack_4,How the hell are you still kicking?,How are you still kicking?
vox_plr_0_crawler_kill_0,You should have just crawled somewhere else.,You should have just crawled somewhere else.
vox_plr_0_crawler_kill_1,Enough! Alright!,Enough! Alright!
vox_plr_0_crawler_kill_2,Didn't I rub you out already?,Didn't I rub you out already?
vox_plr_0_crawler_kill_3,"Damn, thought he'd never shut up.",That's enough of that!
vox_plr_0_crawler_start_0,"Quit making so much noise, Stumpy.","Quit making so much noise, Stumpy."
vox_plr_0_crawler_start_1,What do you say we split the difference?,What do you say we split the difference?
vox_plr_0_crawler_start_2,Calm your liver and I'll deal with you soon enough.,Calm your liver and I'll deal with you soon enough.
vox_plr_0_crawler_start_3,That one ain't dead yet.,That one ain't dead yet.
vox_plr_0_crawler_start_4,Didn't I tell you I'd cut you down?,Didn't I tell you I'd cut you down?
vox_plr_0_discover_box_0,It is a weird fucking box in here. Should we bust it open?,"Hey, there's a weird box in here. Should we bust it open?"
vox_plr_0_discover_trap_0,"This wasn't here yesterday, was it?","This wasn't here yesterday, was it?"
vox_plr_0_discover_trap_1,I'm gonna hit this switch and see what happens.,I'm gonna hit this switch and see what happens.
vox_plr_0_discover_trap_2,Did we set up this trap?,Did we set up this trap?
vox_plr_0_discover_wall_buy_0,"Well, that's a new one on me.","Well, that's a new one on me."
vox_plr_0_during_1_oh_shit5_0,What happened to the other prisoners?,What happened to the other prisoners?
vox_plr_0_earn_acheivement_0,What the hell was that about?,What was that about?
vox_plr_0_earn_acheivement_1,"Listen, I don't fucking care unless there's something in~it for me.","Unless there's something in it for me, I don't really~care."
vox_plr_0_electric_zap_0,I think the electric supply needs a little jolt. Know what~I mean?,I think the electric supply needs a little jolt. Know what~I mean?
vox_plr_0_electric_zap_1,Where am I supposed to find all those fucking bolts?,Where am I supposed to find all those fucking bolts?
vox_plr_0_end_scenario_0,Look who's palling around with the weasel.,Look who's palling around with the weasel.
vox_plr_0_end_scenario_1,I had a feeling it was you from the start.,I had a feeling it was you from the start.
vox_plr_0_end_scenario_2,You're going down for good.,You're going down for good.
vox_plr_0_find_map_0,Does anyone else remember planning this year?,Does anyone else remember planning this year?
vox_plr_0_find_secret_0,"Listen, these bastards gotta go to sleep. They need a~lullaby.",How about a lullaby to put these uglies to sleep?
vox_plr_0_finn_electrocution_0,AHHHH!,AHHHH!
vox_plr_0_finn_electrocution_1,AHHHH!,AHHHH!
vox_plr_0_finn_self_0,"You're a smart guy, aren't you Finn? Smarter than the~others for sure.","You're a smart guy, aren't you Finn? Smarter than the~others for sure."
vox_plr_0_finn_self_1,But what about Angela? Your beautiful wife. She had it all~figured out. And you didn't even see it coming.,But what about Angela? Your beautiful wife. She had it all~figured out. And you didn't even see it coming.
vox_plr_0_finn_self_2,"She knew all the cards to play and all the buttons to~press, didn't she? That little bitch.","She knew all the cards to play and all the buttons to~press, didn't she? That little bitch."
vox_plr_0_finn_self_2_0,"Everything here is just a numbers game, isn't it, Finn?~Just like back outside.","Everything here is just a numbers game, isn't it, Finn?~Just like back outside."
vox_plr_0_finn_self_2_1,"All those years at the track, waiting till the last second~before you lay down the cash that would swing the odds in|your favor.","All those years at the track, waiting till the last second~before you lay down the cash that would swing the odds in|your favor."
vox_plr_0_finn_self_2_2,"Every time you took it right down to the wire, you're used~to taking chances, aren't you, Finn? There's no throw like|it, is there?","Every time you took it right down to the wire, you're used~to taking chances, aren't you, Finn? There's no throw like|it, is there?"
vox_plr_0_finn_self_2_3,"What now, though? Ain't no playback operations gonna~change the odds here.","What now, though? Ain't no playback operations gonna~change the odds here."
vox_plr_0_finn_self_2_4,"Are you still a betting man, Finn? Wanna bet on how all~this will end?","Are you still a betting man, Finn? Wanna bet on how all~this will end?"
vox_plr_0_finn_self_3,"You killed before, Finn, but it was always business.","You killed before, Finn, but it was always business."
vox_plr_0_finn_self_3_0,"It's always the dames, isn't it, Finn? Like they got a~fuckin' sixth sense that leads them right into your blind|spot.","It's always the dames, isn't it, Finn? Like they got a~sixth sense that leads them right into your blind spot."
vox_plr_0_finn_self_3_1,"Angela, how fucking stupid can you get?","But Angela, wow, how stupid can you get?"
vox_plr_0_finn_self_3_2,"He was an actress, Finn. Saying things she didn't mean was~a way of life to her.","He was an actress, Finn. Saying things she didn't mean was~a way of life to her."
vox_plr_0_finn_self_3_3,She never loved you. She was only interested in what you~could do for her.,She never loved you. She was only interested in what you~could do for her.
vox_plr_0_finn_self_3_4,"Not only did you marry her, but you let her know the ins~and outs of your business.","Not only did you marry her, but you let her know the ins~and outs of your business."
vox_plr_0_finn_self_3_5,"You shared details, Finn, and you should have known~better. Secrets are there for a reason, pal.","You shared details, Finn, and you should have known~better. Secrets are there for a reason, pal."
vox_plr_0_finn_self_4,"Not this time, though, pal. Angela will be different. She~deserves it. Doesn't she, Finn?","Not this time, though, pal. Angela will be different. She~deserves it. Doesn't she, Finn?"
vox_plr_0_free_fall_0,AHHHH!!!!,AHHHH!!!!
vox_plr_0_fuel_pickup_0,Okay! We got a fuel can!,Okay! We got a fuel can!
vox_plr_0_fuel_pickup_1,Got another fuel can!,Got another fuel can!
vox_plr_0_generic_wall_buy_0,"I can fuck around with that box, but better the devil you~know.","I could gamble on that box, but better the devil you know."
vox_plr_0_generic_wall_buy_1,I reckon I'll make do with this.,I reckon I'll make do with this.
vox_plr_0_generic_wall_buy_2,I'm sick of losing money on the box. I'll just take this.,I'm sick of losing money on the box. I'll just take this.
vox_plr_0_headshot_respond_generic_0,This stupid fucker popped right open!,That stupid freak popped right open!
vox_plr_0_headshot_respond_generic_2,Ha! Ha ha ha ha! Ha ha ha ha! He fuckin' went down hard!,Ha! Ha ha ha ha! Ha ha ha ha! He fuckin' went down hard!
vox_plr_0_headshot_respond_generic_3,"Yeah, he's fuckin' done alright.","Yeah, he's done alright."
vox_plr_0_headshot_respond_to_plr_1_0,Not bad for an old man.,Not bad for an old man.
vox_plr_0_headshot_respond_to_plr_1_1,"Don't let anyone say you're past it, Sal.","Don't let anyone say you're past it, Sal."
vox_plr_0_headshot_respond_to_plr_1_2,"Ah, shit! Sal's kicking ass!","You got good aim, Sal. I'll give you that."
vox_plr_0_headshot_respond_to_plr_2_0,"Fuck me, Billy! That shit was cold!","You're in your element, ain't you, Billy?"
vox_plr_0_headshot_respond_to_plr_2_1,"Take it to them, Billy!","Take it to them, Billy!"
vox_plr_0_headshot_respond_to_plr_2_2,That's how Billy gets shit done.,"Hey, Billy! You leaving any for me?"
vox_plr_0_headshot_respond_to_plr_3_0,"Sometimes you surprise me, Weasel.","Sometimes you surprise me, Weasel."
vox_plr_0_headshot_respond_to_plr_3_1,"Hey Weasel, what's got into you today?","Hey Weasel, what's got into you today?"
vox_plr_0_headshot_respond_to_plr_3_2,"Hey Weasel, I never saw you shoot this good till~everything started.","Hey Weasel, I never saw you shoot this good till~everything started."
vox_plr_0_headshot_respond_to_plr_3_3,"Congratulations, Weasel. You ain't completely fucking~useless after all.","Congratulations, Weasel. You ain't completely useless."
vox_plr_0_heal_revived_0,You got here just in time.,You got here just in time.
vox_plr_0_heal_revived_1,I thought that was it for sure.,I thought that was it for sure.
vox_plr_0_heal_revived_2,It wouldn't have hurt at all if you got here quicker.,It wouldn't have hurt at all if you got here quicker.
vox_plr_0_heal_revived_3,Now let me find the bastard that put me down in the first~place.,Now let me find the one that put me down in the first~place.
vox_plr_0_heal_revived_4,"Well, that went ass-ways from Sunday.","Well, that went wrong."
vox_plr_0_kill_acidgat_0,Weasel was right! This is some serious firepower!,Weasel was right! This is some serious firepower!
vox_plr_0_kill_acidgat_2,I got all the time in the world for this.,I got all the time in the world for this.
vox_plr_0_kill_acidgat_3,Making this thing sure was worth the effort.,Making this thing sure was worth the effort.
vox_plr_0_kill_acidgat_5,Quit your hollering! You're getting on my nerves!,Quit your hollering! You're getting on my nerves!
vox_plr_0_kill_acidgat_6,"It could have been a lot worse, believe me.","It could have been a lot worse, believe me."
vox_plr_0_kill_acidgat_7,I ain't getting tired. What about you?,I ain't getting tired. What about you?
vox_plr_0_kill_acidgat_8,"It's too bad, this can't go on forever.","It's too bad, this can't go on forever."
vox_plr_0_kill_blundergat_0,"Come and get some, you dumb fucks.","Come and get some, you dumb fucks."
vox_plr_0_kill_blundergat_1,"Keep coming, it don't matter to me!","Keep coming, it don't matter to me!"
vox_plr_0_kill_blundergat_3,Any more of you wanna step up?,Any more of you wanna step up?
vox_plr_0_kill_blundergat_4,This is a beast of a gun!,This is a beast of a gun!
vox_plr_0_kill_blundergat_5,You ain't takin' me! Not now! Not ever!,You ain't takin' me! Not now! Not ever!
vox_plr_0_kill_blundergat_7,"Oh, I am loving this gat.","Oh, I am loving this gat."
vox_plr_0_kill_blundergat_8,"You understand I'm in a mean mood, don't you?","You understand I'm in a mean mood, don't you?"
vox_plr_0_kill_close_0,Keep your crusty mitts away from me.,Keep your crusty mitts away from me.
vox_plr_0_kill_close_1,You look hungry. Try eating some lead.,You look hungry. Try eating some lead.
vox_plr_0_kill_close_2,I bet you won't do that again.,I bet you won't do that again.
vox_plr_0_kill_close_3,You lost that fucking bet.,You lost that bet.
vox_plr_0_kill_close_4,Take my advice and don't gamble what you can't afford to~lose.,Take my advice and don't gamble what you can't afford to~lose.
vox_plr_0_kill_close_5,Who said you were invited for fucking supper?,Who said you were invited for supper?
vox_plr_0_kill_damaged_0,Don't touch me you fucking goofy looking bastard.,"Don't touch me, you goofy-looking punk!"
vox_plr_0_kill_damaged_1,You're not giving me any fucking love bites.,You're not giving me any love bites.
vox_plr_0_kill_damaged_2,"You backed the wrong horse, fucker!","You backed the wrong horse, didn't you?"
vox_plr_0_kill_damaged_3,Now that's for giving me lip.,Now that's for giving me lip.
vox_plr_0_kill_damaged_4,I'm only finishing what you started.,I'm only finishing what you started.
vox_plr_0_kill_death_machine_0,Subtle ain't in my vocabulary.,Subtle ain't in my vocabulary.
vox_plr_0_kill_death_machine_1,"Walk through my wall of death, why don't you?","Walk through my wall of death, why don't you?"
vox_plr_0_kill_death_machine_2,"This shuts you up, don't it?","This shuts you up, don't it?"
vox_plr_0_kill_death_machine_3,I got a whole lot of bullets for you fuckers!,I got a whole lot of bullets for you freaks!
vox_plr_0_kill_death_machine_4,You dumb freaks ain't got nothing on me.,You dumb freaks ain't got nothing on me.
vox_plr_0_kill_death_machine_5,You think there's a way around me? You're fucking wrong!,You think there's a way around me? You're dead wrong!
vox_plr_0_kill_death_machine_6,You just put your fucking tickets straight to hell!,You just put your fucking tickets straight to hell!
vox_plr_0_kill_death_machine_7,Wah-heh-heh-heh-heh. You can cry all you want to. It won't~change nothing!,Wah-heh-heh-heh-heh. You can cry all you want to. It won't~change nothing!
vox_plr_0_kill_explo_0,"Well, that took down a few.","Well, that took down a few."
vox_plr_0_kill_explo_1,We could do with more hits like that one.,We could do with more hits like that one.
vox_plr_0_kill_explo_2,I don't think there's gonna be much left with the smoke~clears.,I don't think there's gonna be much left with the smoke~clears.
vox_plr_0_kill_explo_3,Now that was a fucking big one.,Now that was a big one.
vox_plr_0_kill_explo_4,Nobody's walking away from that!,Nobody's walking away from that!
vox_plr_0_kill_headshot_0,He dropped like a sack of spuds.,He dropped like a sack of spuds.
vox_plr_0_kill_headshot_1,Whatever you had between the ears is gone now.,Whatever you had between the ears is gone now.
vox_plr_0_kill_headshot_2,Right in the yapper.,Right in the yapper.
vox_plr_0_kill_headshot_3,"You're a dumb bastard, you didn't even see it coming.","Didn't even see it coming, did ya, punk?"
vox_plr_0_kill_headshot_4,How'd you like that one?,How'd you like that one?
vox_plr_0_kill_headshot_5,"You got a big hole in your head, and I'm not talking about~your mouth.","You got a big hole in your head, and I'm not talking about~your mouth."
vox_plr_0_kill_headshot_6,"When you get to hell, you tell them Finn sent you.",Don't you think I can't hit you from here?
vox_plr_0_kill_headshot_7,"Take a little dirt nap, why don't you?","Take a little dirt nap, why don't you?"
vox_plr_0_kill_headshot_8,You're out of this race for good.,You're out of this race for good.
vox_plr_0_kill_insta_0,How's that for a one-punch knockout?,How's that for a one-punch knockout?
vox_plr_0_kill_insta_1,This is too fucking easy.,This is too easy.
vox_plr_0_kill_insta_2,"It's time you croaked, fucker.",It's time you croaked.
vox_plr_0_kill_insta_3,Didn't I tell you to clear off?,Didn't I tell you to clear off?
vox_plr_0_kill_insta_4,You can all kiss my Irish ass!,You can all suck a fart out of my Irish ass.
vox_plr_0_kill_ray_0,"Friend of mine in Boston had a saying, kill one, scare a~thousand.","Friend of mine in Boston had a saying, kill one, scare a~thousand."
vox_plr_0_kill_ray_1,"Whatever this thing shoots, it ain't bullets.","Whatever this thing shoots, it ain't bullets."
vox_plr_0_kill_ray_2,Quit feeling sorry for yourself. It's all over now.,Quit feeling sorry for yourself. It's all over now.
vox_plr_0_kill_ray_3,Didn't I tell you to go boil your head?,Didn't I tell you to go boil your head?
vox_plr_0_kill_ray_4,"Whatever you want to say, you can take it to the grave.","Whatever you want to say, you can take it to the grave."
vox_plr_0_kill_redeemer_0,"Just so you know, that was me.","Just so you know, that was me."
vox_plr_0_kill_redeemer_1,"Hey, how'd you like to hatch it through the head?","Hey, how'd you like to hatch it through the head?"
vox_plr_0_kill_redeemer_2,I'm glad catching this thing don't take my fingers off.,I'm glad catching this thing don't take my fingers off.
vox_plr_0_kill_redeemer_3,"And that wasn't luck, you know. I meant to do that.","And that wasn't luck, you know. I meant to do that."
vox_plr_0_kill_redeemer_4,You ought to just pack up and go home.,You ought to just pack up and go home.
vox_plr_0_kill_redeemer_5,"I don't know how it works. Frankly, I don't fucking care.","I don't know how it works. Frankly, I don't even care."
vox_plr_0_kill_redeemer_6,"Oh, this baby's a keeper for sure.","Oh, this baby's a keeper for sure."
vox_plr_0_kill_retriever_1,It's time you gobshites called it a day!,It's time you gobshites called it a day!
vox_plr_0_kill_retriever_10,You think you're bad? You ain't nothing.,You think you're bad? You ain't nothing.
vox_plr_0_kill_retriever_2,"Come back to me, baby!","Come back to me, baby!"
vox_plr_0_kill_retriever_3,Don't stop me now. I'm just getting started.,Don't stop me now. I'm just getting started.
vox_plr_0_kill_retriever_4,Fuck me! This shit is fucking great!,Wow! This axe thing is great!
vox_plr_0_kill_retriever_7,"Hey, you freaks. I'm bringing the party to you.","Hey, you freaks. I'm bringing the party to you."
vox_plr_0_kill_retriever_9,You ain't walking that one off!,You ain't walking that one off!
vox_plr_0_kill_streak_0,Looks like I'm on a winning streak.,Looks like I'm on a winning streak.
vox_plr_0_kill_streak_1,Everybody's getting stiff today.,Everybody's getting stiff today.
vox_plr_0_kill_streak_10,"Come here, little pigs. I'm the Big Bad Wolf.","Come here, little pigs. I'm the Big Bad Wolf."
vox_plr_0_kill_streak_11,I will blow your house down!,I will blow your house down!
vox_plr_0_kill_streak_12,Didn't you hear? I'm in for life!,Didn't you hear? I'm in for life!
vox_plr_0_kill_streak_13,You slack-jawed stiffs ain't stopping me from getting out.,You slack-jawed stiffs ain't stopping me from getting out.
vox_plr_0_kill_streak_2,You should learn to stay away from me.,You should learn to stay away from me.
vox_plr_0_kill_streak_3,Ashes to ashes and dust to fucking dust.,Ashes to ashes and dust to fucking dust.
vox_plr_0_kill_streak_4,Get the fuck out of here!,Get out of here!
vox_plr_0_kill_streak_5,The only parole you're getting is backdoor.,The only parole you're getting is backdoor.
vox_plr_0_kill_streak_6,I'm having a big party and you're all invited.,I'm having a big party and you're all invited.
vox_plr_0_kill_streak_7,You picked the wrong fight today.,You picked the wrong fight today.
vox_plr_0_kill_streak_8,Who else wants some?,Who else wants some?
vox_plr_0_kill_streak_9,Rest in fucking peace.,Rest in peace.
vox_plr_0_killswitch_clue_0,"I guess if we want to check out, we can do it here.","I guess if we want to check out, we can do it here."
vox_plr_0_killswitch_clue_1,Did I grab one of these before? What happened?,Did I grab one of these before? What happened?
vox_plr_0_killswitch_clue_2,Here's your shortcut to the afterlife.,Here's your shortcut to the afterlife.
vox_plr_0_need_electricity_0,I guess we need to get some power running through here.,I guess we need to get some power running through here.
vox_plr_0_need_electricity_1,This ain't gonna work without electricity.,This ain't gonna work without electricity.
vox_plr_0_need_electricity_2,We need to get this power on somehow!,We need to get this power on somehow!
vox_plr_0_nomoney_generic_0,Don't tell me I don't have dough.,Don't tell me I don't have dough.
vox_plr_0_nomoney_generic_1,What do you expect me to do? Find a loan shark?,What do you expect me to do? Find a loan shark?
vox_plr_0_nomoney_generic_2,I ain't got scratch.,I ain't got scratch.
vox_plr_0_nomoney_generic_3,Maybe you could put it on the slate.,Maybe you could put it on the slate.
vox_plr_0_nomoney_generic_4,You want sugar? I don't have it.,You want sugar? I don't have it.
vox_plr_0_nomoney_generic_5,I ain't paying for shit unless I know it's worth it.,I ain't paying jack unless I know it's worth it.
vox_plr_0_nomoney_generic_6,"Oh, fuck you! You stupid fucking thing! Why do you want~money anyway?",Stupid thing. What do you want money for anyway?
vox_plr_0_nomoney_generic_7,"You look at him, just put a boat right through you.","You look at him, just put a boat right through you."
vox_plr_0_oh_shit_0,"Ah, shit! I'm right behind the eight ball, guys!","Guys, I'm right behind the eight ball."
vox_plr_0_oh_shit_1,"I got myself in a jam, fellas!","I got myself in a jam, fellas!"
vox_plr_0_oh_shit_10,Don't be getting any ideas about taking a chunk out of me.,Don't be getting any ideas about taking a chunk out of me.
vox_plr_0_oh_shit_11,"So it's a fight you want, eh?","So it's a fight you want, eh?"
vox_plr_0_oh_shit_12,You're the ones who should be scared. I've got nothing to~lose.,You're the ones who should be scared. I've got nothing to~lose.
vox_plr_0_oh_shit_13,"Come on, I want to see how this turns out.","Come on, I want to see how this turns out."
vox_plr_0_oh_shit_2,I fucking hope someone's got my back!,I sure hope someone's got my back.
vox_plr_0_oh_shit_3,These freaks are really doing a number on me.,These freaks are really doing a number on me.
vox_plr_0_oh_shit_4,I don't like the look of these odds.,I don't like the look of these odds.
vox_plr_0_oh_shit_5,"One step closer, I'll clatter your fucking head off the~wall.","One step closer, I'll clatter your head off the wall."
vox_plr_0_oh_shit_6,"You better kill me good, you sorry-looking bastards!","You better kill me good, you sorry-looking punks."
vox_plr_0_oh_shit_7,Strength in numbers is all you got going!,Strength in numbers is all you got going!
vox_plr_0_oh_shit_8,"Sal, Billy! Where the fuck are you?","You got teeth, I got a gun! How do you think this'll end?"
vox_plr_0_oh_shit_9,"What are you all gaping at, you fucking slack-jawed sons~of bitches?",What are you all gaping at? You slack-jawed punks!
vox_plr_0_perk_generic_0,"One more for the road, eh?","One more for the road, eh?"
vox_plr_0_perk_generic_1,I'll drink to our victory.,I'll drink to our victory.
vox_plr_0_perk_generic_2,That was fuckin' diabolical. Maybe I'll get a taste for it~one day.,That was diabolical. Maybe I'll get a taste for it one~day.
vox_plr_0_perk_generic_3,"Oh, you know us Irish, we never turn down a drink.","Oh, you know us Irish, we never turn down a drink."
vox_plr_0_perk_generic_4,You sure this is uncontaminated? You can't be too careful.,You sure this is uncontaminated? You can't be too careful.
vox_plr_0_perk_generic_5,"Mmm, this is as sweet as the first batch from my first~still.","Mmm, this is as sweet as the first batch from my first~still."
vox_plr_0_perk_generic_6,"Listen, I hope this doesn't give me a bad dose.","Listen, I hope this doesn't give me a bad dose."
vox_plr_0_pick_up_egg_0,"Oh, this is something.","Oh, this is something."
vox_plr_0_pick_up_egg_1,This thing's important.,This thing's important.
vox_plr_0_pick_up_egg_2,"We're gonna need this, alright?","We're gonna need this, alright?"
vox_plr_0_pick_up_egg_3,I found something I think we're gonna need.,I found something I think we're gonna need.
vox_plr_0_plane_crash_0,"Oh, hell!","Ah, no!"
vox_plr_0_plane_flight_0,Unbelievable!,Unbelievable!
vox_plr_0_plane_takeoff_0,Which one of us is steering this thing?,Which one of us is steering this thing?
vox_plr_0_plane_takeoff_1,Get this heap airborne!,Get this heap airborne!
vox_plr_0_portal_clue_0,This is fucking freaky shit. There's like holes in the~walls.,There was a doorway of some kind and I can't find it now.
vox_plr_0_portal_clue_1,There was a doorway of some kind and I can't find it now.,There was a doorway of some kind and I can't find it now.
vox_plr_0_portal_clue_2,There was a doorway of some kind and I can't find it now.,There was a doorway of some kind and I can't find it now.
vox_plr_0_power_off_0,"Okay, I guess that blew something out.","Okay, I guess that blew something out."
vox_plr_0_power_on_0,We're in business now. Power's on.,We're in business now. Power's on.
vox_plr_0_powerup_ammo_0,That's a fantastic payday.,That's a fantastic payday.
vox_plr_0_powerup_ammo_1,"Magic bullets? Sure, I'll take your magic bullets.","Magic bullets? Sure, I'll take your magic bullets."
vox_plr_0_powerup_ammo_2,We got more lead than we know what to do with.,We got more lead than we know what to do with.
vox_plr_0_powerup_carp_0,They're only gonna tear it right down anyway.,They're only gonna tear it right down anyway.
vox_plr_0_powerup_carp_1,Looks like we caught a break. Boards are going back up.,Looks like we caught a break. Boards are going back up.
vox_plr_0_powerup_carp_2,"Why don't you tell me again why this makes sense, Weasel?","Why don't you tell me again why this makes sense, Weasel?"
vox_plr_0_powerup_double_0,Who's gonna turn down the chance to double their money?,Who's gonna turn down the chance to double their money?
vox_plr_0_powerup_double_1,I think the odds are starting to move in our favor.,I think the odds are starting to move in our favor.
vox_plr_0_powerup_double_2,Wow! Looks like we have a winner!,Wow! Looks like we have a winner!
vox_plr_0_powerup_firesale_0,Load up! The box is giving out free stuff!,Load up! The box is giving out free stuff!
vox_plr_0_powerup_firesale_1,Let's find that fucking box before the sale's over.,Let's find that box before the sale's over.
vox_plr_0_powerup_firesale_2,We got a bit of luck. Box has given out rascals for free.,We got a bit of luck. Box has given out rascals for free.
vox_plr_0_powerup_insta_0,I may just go bare knuckle on these fuckwits.,I may just go bare knuckle on these punks.
vox_plr_0_powerup_insta_1,Now's a good time to pick a fight.,Now's a good time to pick a fight.
vox_plr_0_powerup_insta_2,Never hurts to have a little luck on your side.,Never hurts to have a little luck on your side.
vox_plr_0_powerup_nuke_0,"Oh, fucking hell! That was a big one!",Whoa! That was a big one!
vox_plr_0_powerup_nuke_1,That damn deer took off the roof!,That almost took the roof off.
vox_plr_0_powerup_nuke_2,That was a fucking blast and then some more.,That was a big ol' blast and then some.
vox_plr_0_powerup_vo_carpenter_0,Carpenter!,Carpenter!
vox_plr_0_powerup_vo_double_points_0,Double Points.,Double Points.
vox_plr_0_powerup_vo_firesale_0,Fire Sale.,Fire Sale.
vox_plr_0_powerup_vo_insta-kill_0,Insta-Kill,Insta-Kill
vox_plr_0_powerup_vo_max_ammo_0,Max Ammo.,Max Ammo.
vox_plr_0_powerup_vo_nuke_0,Kaboom!,Kaboom!
vox_plr_0_purgatory_finn_var1_0,"This is all just a game, isn't it? A big, twisted, fucked~up game.","This is all just a game isn't it? A big, twisted, messed~up game."
vox_plr_0_purgatory_finn_var1_1,What am I supposed to do? Come to some great realization~about my life?,What am I supposed to do? Come to some great realization~about my life?
vox_plr_0_purgatory_finn_var1_2,I'm gonna throw myself to the ground and beg for~forgiveness.,I'm gonna throw myself to the ground and beg for~forgiveness.
vox_plr_0_purgatory_finn_var1_3,I got news for you. It's not gonna happen.,I got news for you. It's not gonna happen.
vox_plr_0_purgatory_finn_var2_0,It can't be like this forever. There has to be a way to~break the cycle.,It can't be like this forever. There has to be a way to~break the cycle.
vox_plr_0_purgatory_finn_var2_1,What did I do wrong? How do I put things right?,What did I do wrong? How do I put things right?
vox_plr_0_purgatory_finn_var2_2,What the hell do you want from me?,What do you want from me?
vox_plr_0_purgatory_finn_var3_0,I want to know the truth. I want to know who's behind~this. What they want.,I want to know the truth. I want to know who's behind~this. What they want.
vox_plr_0_purgatory_finn_var3_1,Is it because of the guard we shanked? What was so special~about him? What made him different?,Is it because of the guard we shanked? What was so special~about him? What made him different?
vox_plr_0_purgatory_finn_var3_2,"I can't change the past. I wish I could, but I just can't.","I can't change the past. I wish I could, but I just can't."
vox_plr_0_purgatory_finn_var4_0,How many more times?,How many more times?
vox_plr_0_purgatory_finn_var4_1,What do I need to understand? This is some kind of black~magic voodoo shit.,"What do I need to understand? Is it some kind of black~magic voodoo, or what?"
vox_plr_0_purgatory_finn_var4_2,Did someone make this all happen? The warden? Was it that~stuff at his office that caused all this?,Did someone make this all happen? The warden? Was it that~stuff at his office that caused all this?
vox_plr_0_rebuild_boards_0,The Irish built half this fucking country anyway.,The Irish built half this country anyway.
vox_plr_0_rebuild_boards_1,I don't expect that'll keep him out for long.,I don't expect that'll keep him out for long.
vox_plr_0_response_map_0,What does it mean? And who put it there?,What does it mean? And who put it there?
vox_plr_0_revive_player_0,"I got you, pal.","I got you, pal."
vox_plr_0_revive_player_1,Dying's the easy way out.,Dying's the easy way out.
vox_plr_0_revive_player_2,Don't you have a little accident or something?,Don't you have a little accident or something?
vox_plr_0_revive_player_3,"Believe me, I know how that feels.","Believe me, I know how that feels."
vox_plr_0_revive_player_4,You wanna be more careful.,You wanna be more careful.
vox_plr_0_scare_react_0,Fuck me!,Jeez!
vox_plr_0_scare_react_1,What the fuck?,What the?
vox_plr_0_scare_react_2,I fuckin' jumped that time!,I jumped that time.
vox_plr_0_secret_poster_0,"Well, look at that. Someone's been keeping secrets.","Well, look at that. Someone's been keeping secrets."
vox_plr_0_sidequest_all_parts_0,We're done running around. Let's get all this stuff up to~the roof.,We're done running around. Let's get all this stuff up to~the roof.
vox_plr_0_sidequest_engine_0,"Here's the engine, boys. Now what?","Here's the engine, boys. Now what?"
vox_plr_0_sidequest_key_0,Looks like we need to find the key.,Looks like we need to find the key.
vox_plr_0_sidequest_key_1,Lockdown! We need a key!,Lockdown! We need a key!
vox_plr_0_sidequest_key_2,That ain't opening without a key.,That ain't opening without a key.
vox_plr_0_sidequest_key_3,"Alright, let's go find the key.","Alright, let's go find the key."
vox_plr_0_sidequest_key_response_0,"Hey fellas, here's the key!","Hey fellas, here's the key!"
vox_plr_0_sidequest_key_response_1,At least we got ourselves a key now.,At least we got ourselves a key now.
vox_plr_0_sidequest_key_response_2,"Hey guys, they found us the key.","Hey guys, they found us the key."
vox_plr_0_sidequest_key_response_3,"Guys, I found the key.","Guys, I found the key."
vox_plr_0_sidequest_oxygen_0,"Alright, that's the oxygen tanks taken care of.","Alright, that's the oxygen tanks taken care of."
vox_plr_0_sidequest_parts1_prog_0,"Okay, only four more parts to find.","Okay, only four more parts to find."
vox_plr_0_sidequest_parts2_prog_0,"Two down, three to go.","Two down, three to go."
vox_plr_0_sidequest_parts3_prog_0,Nice work. We just need two more.,Nice work. We just need two more.
vox_plr_0_sidequest_parts4_prog_0,There's only one more part to find. Now let's go get it.,There's only one more part to find. Now let's go get it.
vox_plr_0_sidequest_rigging_0,I got the rigging. What's next?,I got the rigging. What's next?
vox_plr_0_sidequest_roof_nag_0,Shouldn't we haul this stuff up to the roof?,Shouldn't we haul this stuff up to the roof?
vox_plr_0_sidequest_sheets_0,"Hey, I found the sheets, guys.","Hey, I found the sheets, guys."
vox_plr_0_sidequest_valves_0,I found one of the parts. It's the control valves.,I found one of the parts. It's the control valves.
vox_plr_0_start_1_finn_0,What the fuck is going on?,What's going on?
vox_plr_0_start_1_finn_1,Where is everybody? Am I the only one here?,Where is everybody? Am I the only one here?
vox_plr_0_start_1_finn_2,"Well, fuck them. Because I'm getting out. Even if I have~to build that fucking plane by myself.","Alright, forget them. I'm getting out. Even if I have to~build that plane by myself."
vox_plr_0_start_1_oh_shit11_0,I'll give you a reason. It's all the Weasel's fault.,I'll give you a reason. It's all the Weasel's fault.
vox_plr_0_start_1_oh_shit2_0,Holy shit! Look! It's our bodies!,Holy cow! Look! It's our bodies!
vox_plr_0_start_1_oh_shit6_0,"Alright, alright, slow down, slow down. Let's think about~this. There's gotta be an explanation.","Alright, alright, slow down, slow down. Let's think about~this. There's gotta be an explanation."
vox_plr_0_start_2_2_3_players_0,"If it wasn't us, who built the plane?","If it wasn't us, who built the plane?"
vox_plr_0_start_2_4_player_0,This is deja vu! Didn't this happen already?,This is deja vu! Didn't this happen already?
vox_plr_0_start_2_4_player_1,Did we just die?,Did we just die?
vox_plr_0_start_2_finn_0,Back here? What is going on?,Back here? What is going on?
vox_plr_0_start_2_oh_shit10_0,What makes you so sure it's different anywhere else?,What makes you so sure it's different anywhere else?
vox_plr_0_start_2_oh_shit13_0,"Listen, I think Weasel's right. I don't want to hang~around and see what other weird shit's gonna happen.","Listen, I think Weasel's right. I don't want to hang~around and see what other weird shit's gonna happen."
vox_plr_0_start_2_oh_shit16_0,Anyone got any idea why there's fucking corpses running~around Alcatraz?,Anyone got any idea why there's corpses running around~Alcatraz?
vox_plr_0_start_3_oh_shit16_0,"Why? If we're already dead, what's the worst that can~happen?","Why? If we're already dead, what's the worst that can~happen?"
vox_plr_0_start_trap_1,This oughta thin the hurt out a little.,This oughta thin the hurt out a little.
vox_plr_0_start_trap_2,This'll take care of a few of them.,This'll take care of a few of them.
vox_plr_0_surrounded_respond_to_plr_1_0,"Fuck, Sal! What went wrong?","What went wrong, Sal?"
vox_plr_0_surrounded_respond_to_plr_1_1,"Sorry, Sal. Take your shit out of luck.",What can I say? I got enough on my own plate.
vox_plr_0_surrounded_respond_to_plr_1_2,"Take it to him, Sal!","Take it to him, Sal!"
vox_plr_0_surrounded_respond_to_plr_1_3,"I think you're screwed, Sal! Sorry, man.","I think you're screwed, Sal! Sorry, man."
vox_plr_0_surrounded_respond_to_plr_1_4,"Hold tight, I'll try to bail you out!","Hold tight, I'll try to bail you out!"
vox_plr_0_surrounded_respond_to_plr_2_0,"Enjoying the danger, Billy?","Enjoying the danger, Billy?"
vox_plr_0_surrounded_respond_to_plr_2_1,"That weren't what you planned, was it?","That weren't what you planned, was it?"
vox_plr_0_surrounded_respond_to_plr_2_2,"Billy Surrounded! Haha, this should be good!","Billy Surrounded! Haha, this should be good!"
vox_plr_0_surrounded_respond_to_plr_2_3,"You can take them, Billy! I put money on it!","You can take them, Billy! I put money on it!"
vox_plr_0_surrounded_respond_to_plr_2_4,They better back off before they make Billy angry!,They better back off before they make Billy angry!
vox_plr_0_surrounded_respond_to_plr_2_5,"I'll help if I can, Billy!","I'll help if I can, Billy!"
vox_plr_0_surrounded_respond_to_plr_2_6,"Hang in there, Billy Boy!","Hang in there, Billy Boy!"
vox_plr_0_surrounded_respond_to_plr_3_0,Weasel's about to get jacked the fuck up.,Weasel's about to get hammered.
vox_plr_0_surrounded_respond_to_plr_3_1,"Weasel, pay attention! That's what happens when you don't!","Weasel, pay attention! That's what happens when you don't!"
vox_plr_0_surrounded_respond_to_plr_3_2,"Uh-oh. Weasel, they look hungry.","Uh-oh. Weasel, they look hungry."
vox_plr_0_surrounded_respond_to_plr_3_3,Someone wanna go save Weasel's ass?,Weasel! You're on your own!
vox_plr_0_surrounded_respond_to_plr_3_4,"Oh, sorry, man. I think your days are numbered.","Oh, sorry, man. I think your days are numbered."
vox_plr_0_trailer_vo_2_0,You better be right this time.,You better be right this time.
vox_plr_0_trailer_vo_6_0,"Listen, I still ain't too sure about this plan.","Listen, I still ain't too sure about this plan."
vox_plr_0_use_gondola_0,It sure feels good to get a break.,It sure feels good to get a break.
vox_plr_0_use_gondola_1,"Okay, now we're moving!","Okay, now we're moving!"
vox_plr_0_use_gondola_2,It's time to go!,It's time to go!
vox_plr_0_use_gondola_3,This ship has sailed!,This ship has sailed!
vox_plr_0_wolf_complete_0,Was there a point to all that?,Was there a point to all that?
vox_plr_0_wolf_encounter_0,And check out the big fucking dog! This place is getting~weirder by the minute.,Check out the big dog. This place is getting weirder by~the minute.
vox_plr_0_wolf_final_0,"Looks like we're three for three, guys. Now what?","Looks like we're three for three, guys. Now what?"
vox_plr_0_wolf_kill_0,"Unless it's snappin' at us, who gives a fuck what the~wolf's doin'?",Unless it's snapping at us. Who cares what the wolf's~doing?
vox_plr_0_wpck_crappy_0,Come on. Ain't you heard of the luck of the Irish?,Come on. Ain't you heard of the luck of the Irish?
vox_plr_0_wpck_crappy_1,Are you trying to piss on my chips?,Are you trying to rain on my parade?
vox_plr_0_wpck_crappy_2,How the fuck am I supposed to fight off those goddamn~freaks with this?,How am I supposed to fight off those punks with just this?
vox_plr_0_wpck_crappy_3,What did I do wrong? Are you giving me nothing but shit?,What did I do wrong? You're giving me nothing but rubbish.
vox_plr_0_wpck_crappy_4,What do you think I just swam out the fucking river? Give~me something better!,What do you think I just swam out the fucking river? Give~me something better!
vox_plr_0_wpck_crappy_5,I think I know enough about odds to spot when they're not~in my favor.,I think I know enough about odds to spot when they're not~in my favor.
vox_plr_0_wpck_dual_0,"Oh, what a beautiful pair. You put me in mind of a doll I~knew back in Beantown.","Oh, what a beautiful pair. You put me in mind of a doll I~knew back in Beantown."
vox_plr_0_wpck_dual_1,Looks like it's time to double down.,Looks like it's time to double down.
vox_plr_0_wpck_dual_2,"Who's next? I got two bits, so you're going on ice.","Who's next? I got two bits, so you're going on ice."
vox_plr_0_wpck_dual_3,"What are the odds of that? Seriously, I want to know.","What are the odds of that? Seriously, I want to know."
vox_plr_0_wpck_dual_4,"And you know, when it comes to guns, two are most~definitely better than one.","And you know, when it comes to guns, two are most~definitely better than one."
vox_plr_0_wpck_favorite_0,Now that's more like it.,Now that's more like it.
vox_plr_0_wpck_favorite_1,"You took your sweet time, but fuck me, you did good.","You took your sweet time, but boy, you did good."
vox_plr_0_wpck_favorite_2,I got myself a pocket cannon this time.,I got myself a pocket cannon this time.
vox_plr_0_wpck_favorite_3,"The way I see it, this is just about the best gun in here.","The way I see it, this is just about the best gun in here."
vox_plr_0_wpck_favorite_4,One round from this should knock their noodles clean off.,One round from this should knock their noodles clean off.
vox_plr_0_wpck_mg_0,I'll take this heater and paste them all over the fucking~wall.,I'll paste them all over the walls with this heater.
vox_plr_0_wpck_mg_1,"You know, Sal, he loves these things. I can't say I blame~him.","You know, Sal, he loves these things. I can't say I blame~him."
vox_plr_0_wpck_mg_2,Now this is a fine looking machine gun.,Now this is a fine looking machine gun.
vox_plr_0_wpck_mg_3,"The first time I fired a machine gun, I was little more~than a punk kid.","The first time I fired a machine gun, I was little more~than a punk kid."
vox_plr_0_wpck_mg_4,A man of my taste and experience knows how to appreciate~something like this.,A man of my taste and experience knows how to appreciate~something like this.
vox_plr_0_wpck_mg_5,Machine Gun? Ain't that sweet. I thought you were gonna~screw me over for sure.,Machine Gun? Ain't that sweet. I thought you were gonna~screw me over for sure.
vox_plr_0_wpck_mg_6,Nice. This will put me in fine shape.,Nice. This will put me in fine shape.
vox_plr_0_wpck_pap_0,"Well, well, this looks a bit special.","Well, well, this looks a bit special."
vox_plr_0_wpck_pap_1,Time to bring a little more heat to this party.,Time to bring a little more heat to this party.
vox_plr_0_wpck_pap_2,Now that's more like it.,Now that's more like it.
vox_plr_0_wpck_pistol_0,"If I run out of bullets, I'll just pistol whip them.","If I run out of bullets, I'll just pistol whip them."
vox_plr_0_wpck_pistol_1,"Yeah, yeah, whatever. Just give me my fucking pistol.","Yeah, yeah, whatever. Just give me my fucking pistol."
vox_plr_0_wpck_pistol_2,I kinda thought you were gonna give me a pistol.,I kinda thought you were gonna give me a pistol.
vox_plr_0_wpck_pistol_3,That's good enough for me. I ain't one of those guys who~need a big gun to feel like a tough guy.,That's good enough for me. I ain't one of those guys who~need a big gun to feel like a tough guy.
vox_plr_0_wpck_pistol_4,That'll do it alright.,That'll do it alright.
vox_plr_0_wpck_pistol_5,"If I run out of bullets, I'll just pistol whip the~motherfuckers.","If I run out of bullets, I'll just pistol whip them."
vox_plr_0_wpck_ray_0,I can't wait to see what happens when I belt him in the~teeth with this thing.,I can't wait to see what happens when I belt him in the~teeth with this thing.
vox_plr_0_wpck_ray_1,"Hey Weasel, you have any idea what this thing is?","Hey Weasel, you have any idea what this thing is?"
vox_plr_0_wpck_ray_2,I got a feeling this will have them screaming blue murder.,I got a feeling this will have them screaming blue murder.
vox_plr_0_wpck_ray_3,"Well, well, this looks a bit special.","Well, well, this looks a bit special."
vox_plr_0_wpck_ray_4,Where the fuck did this bean shooter even come from?,Where'd this bean shooter come from?
vox_plr_0_wpck_rpg_0,This should take down a whole fucking bundle in one shot.,This should take down a whole bundle in one shot.
vox_plr_0_wpck_rpg_1,Time to bring a little more heat to this party.,Time to bring a little more heat to this party.
vox_plr_0_wpck_rpg_2,"I never laid eyes on this before. It looks like a doozy.~Fair play, box.","I never laid eyes on this before. It looks like a doozy.~Fair play, box."
vox_plr_0_wpck_rpg_3,I'll paint the fucking walls with those bastards.,I'll paint the walls with those punks.
vox_plr_0_wpck_rpg_4,"With a bit of luck, this will knock them right off the~earth.","With a bit of luck, this will knock them right off the~earth."
vox_plr_0_wpck_shot_0,"I remember a bookie who didn't fancy paying his debt, so I~used one of these fuckers to change his mind.","I remember a bookie who didn't fancy paying his debt, so I~used one of these to change his mind."
vox_plr_0_wpck_shot_1,Time to shut those fuckers up for good.,It's time to shut those punks up for good.
vox_plr_0_wpck_shot_2,I guess I was born lucky.,I guess I was born lucky.
vox_plr_0_wpck_shot_3,"I like what I see. Keep it up, box.","I like what I see. Keep it up, box."
vox_plr_0_wpck_shot_4,"Yeah, this'll do in a pinch.","Yeah, this'll do in a pinch."
vox_plr_0_wpck_smg_0,"When I let loose with this fucking thing, the Valentine's~Day Massacre is gonna look like a walk in the park.","When I let loose with this thing, the Valentine's Day~Massacre is gonna look like a walk in the park."
vox_plr_0_wpck_smg_1,A few rounds from this should teach them to keep their~mouths shut.,A few rounds from this should teach them to keep their~mouths shut.
vox_plr_0_wpck_smg_2,"Here's my philosophy. When you're in doubt, just keep~throwing lead till there's no one left standing.","Here's my philosophy. When you're in doubt, just keep~throwing lead till there's no one left standing."
vox_plr_0_wpck_smg_3,It wasn't so easy to clip a whole crew before these~fucking things came along.,It wasn't so easy to clip a whole crew before these kind~of things came along.
vox_plr_0_wpck_smg_4,Maybe this submachine gun will persuade them to back the~fuck off.,Maybe this submachine gun will persuade them to back off.
vox_plr_0_wpck_snipe_0,Don't you got anything with a higher rate of fire?,Don't you got anything with a higher rate of fire?
vox_plr_0_wpck_snipe_1,"Hey listen, Box. Don't take me for a dumb patsy. I want~the good stuff.","Hey listen, Box. Don't take me for a dumb patsy. I want~the good stuff."
vox_plr_0_wpck_snipe_2,This thing don't throw nearly enough lead for my taste.,This thing don't throw nearly enough lead for my taste.
vox_plr_0_wpck_snipe_3,"Hey, Box, what are you, playing me?","Hey, Box, what are you, playing me?"
vox_plr_0_wpck_snipe_4,"If you're gonna give me crap like this, I might as well~pull a Chuck.","Listen, if you're gonna give me garbage like this, I might~as well pull a Chuck."
vox_plr_0_zombie_arrive_gg_0,We need to get the hell off of this bridge!,We can't stay here!
vox_plr_1_ammo_low_0,I only got a few rounds left.,I only got a few rounds left.
vox_plr_1_ammo_low_1,Ammo's almost gone!,Ammo's almost gone!
vox_plr_1_ammo_low_2,I'm burning through ammo!,I'm burning through ammo!
vox_plr_1_ammo_low_3,I'm almost out of lead.,I'm almost out of lead.
vox_plr_1_ammo_low_4,Shit! Should I save the last one for myself?,Should I save the last one for myself?
vox_plr_1_ammo_out_0,"Watch my back, I'm out.","Watch my back, I'm out."
vox_plr_1_ammo_out_1,"Shit, no bullets!","Oh no, no bullets!"
vox_plr_1_ammo_out_2,I really need some lead.,I really need some lead.
vox_plr_1_ammo_out_3,No ammo? That's just fucking great.,No ammo? That's just great!
vox_plr_1_ammo_out_4,I'm all out. This is not good.,I'm all out. This is not good.
vox_plr_1_anim_intro16_0,"Once the Weasel gets the keys, we move on to stage two.","Once the Weasel gets the keys, we move on to stage two."
vox_plr_1_anim_intro17_0,Let's get moving.,Let's get moving.
vox_plr_1_anim_intro2_0,And we'll go through with another 50 if that's what it~takes.,And we'll go through with another 50 if that's what it~takes.
vox_plr_1_anim_intro26_0,"You don't say, Weasel.","You don't say, Weasel."
vox_plr_1_anim_intro3_0,"9.30, lights out, God begins his rounds.","9.30, lights out, God begins his rounds."
vox_plr_1_anim_intro4_0,"How we doing tonight, Ferguson? Family good?","How we doing tonight, Ferguson? Family good?"
vox_plr_1_anim_intro6_0,Ain't that swell?,Ain't that swell?
vox_plr_1_box_move_0,You have got to be fucking kidding me.,You have got to be kidding me!
vox_plr_1_box_move_1,I swear this fucking box is jinxed.,I swear this box is jinxed.
vox_plr_1_box_move_2,You don't think I know what you're still doing?,You don't think I know what you're still doing?
vox_plr_1_box_move_3,This shit is whacked.,This is whacked!
vox_plr_1_box_move_4,Fuck! So now I gotta find you all over again!,"Great, so now I gotta find you all over again."
vox_plr_1_box_use_0,"Hurry it up, will ya?","Hurry it up, will ya?"
vox_plr_1_box_use_1,Come on! Come on!,Come on! Come on!
vox_plr_1_box_use_2,You better give me something good.,You better give me something good.
vox_plr_1_box_use_3,How the fuck does this thing even work?,How does this thing work?
vox_plr_1_box_use_4,"Give me a Tommy Gun, come on!","Give me a Tommy Gun, come on!"
vox_plr_1_bridge_var1_4_0,"Hey Weasel, there's something you want to tell us?","Hey Weasel, there's something you want to tell us?"
vox_plr_1_bridge_var2_1_0,"This place, it's weird. I think we've been here before.","This place, it's weird. I think we've been here before."
vox_plr_1_bridge_var2_10_0,"Look, there's another one of those machines!","Look, there's another one of those machines!"
vox_plr_1_bridge_var2_3_0,New Year's Eve. It's always New Year's Eve.,New Year's Eve. It's always New Year's Eve.
vox_plr_1_bridge_var2_9_0,What the fuck is going on?,What in the world is going on?
vox_plr_1_bridge_var6_15_0,I don't think so. I don't think hell knows what to do with~us.,I don't think so. There's gotta be a way out of here.
vox_plr_1_bridge_var6_4_0,What? We did the same shit we always do. We got a routine~here.,What? We did the same thing we always do. We got a routine~here.
vox_plr_1_brutus_arrival_0,The big man's here again!,The big man's here again!
vox_plr_1_brutus_defeated_0,Get the fuck out of here! Fucking Wicked Witch of the~fucking West!,"Get out of here, you wicked witch of the West."
vox_plr_1_brutus_defeated_1,Get out of here!,Get out of here!
vox_plr_1_brutus_defeated_2,About fucking time.,About time!
vox_plr_1_brutus_encounter_0,What the fuck is that?,What is that?
vox_plr_1_brutus_reaction_0,Fuck! This is one tough son of a bitch!,This is One Tough Dead Guy.
vox_plr_1_brutus_reaction_1,You hear some of the shit that thing's saying? I think~it's Ferguson!,You hear some of the stuff that thing's saying? I think~it's Ferguson.
vox_plr_1_build_bsm_add_0,"This goes here, I guess.","This goes here, I guess."
vox_plr_1_build_bsm_add_1,It's something alright.,It's something alright.
vox_plr_1_build_bsm_add_2,Is it right?,Is it right?
vox_plr_1_build_bsm_final_0,It's finished. What the fuck does it do?,It's finished. What does it do?
vox_plr_1_build_bsm_final_1,Now all I need is one of those goofy guns.,Now all I need is one of those goofy guns.
vox_plr_1_build_bsm_final_2,Looks like something goes in here.,Looks like something goes in here.
vox_plr_1_build_bsm_pickup_0,Looks like part of some kind of machine.,Looks like part of some kind of machine.
vox_plr_1_build_bsm_pickup_1,"Hey Weasel, what did you say this thing was?","Hey Weasel, what did you say this thing was?"
vox_plr_1_build_bsm_pickup_2,"I know I need this. How I know, I don't know.","I know I need this. How I know, I don't know."
vox_plr_1_build_bsm_plc_0,"Don't ask me why, but it's like I knew it was going to~give me this.","Don't ask me why, but it's like I knew it was going to~give me this."
vox_plr_1_build_plane_0,"This thing better make it off the ground, Weasel.","This thing better make it off the ground, Weasel."
vox_plr_1_build_zs_add_0,Oh yeah. Now we're getting somewhere.,Oh yeah. Now we're getting somewhere.
vox_plr_1_build_zs_add_1,How am I meant to know if this is right? I never worked at~a shop.,How am I meant to know if this is right? I never worked at~a shop.
vox_plr_1_build_zs_add_2,Don't let those goofballs sneak up on me while I'm doing~this.,Don't let those goofballs sneak up on me while I'm doing~this.
vox_plr_1_build_zs_final_0,Weasel was right. It is a shield.,Weasel was right. It is a shield.
vox_plr_1_build_zs_final_1,"Fuckin' aces, this sure looks good.",Aces. This show looks good.
vox_plr_1_build_zs_final_2,"We got shields, guys. Come grab one.","We got shields, guys. Come grab one."
vox_plr_1_build_zs_pickup_0,"I don't know what it is, but it's something.","I don't know what it is, but it's something."
vox_plr_1_build_zs_pickup_1,This looks like it should fit into something else.,This looks like it should fit into something else.
vox_plr_1_build_zs_pickup_2,"You said we need to do this to make a shield, right~Weasel?","You said we need to do this to make a shield, right~Weasel?"
vox_plr_1_build_zs_plc_0,"Damn, now this is fucking heavy.",This is heavy.
vox_plr_1_chair_electrocution_0,"Okay, come on!","Okay, come on!"
vox_plr_1_chair1_var1_0,What the fuck is this?,What is this?
vox_plr_1_chair1_var4_0,"What you saying, Weasel?","What you saying, Weasel?"
vox_plr_1_chair2_var4_0,This is all too fucking nuts for me. First we go in and~out of spooky fucking ghost world. Now this.,This is all too crazy nuts for me. First we go in and out~of spooky ghost world. Now this?
vox_plr_1_chair3_var_3_0,"Are you fucking kidding me, Weasel?","Are you kidding me, Weasel?"
vox_plr_1_chair4_var_4_0,"Ho ho, you better be right about this, Weasel.","Ho ho, you better be right about this, Weasel."
vox_plr_1_crawler_attack_0,Keep your meat hooks off me!,Keep your meat hooks off me!
vox_plr_1_crawler_attack_1,"Still dangerous without your stems, huh?","Still dangerous without your stems, huh?"
vox_plr_1_crawler_attack_2,Ah! Get the fuck off me!,Get off me!
vox_plr_1_crawler_attack_3,Shit! Top half still biting!,Top half still biting.
vox_plr_1_crawler_attack_4,This little bastard ain't quitting.,This little run ain't quittin'.
vox_plr_1_crawler_kill_0,"End of the line, half pint.","End of the line, half pint."
vox_plr_1_crawler_kill_1,"Say goodnight, you fucking worm.","Say goodnight, you little worm."
vox_plr_1_crawler_kill_2,You was really getting on my nerves.,You was really getting on my nerves.
vox_plr_1_crawler_kill_3,Quit squealing. Sounds like a damn suck pig.,Quit squealing. You sound like a cello rat.
vox_plr_1_crawler_kill_4,Fuck you with bells on.,"Kiss off, loser."
vox_plr_1_crawler_start_0,I snap you like a pencil.,I snap you like a pencil.
vox_plr_1_crawler_start_1,Took the pinch right out from under you.,Took the pinch right out from under you.
vox_plr_1_crawler_start_2,"You got broke, you little bitch!","You got broke, you little creep!"
vox_plr_1_crawler_start_3,How the fuck are you still wiggling?,How are you still wiggling?
vox_plr_1_crawler_start_4,There's a reason you should respect me.,There's a reason you should respect me.
vox_plr_1_discover_box_0,Holy fuck! This thing looks like a fucking coffin or~something!,Check this. This thing looks like a coffin or something.
vox_plr_1_discover_trap_0,Does anyone know what this does?,Does anyone know what this does?
vox_plr_1_discover_trap_1,Did we try this thing before?,Did we try this thing before?
vox_plr_1_discover_wall_buy_0,What the fuck? A gun just appeared right out of that chalk~drawing.,What the? A gun just appeared right out of that chalk~drawing.
vox_plr_1_during_1_oh_shit7_0,There's more outside!,There's more outside!
vox_plr_1_earn_acheivement_0,Did something happen?,Did something happen?
vox_plr_1_earn_acheivement_1,What'd I do?,What'd I do?
vox_plr_1_electric_zap_0,I think we need to overload the electrical systems.,I think we need to overload the electrical systems.
vox_plr_1_electric_zap_1,One of us needs to zap that shit.,One of us needs to zap that.
vox_plr_1_end_scenario_0,I'll be a son of a bitch! Look! Those things are~protecting him!,I'll be a son of a bitch! Look! Those things are~protecting him!
vox_plr_1_end_scenario_1,"I knew you were behind this, Weasel!","I knew you were behind this, Weasel!"
vox_plr_1_end_scenario_2,Kill that rat!,Kill that rat!
vox_plr_1_end_scenario_3,So they're on your side after all.,So they're on your side after all.
vox_plr_1_find_map_0,Look at this. Locations marked on a map of the fucking~prison.,Look at this. Locations marked on a map of a prison.
vox_plr_1_find_secret_0,Where the hell is that music coming from?,Where that music coming from?
vox_plr_1_free_fall_0,AHHHH!,AHHHH!
vox_plr_1_fuel_pickup_0,Got a fuel can!,Got a fuel can!
vox_plr_1_fuel_pickup_1,We're cooking now. I found another few cans.,We're cooking now. I found another few cans.
vox_plr_1_generic_wall_buy_0,Give me that!,Give me that!
vox_plr_1_generic_wall_buy_1,"From a chalk outline, a real shooter. I ain't even gonna~ask how.","From a chalk outline, a real shooter. I ain't even gonna~ask how."
vox_plr_1_generic_wall_buy_2,"Come on, come on, come on. Hurry it up. I ain't got time~to fuck around with the box.",Hurry it up. I ain't got time to mess around with the box.
vox_plr_1_headshot_respond_generic_0,That's it! Don't let those fucking mooks get close!,That's it. Don't let those mooks get close.
vox_plr_1_headshot_respond_generic_1,That was a hell of a shot.,That was a hell of a shot.
vox_plr_1_headshot_respond_generic_2,"Oh, he felt that all right.","Oh, he felt that all right."
vox_plr_1_headshot_respond_to_plr_0_0,"I think you got lucky with that one, Finn.","I think you got lucky with that one, Finn."
vox_plr_1_headshot_respond_to_plr_0_1,"Damn, Finn! You took his head clean off!",He ain't getting up from that!
vox_plr_1_headshot_respond_to_plr_0_2,"That's some fucking good shooting right there, Finn.","That's some real good marksmanship right there, Finn."
vox_plr_1_headshot_respond_to_plr_2_0,"Yeah! Keep it up, Billy!","Yeah! Keep it up, Billy!"
vox_plr_1_headshot_respond_to_plr_2_1,"Oh, you fucking nailed them good.","Hey, nice shoe, Billy!"
vox_plr_1_headshot_respond_to_plr_2_2,"You got them really good, Billy!","You got them really good, Billy!"
vox_plr_1_headshot_respond_to_plr_3_0,"Never pegged you as a shooter, Weasel.","Never pegged you as a shooter, Weasel."
vox_plr_1_headshot_respond_to_plr_3_1,"Dumb luck, Weasel. That's all that was.","Dumb luck, Weasel. That's all that was."
vox_plr_1_headshot_respond_to_plr_3_2,So the little guy's got some fight in him.,So the little guy's got some fight in him.
vox_plr_1_headshot_respond_to_plr_3_3,"Maybe I got you all wrong, Al.","Maybe I got you all wrong, Al."
vox_plr_1_headshot_respond_to_plr_3_4,"Keep it up, Weasel!","Keep it up, Weasel!"
vox_plr_1_heal_revived_0,Guess I owe you one.,Guess I owe you one.
vox_plr_1_heal_revived_1,I had it all under control.,I had it all under control.
vox_plr_1_heal_revived_2,Don't think I couldn't take care of shit myself.,Don't think I couldn't take care of things myself.
vox_plr_1_heal_revived_3,I almost bit the big one.,I almost bit the big one.
vox_plr_1_heal_revived_4,"Okay, let's try this again.","Okay, let's try this again."
vox_plr_1_kill_acidgat_0,Which one of you fucks is next?,"Come on, come on, which one do you want to be next?"
vox_plr_1_kill_acidgat_1,"Does it burn? Ha ha, I bet it fucking burns.",Does it burn? I bet it burns.
vox_plr_1_kill_acidgat_2,Looks like I melted your stupid face right off.,Looks like I melted your stupid face right off.
vox_plr_1_kill_acidgat_3,"Sal's got the big gun now, huh?","Sal's got the big gun now, huh?"
vox_plr_1_kill_acidgat_4,"Come on, come on, come on, come on! Who's next for my~melting gun?","Come on, come on, come on, come on! Who's next for my~melting gun?"
vox_plr_1_kill_blundergat_0,You like getting cut and down?,You like getting cut and down?
vox_plr_1_kill_blundergat_1,Ha ha! You fucks are getting carved up!,Ha ha! You're all going down! You hear me? You're going~down!
vox_plr_1_kill_blundergat_2,"Hey, come on! Why don't y'all stand in a group? Save me~some time!","Hey, come on! Why don't y'all stand in a group? Save me~some time!"
vox_plr_1_kill_blundergat_3,"Oh man, Weasel wasn't kidding about this Blundergat thing.","Oh man, Weasel wasn't kidding about this Blundergat thing."
vox_plr_1_kill_blundergat_4,Fuck you and fuck your fucking kind!,"Forget you, and forget your whole kind!"
vox_plr_1_kill_blundergat_5,"Come on, come on, come on, come on! Eat it and weep,~fucking deadheaded mooks!","Eat it and weep, deadheaded mooks."
vox_plr_1_kill_blundergat_6,I ain't quitting till every one of you bastards is dead.,I ain't quitting till every one of you is dead.
vox_plr_1_kill_blundergat_7,I will tear each and every one of you a new one.,I will tear each and every one of you a new one.
vox_plr_1_kill_close_0,You should have just walked the other way.,You should have just walked the other way.
vox_plr_1_kill_close_1,Ain't no way I'm letting you take a piece of me.,Ain't no way I'm letting you take a piece of me.
vox_plr_1_kill_close_2,"Too close, motherfucker. Way too close.","Too close, goofball, way too close."
vox_plr_1_kill_close_3,Back your ass up!,Back up!
vox_plr_1_kill_close_4,You don't come near me. You get it?,You don't come near me. You get it?
vox_plr_1_kill_close_5,Did I make myself clear?,Did I make myself clear?
vox_plr_1_kill_damaged_0,Who the fuck do you think you are? Putting your filthy~paws on me?,Who do you think you are? Putting your filthy hands on me.
vox_plr_1_kill_damaged_1,You're a dead piece of shit now!,You're a dead piece of meat now!
vox_plr_1_kill_damaged_2,"You was asking for it, Greaseball!","You was asking for it, Greaseball!"
vox_plr_1_kill_damaged_3,Some folks gotta learn the hard way.,Some folks gotta learn the hard way.
vox_plr_1_kill_damaged_4,Forgiveness ain't in my vocabulary.,Forgiveness ain't in my vocabulary.
vox_plr_1_kill_death_machine_0,Keep coming. I'm ready for you.,Keep coming. I'm ready for you.
vox_plr_1_kill_death_machine_1,You ain't got nothing on this!,You ain't got nothing on this!
vox_plr_1_kill_death_machine_2,You're all getting shredded!,You're all getting shredded!
vox_plr_1_kill_death_machine_3,This is the fucking business.,This is the business.
vox_plr_1_kill_death_machine_4,Did you stand a chance? You thought wrong!,Did you stand a chance? You thought wrong!
vox_plr_1_kill_death_machine_5,"You got torn up, you dumb mooks.","You got torn up, you dumb mooks."
vox_plr_1_kill_death_machine_6,"Oh yeah, I can see why they call this the Debt Machine.","Oh yeah, I can see why they call this the Debt Machine."
vox_plr_1_kill_death_machine_7,You fuckers like being ripped up?,You creeps like being ripped up?
vox_plr_1_kill_explo_0,Those goons lit up like the Fourth of July.,Those goons lit up like the Fourth of July.
vox_plr_1_kill_explo_1,Damn! There's fucking bits of them all over the fucking~show!,There's bits of them all over the show.
vox_plr_1_kill_explo_2,Jeez! That was fucking loud! My ears are ringing like a~church bell!,"Jeez, that was loud. My ears are ringing like a church~bell."
vox_plr_1_kill_explo_3,"You just got Humpty Dumpty-fied, and no one's putting you~back together.","You just got Humpty Dumpty-fied, and no one's putting you~back together."
vox_plr_1_kill_explo_4,"Kinda wish you stayed home today, huh?","Kinda wish you stayed home today, huh?"
vox_plr_1_kill_headshot_0,Damn right you're toast!,You're toast!
vox_plr_1_kill_headshot_1,I got a few words for you. Go to hell.,I got a few words for you. Go to hell.
vox_plr_1_kill_headshot_2,Maybe I should have warned you. I'm in an evil fucking~mood today.,Maybe I should have warned you. I'm in an evil mood today.
vox_plr_1_kill_headshot_3,Right on the fucking button.,Right on the button.
vox_plr_1_kill_headshot_4,I plugged them good.,I plugged them good.
vox_plr_1_kill_headshot_5,"Your brains are all over the wall now, fucker.","Your brains are all over the wall now, freak!"
vox_plr_1_kill_headshot_6,You like that? Huh? Did you like that? Cause I fucking~did.,You like that? Huh? Do ya? Do ya? I liked it.
vox_plr_1_kill_headshot_7,"You got fucking busted, you little shit.","You got busted, you little creep."
vox_plr_1_kill_headshot_8,You learned your lesson? Don't fucking matter now. You~ain't got no head!,You learned your lesson? Don't matter now. You ain't got~no head!
vox_plr_1_kill_headshot_9,"Hey! What are you, stupid? Didn't you realize you just got~plugged?","Hey! What are you, stupid? Didn't you realize you just got~plugged?"
vox_plr_1_kill_insta_0,I know you felt that.,I know you felt that.
vox_plr_1_kill_insta_1,"I will walk right through you, motherfuckers.",I will walk right through you.
vox_plr_1_kill_insta_2,You should have stayed dead!,You should have stayed dead!
vox_plr_1_kill_insta_3,Get down! Stay down!,Get down! Stay down!
vox_plr_1_kill_insta_4,Out of my fucking way!,Out of my way!
vox_plr_1_kill_ray_0,"That fried your ass, didn't it?","That fried you, didn't it?"
vox_plr_1_kill_ray_1,Now this is a grade 8 killing machine.,Now this is a grade 8 killing machine.
vox_plr_1_kill_ray_2,You got burned bad.,You got burned bad.
vox_plr_1_kill_ray_3,You ain't coming any closer.,You ain't coming any closer.
vox_plr_1_kill_ray_4,Your fucking goose just got cooked.,Your fucking goose just got cooked.
vox_plr_1_kill_redeemer_0,"Boy, this thing's something special.","Boy, this thing's something special."
vox_plr_1_kill_redeemer_1,Nice fucking killing. Now come to Pappy.,Nice killin'. Now come to Pappy.
vox_plr_1_kill_redeemer_2,Anyone see that? That was a hell of a fucking throw!,Anyone see that? That was a really good throw.
vox_plr_1_kill_retriever_0,I'm dragging you all to hell!,I'm putting you all down.
vox_plr_1_kill_retriever_1,"Haha, hey, you got fuckin' boomerang, bitch!","Didn't even see it coming, did ya?"
vox_plr_1_kill_retriever_2,"Oh, I like this shit.","Oh, I like this."
vox_plr_1_kill_retriever_3,Don't wanna knock out your teeth?,Don't wanna knock out your teeth?
vox_plr_1_kill_retriever_4,Wanna go again? I sure do.,Wanna go again? I sure do.
vox_plr_1_kill_retriever_5,"It's pain day, freaks. You're all invited.","It's pain day, freaks. You're all invited."
vox_plr_1_kill_streak_0,You see what happens when you mess with Sal?,You see what happens when you mess with Sal?
vox_plr_1_kill_streak_1,Do you even know who I am?,Do you even know who I am?
vox_plr_1_kill_streak_10,Want to rethink your strategy?,Want to rethink your strategy?
vox_plr_1_kill_streak_11,Go to hell and stay there!,"Get away from me, you freaks!"
vox_plr_1_kill_streak_12,You goons don't stand a chance.,You goons don't stand a chance.
vox_plr_1_kill_streak_13,I aim to get off this damn rock.,I aim to get off this rock.
vox_plr_1_kill_streak_2,Come on! Come on! I ain't afraid of you!,Come on! Come on! I ain't afraid of you!
vox_plr_1_kill_streak_3,I will bury each and every last one of you.,I will bury each and every last one of you.
vox_plr_1_kill_streak_4,Maybe you didn't hear me. I'm the fucking big shot around~here.,Maybe you didn't hear me. I'm the heat around here.
vox_plr_1_kill_streak_5,"Meatwagon ain't gonna save you, boys.","Meatwagon ain't gonna save you, boys."
vox_plr_1_kill_streak_6,"I can throw lead all day long, greaseballs.","I can throw lead all day long, greaseballs."
vox_plr_1_kill_streak_7,"The way I see it, you're all just fucking meat.","The way I see it, you're all just meat."
vox_plr_1_kill_streak_8,"Bring it on, you fucks!","Bring it on, you freaks!"
vox_plr_1_kill_streak_9,You're fucking with the wrong guy.,You're messing with the wrong guy!
vox_plr_1_killswitch_clue_0,"Hey man, crazy as it sounds, I think we can use these~switches to get out of our bodies.","Hey man, crazy as it sounds, I think we can use these~switches to get out of our bodies."
vox_plr_1_killswitch_clue_1,Are these things like a way into another world?,Are these things like a way into another world?
vox_plr_1_killswitch_clue_2,Anyone thinking about checking out? I just found the right~spot.,Anyone thinking about checking out? I just found the right~spot.
vox_plr_1_need_electricity_0,This thing ain't doing shit without the juice.,This thing ain't gonna work without the juice.
vox_plr_1_need_electricity_1,We need to get the power on. Anyone want to volunteer?,We need to get the power on. Anyone want to volunteer?
vox_plr_1_nomoney_generic_0,Why the hell do you want money anyway?,Why do you want money anyway?
vox_plr_1_nomoney_generic_1,"Ain't no joy here, I'm dead broke.","Ain't no joy here, I'm dead broke."
vox_plr_1_nomoney_generic_2,Why do I need to offer up the cash anyway?,Why do I need to offer up the cash anyway?
vox_plr_1_nomoney_generic_3,I ain't got shit.,I ain't got nothing.
vox_plr_1_nomoney_generic_4,You need to see the color of my money?,You need to see the color of my money?
vox_plr_1_nomoney_generic_5,Guess this ain't happening anytime soon.,Guess this ain't happening anytime soon.
vox_plr_1_nomoney_generic_6,I oughta just bust you open.,I oughta just bust you open.
vox_plr_1_nomoney_generic_7,You think I made a fucking money?,You think I'm made of money?
vox_plr_1_oh_shit_0,Fuck! There sure is a lot of you!,There sure is a lot of you.
vox_plr_1_oh_shit_1,Damn! You bastards have been breeding?,Hey! You goons been breeding?
vox_plr_1_oh_shit_10,These bastards are all over me!,These things are all over me.
vox_plr_1_oh_shit_11,You wanna rock? Come on! Let's rock!,You wanna rock? Come on! Let's rock!
vox_plr_1_oh_shit_12,I ain't letting you fuckers near me.,You think you can take me?
vox_plr_1_oh_shit_13,I ain't letting you freaks near me.,I ain't letting you freaks near me.
vox_plr_1_oh_shit_14,Let's do it! Come on!,Let's do it! Come on!
vox_plr_1_oh_shit_2,Where the hell is everybody? I'm pissing in the wind here!,Where is everybody? I'm blowing my load here!
vox_plr_1_oh_shit_3,These fucks are really trying to tighten the screws.,These freaks are really trying to tighten the screws.
vox_plr_1_oh_shit_4,They're all over me!,They're all over me!
vox_plr_1_oh_shit_5,"This ain't gonna end well, believe me.","This ain't gonna end well, believe me."
vox_plr_1_oh_shit_6,Damn right you better stick together!,"That's right, you better stick together."
vox_plr_1_oh_shit_7,"You just keep coming, don't ya?","You just keep coming, don't ya?"
vox_plr_1_oh_shit_8,You ain't putting me in the ground!,You ain't putting me in the ground!
vox_plr_1_oh_shit_9,I ain't ready to be clipped just yet.,I ain't ready to be clipped just yet.
vox_plr_1_perk_generic_0,Hope this works better than it tastes.,Hope this works better than it tastes.
vox_plr_1_perk_generic_1,"Nah, this shit better not be poisoned.",This better not be poison.
vox_plr_1_perk_generic_2,"Ugh, sure leaves a nasty aftertaste.","Ugh, sure leaves a nasty aftertaste."
vox_plr_1_perk_generic_3,Good thing I ain't drinking it for the taste.,Good thing I ain't drinking it for the taste.
vox_plr_1_perk_generic_4,"Damn, how long has this soda been sitting here?",How long has this soda been sitting here?
vox_plr_1_perk_generic_5,Who the fuck made all these things? That's what I wanna~know.,What makes all these things? That's what I want to know.
vox_plr_1_perk_generic_6,"Ah, I needed that. Can't even remember when I last tasted~water.","Ah, I needed that. Can't even remember when I last tasted~water."
vox_plr_1_pick_up_egg_0,What is this about?,What is this about?
vox_plr_1_pick_up_egg_1,Looks like just what we were looking for.,Looks like just what we were looking for.
vox_plr_1_pick_up_egg_2,"Guys, I found something!","Guys, I found something!"
vox_plr_1_pick_up_egg_3,Ho-ho! We're gonna need this!,Ho-ho! We're gonna need this!
vox_plr_1_plane_crash_0,"Hold tight, we're flying into a storm.","Hold tight, we're flying into a storm."
vox_plr_1_plane_flight_0,"We're home free, boys!","We're home free, boys!"
vox_plr_1_plane_takeoff_0,"Come on, come on, come on, let's go! Everyone, get on now!","Come on, come on, come on, let's go! Everyone, get on now!"
vox_plr_1_plane_takeoff_1,"Let's get the hell out of here, now!",Let's get the hell out of here now!
vox_plr_1_portal_clue_0,There's like weird looking holes in some of the walls.,There's like weird looking holes in some of the walls.
vox_plr_1_portal_clue_1,Anyone else notice the portal things?,Anyone else notice the portal things?
vox_plr_1_portal_clue_2,I think there's shit we can do when we're floating around~like that.,I think there's stuff we can do when we're floating around~like that.
vox_plr_1_power_off_0,Power's off.,Power's off.
vox_plr_1_power_on_0,How's that?,How's that?
vox_plr_1_powerup_ammo_0,"This is some crazy shit, but I ain't gonna complain.","This is crazy, but I ain't gonna complain."
vox_plr_1_powerup_ammo_1,"Let's make these bullets count, guys.","Let's make these bullets count, guys."
vox_plr_1_powerup_ammo_2,"We just got loaded up, guys.","We just got loaded up, guys."
vox_plr_1_powerup_carp_0,This magic shit's boarding up the windows for us.,This magic spell's boarding up the windows for us.
vox_plr_1_powerup_carp_1,That'll hold them back for a little while.,That'll hold them back for a little while.
vox_plr_1_powerup_carp_2,We'll take all the help we can get.,We'll take all the help we can get.
vox_plr_1_powerup_double_0,Double points? This ain't a fucking game.,Double points? You think this is a game?
vox_plr_1_powerup_double_1,Now's our chance to make some serious dough.,Now's our chance to make some serious dough.
vox_plr_1_powerup_double_2,Let's do it!,Let's do it!
vox_plr_1_powerup_firesale_0,Now's our chance. Find the box and load up.,Now's our chance. Find the box and load up.
vox_plr_1_powerup_firesale_1,We gotta find the box while shit's going for a song.,We gotta find the box while this stuff is on the arm.
vox_plr_1_powerup_firesale_2,"Hey, I ain't gonna turn down free stuff.","Hey, I ain't gonna turn down free stuff."
vox_plr_1_powerup_insta_0,Let's take it to them!,Let's take it to them!
vox_plr_1_powerup_insta_1,"Alright goofballs, you're in deep shit now.","All right, goofballs, you're in trouble now."
vox_plr_1_powerup_insta_2,Bring it on!,Bring it on!
vox_plr_1_powerup_nuke_0,Holy shit! Where's that dynamite?,Whoa! Was that Dynamite?
vox_plr_1_powerup_nuke_1,Looks like we just bought ourselves some time.,Looks like we just bought ourselves some time.
vox_plr_1_powerup_nuke_2,"Fucking aces, that's just what the doctor ordered.",Aces! That's just what the doctor ordered.
vox_plr_1_powerup_vo_carpenter_0,Carpenter!,Carpenter!
vox_plr_1_powerup_vo_double_points_0,Double points!,Double points!
vox_plr_1_powerup_vo_firesale_0,Fire Sale.,Fire Sale.
vox_plr_1_powerup_vo_insta-kill_0,Insta-Kill!,Insta-Kill!
vox_plr_1_powerup_vo_max_ammo_0,Max Ammo.,Max Ammo.
vox_plr_1_powerup_vo_nuke_0,Kaboom!,Kaboom!
vox_plr_1_purgatory_sal_var1_0,All of that for nothing?,All of that for nothing?
vox_plr_1_purgatory_sal_var1_1,I am done with this stuff. You hear me? I'm done.,I am done with this stuff. You hear me? I'm done.
vox_plr_1_purgatory_sal_var1_2,"I don't know what the fuck is going on, but I ain't~playing no more.","I don't know what's going on, but I ain't playing no more."
vox_plr_1_purgatory_sal_var1_3,Either wake me up or just fucking kill me already.,Either wake me up or just kill me already!
vox_plr_1_purgatory_sal_var1_4,You hear me? I'm done.,You hear me? I'm done.
vox_plr_1_purgatory_sal_var2_0,"I got it now, Weasel. I know what you did.","I got it now, Weasel. I know what you did."
vox_plr_1_purgatory_sal_var2_1,You slipped something into my food. Something to make me~hallucinate all this.,You slipped something into my food. Something to make me~hallucinate all this.
vox_plr_1_purgatory_sal_var2_2,What I don't know is why.,What I don't know is why.
vox_plr_1_purgatory_sal_var2_3,"Yeah, I get it, Weasel. You can be damn sure you'll get it~too. Soon as I wake up.","Yeah, I get it, Weasel. You can be real sure you'll get it~too, soon as I wake up."
vox_plr_1_purgatory_sal_var3_0,Fuuuuck.,No!
vox_plr_1_purgatory_sal_var3_1,"What do you want from me, huh?","What do you want from me, huh?"
vox_plr_1_purgatory_sal_var3_2,"No, no, no. Oh, no. Is this it? Is this all there is? I~escape, but then I don't escape?","No, no, no. Oh, no. Is this it? Is this all there is? I~escape, but then I don't escape?"
vox_plr_1_purgatory_sal_var3_3,Somebody! Am I supposed to learn something from all this?,Somebody! Am I supposed to learn something from all this?
vox_plr_1_purgatory_sal_var3_4,"Answer me, damn you!",Answer me!
vox_plr_1_purgatory_sal_var4_0,So this is my punishment. The universe taking its grand~revenge for all my misdeeds.,So this is my punishment. The universe taking its grand~revenge for all my misdeeds.
vox_plr_1_purgatory_sal_var4_1,"Well, I ain't taking it. You hear me? I ain't playing~ball.","Well, I ain't taking it. You hear me? I ain't playing~ball."
vox_plr_1_purgatory_sal_var4_2,"Sure, I've done bad things in my life. I've lied, stolen,~and killed to get what I want. You know what though?","Sure, I've done bad things in my life. I've lied, stolen,~and killed to get what I want. You know what though?"
vox_plr_1_purgatory_sal_var4_3,"I don't regret a damn thing. If I had my time over, I'd do~it all again. Every fucking part of it.","I don't regret a thing. If I had my time over, I'd do it~all again. Every single part of it."
vox_plr_1_purgatory_sal_var4_4,"Show Universe, you want to know what I think?","Show Universe, you want to know what I think?"
vox_plr_1_purgatory_sal_var4_5,I think you can go fuck yourself.,I think you better get out of here.
vox_plr_1_rebuild_boards_0,Let's get this shit boarded up.,Let's get these holds boarded up.
vox_plr_1_rebuild_boards_1,This'll hold him for a while.,This'll hold him for a while.
vox_plr_1_response_map_0,It's where we'll find the parts for the plan.,It's where we'll find the parts for the plan.
vox_plr_1_revive_player_0,"Come back from the light, buddy.","Come back from the light, buddy."
vox_plr_1_revive_player_1,I thought we were gonna lose you for good.,I thought we were gonna lose you for good.
vox_plr_1_revive_player_2,"That's alright, you can do the same for me sometime.","That's alright, you can do the same for me sometime."
vox_plr_1_revive_player_3,You ain't quitting on us anytime soon.,You ain't quitting on us anytime soon.
vox_plr_1_revive_player_4,"Be more careful next time, okay?","Be more careful next time, okay?"
vox_plr_1_sal_electrocution_0,Ah!,Ah!
vox_plr_1_sal_self_0,"Hey Sal, what's the matter? You can't escape your own~guilt? Do you feel it? Deep down? Nagging? Eating away at|you?","Hey Sal, what's the matter? You can't escape your own~guilt? Do you feel it? Deep down? Nagging? Eating away at|you?"
vox_plr_1_sal_self_1,"Hey Sal, do you still hear her? Does she call to you in~the dark of the night, begging, pleading for you to stop?","Hey Sal, do you still hear her? Does she call to you in~the dark of the night, begging, pleading for you to stop?"
vox_plr_1_sal_self_2,"She was just a young girl. But that didn't stop you, did~it, Sal?","She was just a young girl. But that didn't stop you, did~it, Sal?"
vox_plr_1_sal_self_2_0,"You worked hard to get where you were, Sal.","You worked hard to get where you were, Sal."
vox_plr_1_sal_self_2_1,"All those years, pulling and pushing those guys into~shape, teaching them the value of respect.","All those years, pulling and pushing those guys into~shape, teaching them the value of respect."
vox_plr_1_sal_self_2_2,"You had to kiss ass to all those creeps in City Hall, the~mayor's office, and worst of all, Chicago's finest.","You had to kiss ass to all those creeps in City Hall, the~mayor's office, and worst of all, Chicago's finest."
vox_plr_1_sal_self_2_3,They were all too happy to take your money. Kickback after~kickback. Bribe after bribe.,They were all too happy to take your money. Kickback after~kickback. Bribe after bribe.
vox_plr_1_sal_self_2_4,"Where were they when you really needed them? You worked~hard to get where you were, Sal.","Where were they when you really needed them? You worked~hard to get where you were, Sal."
vox_plr_1_sal_self_2_5,But that was the outside. Where you were. It ain't where~you are now.,But that was the outside. Where you were. It ain't where~you are now.
vox_plr_1_sal_self_3,"You only saw blind rage. Your own insecurities boiling~over. You really think she deserved it, don't you, Sal?","You only saw blind rage. Your own insecurities boiling~over. You really think she deserved it, don't you, Sal?"
vox_plr_1_sal_self_3_0,"What do you think will be waiting for you when you get~out, Sal?","What do you think will be waiting for you when you get~out, Sal?"
vox_plr_1_sal_self_3_1,You think the city will be just as you left it? Can you~trust your lieutenants to keep order? To keep peace?,You think the city will be just as you left it? Can you~trust your lieutenants to keep order? To keep peace?
vox_plr_1_sal_self_3_2,"You know the answer to that, don't you Sal? You know human~nature. You know what greed can do.","You know the answer to that, don't you Sal? You know human~nature. You know what greed can do."
vox_plr_1_sal_self_3_3,"They'll fight like rats over every scrap of turf, every~nickel and dime.","They'll fight like rats over every scrap of turf, every~nickel and dime."
vox_plr_1_sal_self_3_4,The only thing waiting for you is chaos. Is that really~what you want?,The only thing waiting for you is chaos. Is that really~what you want?
vox_plr_1_scare_react_0,Holy shit!,Whoa!
vox_plr_1_scare_react_1,Oh!,Oh!
vox_plr_1_scare_react_2,"Oh, fuck! Almost gave me a heart attack.",Almost gave me a heart attack.
vox_plr_1_secret_poster_0,There's something behind the poster.,There's something behind the poster.
vox_plr_1_sidequest_all_parts_0,Let's get this shit up to the roof!,Let's get this stuff up to the roof.
vox_plr_1_sidequest_engine_0,"Found the engine. Damn, this thing is heavy.",Found the engine. Thing weighs a ton!
vox_plr_1_sidequest_key_0,Damn it! Ain't getting through without the master key.,Can you believe this? Ain't getting through without the~Master Key.
vox_plr_1_sidequest_key_1,Locked. Figures.,Locked. Figures.
vox_plr_1_sidequest_key_2,So I guess I need to go find the key.,So I guess I need to go find the key.
vox_plr_1_sidequest_key_3,Guess this ain't opening without the master key.,Guess this ain't opening without the master key.
vox_plr_1_sidequest_key_response_0,"All right then, we got the key.","All right then, we got the key."
vox_plr_1_sidequest_key_response_1,"We have the key, so let's get on with the fucking plan.","We got the key, so let's get on with the plan."
vox_plr_1_sidequest_key_response_2,Ha ha ha ha! Got the key! Let's go open some gates!,Ha ha ha ha! Got the key! Let's go open some gates!
vox_plr_1_sidequest_oxygen_0,"Hey guys, I found the oxygen tanks.","Hey guys, I found the oxygen tanks."
vox_plr_1_sidequest_parts1_prog_0,"One down, four to go.","One down, four to go."
vox_plr_1_sidequest_parts2_prog_0,"Now we're cooking. Keep it up, fellas.","Now we're cooking. Keep it up, fellas."
vox_plr_1_sidequest_parts3_prog_0,Over halfway. We'll get this shit done.,Over halfway. We'll get this done.
vox_plr_1_sidequest_parts4_prog_0,"Keep it up guys, we're nearly done.","Keep it up guys, we're nearly done."
vox_plr_1_sidequest_rigging_0,"Your boys did good, handsome. It was just where they said~it would be.","Your boys did good, handsome. It was just where they said~it would be."
vox_plr_1_sidequest_roof_nag_0,Are we forgetting something?,Are we forgetting something?
vox_plr_1_sidequest_sheets_0,We got the sheets. Time to move on.,We got the sheets. Time to move on.
vox_plr_1_sidequest_valves_0,Hey! I found the control valves!,Hey! I found the control valves!
vox_plr_1_start_1_oh_shit1_0,Can anyone explain to me what the fuck is going on? It~looks like someone fought a war in here.,Can anyone explain to me? What's going on? It looks like~someone fought a war in here.
vox_plr_1_start_1_oh_shit10_0,"There's gotta be an explanation, a reason for all this.","There's gotta be an explanation, a reason for all this."
vox_plr_1_start_1_oh_shit4_0,"Oh, oh. Was I just a fucking ghost a second ago? It was~like I was outside my body.",Whoa. Was I just a ghost a second ago? It was like I was~outside my body.
vox_plr_1_start_1_sal_0,Shit. I was out of my body. Looking down. Am I dead~already?,"I was out of my body, looking down. Am I dead already?"
vox_plr_1_start_1_sal_1,Guys! Where the fuck are you? You here?,"Guys, where are you? You here?"
vox_plr_1_start_1_sal_2,Shit. I gotta get out of here. Gotta find the parts with~the escape plan.,I gotta get out of here. Gotta find the parts with the~escape plan.
vox_plr_1_start_2_2_3_players_0,Let's find the fuel we need to get off this rock.,Let's find the fuel we need to get off this rock.
vox_plr_1_start_2_4_player_0,We need to stick to the plan. Listen to me. That's what we~gotta do.,We need to stick to the plan. Listen to me. That's what we~gotta do.
vox_plr_1_start_2_4_player_1,"No, I don't feel dead. Do I?","No, I don't feel dead. Do I?"
vox_plr_1_start_2_oh_shit11_0,I'm not. I just ain't waiting around here to die.,I'm not. I just ain't waiting around here to die.
vox_plr_1_start_2_oh_shit15_0,Agreed. Let's get the hell off this rock.,Agreed. Let's get off this rock.
vox_plr_1_start_2_oh_shit19_0,"Shut up, Weasel. If I say we're getting out, we're getting~out.","Shut up, Weasel. If I say we're getting out, we're getting~out."
vox_plr_1_start_2_oh_shit9_0,Listen to me! The whole wing's overrun! We need to get out~of the cell block!,Listen to me! The whole wing's overrun! We need to get out~of the cell block!
vox_plr_1_start_2_sal_0,What's going on? Wasn't I just on the bridge?,What's going on? Wasn't I just on the bridge?
vox_plr_1_start_3_oh_shit15_0,We need to stick together.,We need to stick together.
vox_plr_1_start_trap_0,Everyone stay the fuck back. I'm gonna start this shit up.,Everyone stay back. I'm gonna start this up.
vox_plr_1_start_trap_1,I say we let this thing take a little heat off us.,I say we let this thing take a little heat off us.
vox_plr_1_surrounded_respond_to_plr_0_0,"You need some backup, Finn!","You need some backup, Finn!"
vox_plr_1_surrounded_respond_to_plr_0_1,"I can't help you, Finn. Got troubles of my own.","I can't help you, Finn. Got troubles of my own."
vox_plr_1_surrounded_respond_to_plr_0_2,Someone help Finn out! He's in deep shit!,Someone help Finn out! He's in real trouble!
vox_plr_1_surrounded_respond_to_plr_0_3,"What happened, Finn? I thought you had this.","What happened, Finn? I thought you had this."
vox_plr_1_surrounded_respond_to_plr_0_4,"Shit, Finn. I'd you let that happen.","How'd you let that happen, Finn?"
vox_plr_1_surrounded_respond_to_plr_2_0,"You got this, don't you, Billy?","You got this, don't you, Billy?"
vox_plr_1_surrounded_respond_to_plr_2_1,"They want you bad, Billy!","They want you bad, Billy!"
vox_plr_1_surrounded_respond_to_plr_2_2,"Hang in there, handsome. Ain't none of us doing much~better.","Hang in there, handsome. Ain't none of us doing much~better."
vox_plr_1_surrounded_respond_to_plr_2_3,"You need some help, Billy!","You need some help, Billy!"
vox_plr_1_surrounded_respond_to_plr_2_4,"They're fucking with the wrong guy, ain't they, Billy?","They're messing with the wrong guy. Ain't they, Billy?"
vox_plr_1_surrounded_respond_to_plr_3_0,"I think your days are numbered, Weasel.","I think your days are numbered, Weasel."
vox_plr_1_surrounded_respond_to_plr_3_1,"How you gonna get out of that one, Weasel?","How you gonna get out of that one, Weasel?"
vox_plr_1_surrounded_respond_to_plr_3_2,"Need help, Weasel? Tough shit. I got troubles of my own.","Need help, Weasel? Tough luck. I got troubles of my own."
vox_plr_1_surrounded_respond_to_plr_3_3,"What do you want me to do about it, Weasel?","What do you want me to do about it, Weasel?"
vox_plr_1_surrounded_respond_to_plr_3_4,"Yo, yo, someone wanna go out and bail out the Weasel?","Yo, yo, someone wanna go out and bail out the Weasel?"
vox_plr_1_trailer_vo_3_0,"If the weasel says we're ready, then we're ready.","If the weasel says we're ready, then we're ready."
vox_plr_1_trailer_vo_7_0,"Forget about your doubts, Finn. We may not get a second~chance at this.","Forget about your doubts, Finn. We may not get a second~chance at this."
vox_plr_1_use_gondola_0,Let's get this fucking gondola moving.,Let's get this gondola moving.
vox_plr_1_use_gondola_1,Here we go!,Here we go!
vox_plr_1_wolf_complete_0,What? Looks like the dogs wandered off.,What? Looks like the dogs wandered off.
vox_plr_1_wolf_encounter_0,What the hell is a fucking wolf doing on the wall?,What is a wolf doing on the wall?
vox_plr_1_wolf_final_0,Are we meant to see something?,Are we meant to see something?
vox_plr_1_wolf_kill_0,The fucking dog's barking. What's it doing? Does it mean~something?,The dog's barking. What's it doing? Does it mean~something?
vox_plr_1_wpck_crappy_0,I can't say I'm too impressed by this.,I can't say I'm too impressed by this.
vox_plr_1_wpck_crappy_1,This is a piece of shit wrapped in more shit.,"This is garbage, wrapped in more garbage."
vox_plr_1_wpck_crappy_2,You gotta be fucking kidding me. I won't last five~minutes.,You gotta be kidding me. I won't last five minutes.
vox_plr_1_wpck_crappy_3,Need more than that? I want to put those freaks down for~good.,Need more than that? I want to put those freaks down for~good.
vox_plr_1_wpck_crappy_4,Maybe those creatures won't realize how useless this is.,Maybe those creatures won't realize how useless this is.
vox_plr_1_wpck_crappy_5,"I ought to smash you into fucking pieces, pound you with a~hammer, and set fire to what's ever left.","I ought to smash you into pieces, pound you with a hammer,~and set fire to what's ever left."
vox_plr_1_wpck_dual_0,"Two guns? Sure. I got two fucking hands, don't I?","Two guns? Sure. I got two hands, don't I?"
vox_plr_1_wpck_dual_1,"There's two things I like my hands on, boobs and shooters.","There's two things I like my hands on, boobs and shooters."
vox_plr_1_wpck_dual_2,"Reloading's gonna be a bitch, but hey, watch me.","Reloading is going to be a problem, but hey, I'll take~them."
vox_plr_1_wpck_dual_3,"Line up goons, two at a time.","Line up goons, two at a time."
vox_plr_1_wpck_dual_4,"I'll hit them with the left, I'll hit them with the right.","I'll hit them with the left, I'll hit them with the right."
vox_plr_1_wpck_favorite_0,"Hey, you know what they say, if luck ain't on your side,~you better have something that spits lead out like there's|no tomorrow.","Hey, you know what they say, if luck ain't on your side,~you better have something that spits lead out like there's|no tomorrow."
vox_plr_1_wpck_favorite_1,Joey Luciano once sold me a brewery knowing it was about~to be raided. I used one of these to renegotiate the|terms.,Joey Luciano once sold me a brewery knowing it was about~to be raided. I used one of these to renegotiate the|terms.
vox_plr_1_wpck_favorite_2,This is good. This is real good.,This is good. This is real good.
vox_plr_1_wpck_favorite_3,"Fuckin' Aces, just like the old days, back on the south~side.","Aces, just like the old days on the south side."
vox_plr_1_wpck_favorite_4,I'm gonna teach those goons a little lesson in table~manners.,I'm gonna teach those goons a little lesson in table~manners.
vox_plr_1_wpck_mg_0,Now we're talking. This is some heavy-duty shit right~here.,Now we're talking. This is some heavy-duty firepower right~here.
vox_plr_1_wpck_mg_1,This sure is the beefiest Tommy gun I ever laid eyes on.,This sure is the beefiest Tommy gun I ever laid eyes on.
vox_plr_1_wpck_mg_2,"Ooh, come to papi!","Ooh, come to papi!"
vox_plr_1_wpck_mg_3,Nice. This'll chew right through their rotten flesh.,Nice. This'll chew right through their rotten flesh.
vox_plr_1_wpck_mg_4,"Hey, imagine what we could have done if we had this kind~of firepower on the outside.","Hey, imagine what we could have done if we had this kind~of firepower on the outside."
vox_plr_1_wpck_mg_5,Not too shabby. Not too shabby at all.,Not too shabby. Not too shabby at all.
vox_plr_1_wpck_mg_6,Those damn stiffs are in for a big shock.,Those stiffs are in for a big shock!
vox_plr_1_wpck_pap_0,Don't look like any shoot I ever seen.,Don't look like any shoot I ever seen.
vox_plr_1_wpck_pap_1,"Now, I'm packing major heat.","Now, I'm packing major heat."
vox_plr_1_wpck_pap_2,This is good. This is real good.,This is good. This is real good.
vox_plr_1_wpck_pistol_0,"Alright, this should do me just fine.","Alright, this should do me just fine."
vox_plr_1_wpck_pistol_1,Sweet looking pistol box. Does it come fully loaded?,Sweet looking pistol box. Does it come fully loaded?
vox_plr_1_wpck_pistol_2,"Nah, nah, nah, nah. I appreciate the simple stuff. All~your crazy bullshit don't appeal.",I appreciate the simple stuff. All your crazy weapons~don't appeal.
vox_plr_1_wpck_pistol_3,"Hey, nice looking pistol. How about you throw in some~extra ammo for free?","Hey, nice looking pistol. How about you throw in some~extra ammo for free?"
vox_plr_1_wpck_pistol_4,Good. This is what I've been looking for.,Good. This is what I've been looking for.
vox_plr_1_wpck_ray_0,Looks like something out of one of Weasel's comic books.,Looks like something out of one of Weasel's comic books.
vox_plr_1_wpck_ray_1,Somehow I just know this little baby packs a wallop.,Somehow I just know this little baby packs a wallop.
vox_plr_1_wpck_ray_2,I reckon this thing will cook the meat right off their~bones.,I reckon this thing will cook the meat right off their~bones.
vox_plr_1_wpck_ray_3,Don't look like any shoot I ever seen.,Don't look like any shoot I ever seen.
vox_plr_1_wpck_ray_4,"Whoa, this looks like something special, all right.","Whoa, this looks like something special, all right."
vox_plr_1_wpck_rpg_0,Now this is pretty cool. It spits out grenades.,Now this is pretty cool. It spits out grenades.
vox_plr_1_wpck_rpg_1,Those goons are going down hard.,Those goons are going down hard.
vox_plr_1_wpck_rpg_2,"Now, I'm packing major heat.","Now, I'm packing major heat."
vox_plr_1_wpck_rpg_3,Let's get this shit done and done.,Let's get this done and redone.
vox_plr_1_wpck_rpg_4,Now this will bust them up.,Now this will bust them up.
vox_plr_1_wpck_shot_0,A straight up scattergun. Now you're talking my language.,A straight up scattergun. Now you're talking my language.
vox_plr_1_wpck_shot_1,"I got news for you, dumb fucks. Sal is coming to put you~in the ground.","I got news for you, dummies. Sal is coming to put you in~the ground."
vox_plr_1_wpck_shot_2,Remember the turf wars of 22? Having a 12 gauge like this~saved my behind more than once.,Remember the turf wars of 22? Having a 12 gauge like this~saved my behind more than once.
vox_plr_1_wpck_shot_3,I used one of these when I pulled my first heist. Good~memories.,I used one of these when I pulled my first heist. Good~memories.
vox_plr_1_wpck_shot_4,This'll do me fine.,This'll do me fine.
vox_plr_1_wpck_smg_0,Can't beat an old-fashioned Tommy Gun.,Can't beat an old-fashioned Tommy Gun.
vox_plr_1_wpck_smg_1,"Hey, my old outfit used to use these to muscle Chicago's~bootlegging operation from the Irish.","Hey, my old outfit used to use these to muscle Chicago's~bootlegging operation from the Irish."
vox_plr_1_wpck_smg_2,"Hey, big heaters are right in my wheelhouse.","Hey, big heaters are right in my wheelhouse."
vox_plr_1_wpck_smg_3,"Where I'm from, we call this a Chicago typewriter. Guess~what? I got some words for ya!","Where I'm from, we call this a Chicago typewriter. Guess~what? I got some words for ya!"
vox_plr_1_wpck_smg_4,Now this is something I could actually rely on.,Now this is something I could actually rely on.
vox_plr_1_wpck_snipe_0,"Excuse me, do I look like the kind of guy who wants to~spend time looking down a scoop?","Excuse me, do I look like the kind of guy who wants to~spend time looking down a scoop?"
vox_plr_1_wpck_snipe_1,"Hey, at least I won't get blood and shit on me if I keep~my distance.",At least I won't get blood and guts on me if I keep my~distance.
vox_plr_1_wpck_snipe_2,Now this is a long-ass rifle. Don't see this being much~use.,What's with this long rifle? Don't see this being of much~use.
vox_plr_1_wpck_snipe_3,I'd rather have something that spits out a shit ton of~lead.,I'd rather have something that spits out a ton of lead.
vox_plr_1_wpck_snipe_4,You have any idea just how many of those goons are in~here?,You have any idea just how many of those goons are in~here?
vox_plr_1_zombie_arrive_gg_0,Those monsters are on the bridge too!,Those monsters are on the bridge too!
vox_plr_1_zombie_arrive_gg_1,Those monsters are on the bridge too!,Those monsters are on the bridge too!
vox_plr_2_ammo_low_0,Running out of ammo. Fast.,Running out of ammo. Fast.
vox_plr_2_ammo_low_1,I need to find ammo real fucking soon!,I need to find ammo real soon!
vox_plr_2_ammo_low_2,I'm running real low on bullets now!,I'm running real low on bullets now!
vox_plr_2_ammo_low_3,Shit's about to get ugly if I don't get some more lead.,Things are gonna get ugly if I don't get some more lead.
vox_plr_2_ammo_low_4,"Once my ammo's gone, things are gonna get interesting.","Once my ammo's gone, things are gonna get interesting."
vox_plr_2_ammo_out_0,"All right, knife only.","All right, knife only."
vox_plr_2_ammo_out_1,Don't you fucks expect mercy just cause I'm out of~bullets.,Don't you expect mercy just cause I'm out of bullets.
vox_plr_2_ammo_out_2,I want some ammo right fucking now!,I want some ammo right now!
vox_plr_2_ammo_out_3,I'll use freak teeth for bullets if I have to!,I'll use freak teeth for bullets if I have to!
vox_plr_2_ammo_out_4,"This is getting old. I want ammo, dammit!",This is getting old! I want ammo here!
vox_plr_2_anim_intro10_0,"You gonna shut em up, or do I gotta do it?","You gonna shut em up, or do I gotta do it?"
vox_plr_2_anim_intro18_0,"Here you go, fellas. Courtesy of the Warden's Private~Collection.","Here you go, fellas. Courtesy of the Warden's Private~Collection."
vox_plr_2_anim_intro20_0,Of course they fucking did.,Of course they did.
vox_plr_2_anim_intro22_0,"You've been in the joint too long, Al. You've forgotten~how to get shit done.","You've been in the joint too long, Al. You've forgotten~how to get things done."
vox_plr_2_anim_intro24_0,What the fuck?,What the?
vox_plr_2_anim_intro9_0,"9.35, the Weasel launches into a song and dance routine.","9.35, the Weasel launches into a song and dance routine."
vox_plr_2_billy_electrocution_0,AAAAH!,AAAAH!
vox_plr_2_billy_self_0,"You always seem like such a sweet boy, Billy.","You always seem like such a sweet boy, Billy."
vox_plr_2_billy_self_1,Losing your mother must have been so hard for you. So~young. So beautiful.,Losing your mother must have been so hard for you. So~young. So beautiful.
vox_plr_2_billy_self_2,Everyone told you how brave you were. Everyone but your~father.,Everyone told you how brave you were. Everyone but your~father.
vox_plr_2_billy_self_2_0,"Daddy had no idea, did he, Billy? Just a hard-working Joe,~trying to put food on the table for his wife and son.","Daddy had no idea, did he, Billy? Just a hard-working Joe,~trying to put food on the table for his wife and son."
vox_plr_2_billy_self_2_1,He thought he was the only one bringing money into the~house. He had no idea what was really going on.,He thought he was the only one bringing money into the~house. He had no idea what was really going on.
vox_plr_2_billy_self_2_2,"You knew, didn't you? You saw and you heard everything.","You knew, didn't you? You saw and you heard everything."
vox_plr_2_billy_self_2_3,"Even as a lost little boy, you knew what the truth would~do if it ever came out.","Even as a lost little boy, you knew what the truth would~do if it ever came out."
vox_plr_2_billy_self_2_4,"It had to end sometime, Billy. You just happened to be the~one who ended it.","It had to end sometime, Billy. You just happened to be the~one who ended it."
vox_plr_2_billy_self_3,"Do you think he knew the truth, Billy? What really went on~in that cold, dark heart of yours?","Do you think he knew the truth, Billy? What really went on~in that cold, dark heart of yours?"
vox_plr_2_billy_self_3_0,"It's ironic, isn't it, Billy? The harder you try not to~feel anything, the more it actually hurts.","It's ironic, isn't it, Billy? The harder you try not to~feel anything, the more it actually hurts."
vox_plr_2_billy_self_3_1,You used to think you could push it all onto someone else.~Someone who actually deserved it.,You used to think you could push it all onto someone else.~Someone who actually deserved it.
vox_plr_2_billy_self_3_2,So many victims. So much pain.,So many victims. So much pain.
vox_plr_2_billy_self_3_3,"But you can't push it away, can you? Even when you hurt~others, it doesn't make it stop, does it?","But you can't push it away, can you? Even when you hurt~others, it doesn't make it stop, does it?"
vox_plr_2_billy_self_3_4,"You ought to just accept what you are, Billy. A monster.","You ought to just accept what you are, Billy. A monster."
vox_plr_2_box_move_0,That's just fucking great!,That's just great!
vox_plr_2_box_move_1,"I'll track you down, box! Ain't no doubt about that!","I'll track you down, box! Ain't no doubt about that!"
vox_plr_2_box_move_2,"Ah, I should have known you'd screw me over!","Ah, I should have known you'd screw me over!"
vox_plr_2_box_move_3,There's somewhere you gotta be!,There's somewhere you gotta be!
vox_plr_2_box_move_4,Hey! Who said you could leave?,Hey! Who said you could leave?
vox_plr_2_box_use_0,"I'm not really a patient man, you know.","I'm not really a patient man, you know."
vox_plr_2_box_use_1,"Ugh, what's taking so damn long?",Let's take it so long!
vox_plr_2_box_use_2,"Make sure it's worth the wait, box.","Make sure it's worth the wait, box."
vox_plr_2_box_use_3,I got better things to do than wait for this shit!,I got better things to do than to wait for this!
vox_plr_2_box_use_4,Is Weasel the only one who gets how this works?,Is Weasel the only one who gets how this works?
vox_plr_2_bridge_var1_2_0,"How come you know so much about all this, Weasel?","How come you know so much about all this, Weasel?"
vox_plr_2_bridge_var2_11_0,Where's the traffic? Where's everything else?,Where's the traffic? Where's everything else?
vox_plr_2_bridge_var2_4_0,"How hard you land, Sal. You ain't making any sense.","How hard you land, Sal. You ain't making any sense."
vox_plr_2_bridge_var2_7_0,"Least we know, the rest of the world has to be okay.","Least we know, the rest of the world has to be okay."
vox_plr_2_bridge_var5_5_0,"The hell are you talking about, Weasel?","What are you talking about, Weasel?"
vox_plr_2_bridge_var6_11_0,You brought us here. You killed the guard. You started~this whole thing. What the fuck did you do to us?,You brought us here. You killed the guard. You started~this whole thing. Just what did you do to us?
vox_plr_2_bridge_var6_14_0,Why do we keep doing the same shit over and over? Are we~in hell?,Why do we keep doing the same things over and over? Are we~stuck here?
vox_plr_2_bridge_var6_2_0,"What are you saying, Weasel?","What are you saying, Weasel?"
vox_plr_2_bridge_var6_9_0,"What do you mean again? What do you know, Weasel?","What do you mean again? What do you know, Weasel?"
vox_plr_2_brutus_arrival_0,Fuck me! Here comes that massive son of a bitch again!,Here comes the big guy again!
vox_plr_2_brutus_defeated_0,It's about fucking time that bastard went down.,About time that big freak went down.
vox_plr_2_brutus_defeated_1,He's down for the count.,He's down for the count.
vox_plr_2_brutus_defeated_2,"When you come back, I'll be right here waiting for you!","When you come back, I'll be right here waiting for you!"
vox_plr_2_brutus_encounter_0,Something's coming. Something big!,Something's coming. Something big!
vox_plr_2_brutus_reaction_0,"What is he, like the fucking boss of the dead or~something?",Is he like the boss of the dead or something?
vox_plr_2_brutus_reaction_1,Keep on him! Don't let that fucker get close!,Keep on him! Don't let him get close!
vox_plr_2_build_bsm_add_0,"That fits, I guess.","That fits, I guess."
vox_plr_2_build_bsm_add_1,What the? What am I making?,What the? What am I making?
vox_plr_2_build_bsm_add_2,Better be worth the effort.,Better be worth the effort.
vox_plr_2_build_bsm_final_0,Some kind of machine. How do I turn it on?,Some kind of machine. How do I turn it on?
vox_plr_2_build_bsm_final_1,"Ah, I think I remember. I need to put the gat inside.","Ah, I think I remember. I need to put the gat inside."
vox_plr_2_build_bsm_final_2,Ha ha! This thing is ready to roll!,Ha ha! This thing is ready to roll!
vox_plr_2_build_bsm_pickup_0,"You sure this is important, Weasel?","You sure this is important, Weasel?"
vox_plr_2_build_bsm_pickup_1,I've seen this before. It's part of something.,I've seen this before. It's part of something.
vox_plr_2_build_bsm_pickup_2,"Ah, this may be useful. Fuck knows what for!","This may be useful. Don't know what for, though."
vox_plr_2_build_bsm_plc_0,I fucking love this thing!,I love this thing!
vox_plr_2_build_plane_0,"Come on, hurry it up!","Come on, hurry it up!"
vox_plr_2_build_zs_add_0,That's a start.,That's a start.
vox_plr_2_build_zs_add_1,This little project's really coming along.,This little project's really coming along.
vox_plr_2_build_zs_add_2,Watch my back while I put this together.,Watch my back while I put this together.
vox_plr_2_build_zs_add_3,Guess it's a shield.,Guess it's a shield.
vox_plr_2_build_zs_final_0,"Done and done, boys.","Done and done, boys."
vox_plr_2_build_zs_final_1,"Hey guys, you may want to grab one of these.","Hey guys, you may want to grab one of these."
vox_plr_2_build_zs_pickup_0,"Ah, with a few more parts, this could be something good.","Ah, with a few more parts, this could be something good."
vox_plr_2_build_zs_pickup_1,"This is a piece of something, and I ain't talking about~shit.","This is a piece of something, all right."
vox_plr_2_build_zs_pickup_2,I think I'll hold on to this. Maybe I'll figure out why.,I think I'll hold on to this. Maybe I'll figure out why.
vox_plr_2_build_zs_plc_0,Don't mind if I fucking do.,Don't mind if I do.
vox_plr_2_chair_electrocution_0,Let's get this done right now!,Let's get this done right now!
vox_plr_2_chair1_var2_0,How the fuck are there electric chairs on the fucking~bridge?,How are there electric chairs on the Golden Gate Bridge?
vox_plr_2_chair2_var1_0,Electric chairs! What the fuck?!,Electric chairs! What the...
vox_plr_2_chair3_var_3_0,"If you're wrong, I will haunt you forever, Weasel.","If you're wrong, I will haunt you forever, Weasel."
vox_plr_2_chair4_var_4_0,We're meant to electrocute ourselves?,We're meant to electrocute ourselves?
vox_plr_2_crawler_attack_0,Little fucker still hungry.,Little runt still hungry.
vox_plr_2_crawler_attack_1,Knock it off! I'll kill you when I feel like it!,Knock it off! I'll kill you when I feel like it!
vox_plr_2_crawler_attack_2,You still here? I thought you would have died by now!,You still here? I thought you would have died by now!
vox_plr_2_crawler_attack_3,"Get off me, you ugly little runt!","Get off me, you ugly little runt!"
vox_plr_2_crawler_attack_4,Do I need to stomp your head to the fucking ground?,Do I need to stomp your head to the ground?
vox_plr_2_crawler_kill_0,Shut up!,Shut up!
vox_plr_2_crawler_kill_1,"Lights out, freak baby!","Lights out, freak baby!"
vox_plr_2_crawler_kill_2,"Ah, fun's over, short stuff.","Ah, fun's over, short stuff."
vox_plr_2_crawler_kill_3,I ain't keeping you as a pet!,I ain't keeping you as a pet!
vox_plr_2_crawler_kill_4,"Smile, it ain't that bad.","Smile, it ain't that bad."
vox_plr_2_crawler_start_0,I've done this before. Believe me.,I've done this before. Believe me.
vox_plr_2_crawler_start_1,How long do you live after you've been snapped in half?,How long do you live after you've been snapped in half?
vox_plr_2_crawler_start_2,Still alive? Good. I can watch you suffer.,Still alive? Good. I can watch you suffer.
vox_plr_2_crawler_start_3,"Ah, this is fun! He's crawling around looking for his~legs!","Ah, this is fun! He's crawling around looking for his~legs!"
vox_plr_2_crawler_start_4,Why don't you just bleed out?,Why don't you just bleed out?
vox_plr_2_discover_box_0,"Guys, you gotta see this. I think I just found Pandora's~fucking box.","Guys, you gotta see this. I think I just found Pandora's~box."
vox_plr_2_discover_trap_0,"Ah, this looks like it'll be fun!","Ah, this looks like it'll be fun!"
vox_plr_2_discover_trap_1,This should liven things up a little.,This should liven things up a little.
vox_plr_2_discover_wall_buy_0,This shit is nuts! Guns appear out of thin air!,This is amazing! Guns appear out of thin air!
vox_plr_2_during_1_oh_shit8_0,They're coming through the damn windows!,They're coming through the windows!
vox_plr_2_earn_acheivement_0,Was it something I did?,Was it something I did?
vox_plr_2_earn_acheivement_1,I do this for my own amusement.,I do this for my own amusement.
vox_plr_2_electric_zap_0,We did this before. We gotta fry the electrics.,We did this before. We gotta fry the electrics.
vox_plr_2_electric_zap_1,"Let me guess, we need to shoot it with lightning bolts?","Let me guess, we need to shoot it with lightning bolts?"
vox_plr_2_electric_zap_2,How about you tell me exactly what it is I need to do?,How about you tell me exactly what it is I need to do?
vox_plr_2_end_scenario_0,"This is your fault, Weasel!","This is your fault, Weasel!"
vox_plr_2_end_scenario_1,You're gonna die for real this time!,You're gonna die for real this time!
vox_plr_2_find_map_0,"Guys, you better take a look at this.","Guys, you better take a look at this."
vox_plr_2_find_secret_0,"I guess we got a tune to work to, fellas.","I guess we got a tune to work to, fellas."
vox_plr_2_free_fall_0,AHHHH!,AHHHH!
vox_plr_2_fuel_pickup_0,Here's one of the gas cans!,Here's one of the gas cans!
vox_plr_2_fuel_pickup_1,Some more fuel here.,Some more fuel here.
vox_plr_2_generic_wall_buy_0,I ain't patient enough to look for anything better.,I ain't patient enough to look for anything better.
vox_plr_2_generic_wall_buy_1,This'll do me just fine.,This'll do me just fine.
vox_plr_2_generic_wall_buy_2,One of these is all I need.,One of these is all I need.
vox_plr_2_headshot_respond_generic_0,You're busting a skull wide open!,You're busting a skull wide open!
vox_plr_2_headshot_respond_generic_1,That was right between the eyes.,That was right between the eyes.
vox_plr_2_headshot_respond_generic_2,"Ah, he should've worn a fucking helmet!",Ha ha! He should have worn a helmet!
vox_plr_2_headshot_respond_generic_3,He ain't gonna forget that one!,He ain't gonna forget that one!
vox_plr_2_headshot_respond_to_plr_0_0,"You're a lucky bastard sometimes, Finn.","You're lucky sometimes, Finn."
vox_plr_2_headshot_respond_to_plr_0_1,Looks like Finn's kicking ass!,"Do it again, Finn. Headshots never get old."
vox_plr_2_headshot_respond_to_plr_0_2,"Don't you want to tease them a little, Finn?","Don't you want to tease them a little, Finn?"
vox_plr_2_headshot_respond_to_plr_1_0,"Damn, Sal, you still got it!","You shouldn't have let him come closer, Sal."
vox_plr_2_headshot_respond_to_plr_1_1,"Ah, hit the sweet spot that time, Sal.","Ah, hit the sweet spot that time, Sal."
vox_plr_2_headshot_respond_to_plr_1_2,"You having fun, Sal, or what?","You having fun, Sal, or what?"
vox_plr_2_headshot_respond_to_plr_1_3,"Hey Sal, leave some for me!","Hey Sal, leave some for me!"
vox_plr_2_headshot_respond_to_plr_3_0,"Fuck, Weasel! How'd you manage that?","How'd you manage that, Weasel?"
vox_plr_2_headshot_respond_to_plr_3_1,"Maybe I underestimated you, Weasel.","Maybe I underestimated you, Weasel."
vox_plr_2_headshot_respond_to_plr_3_2,"You're turning into a real killer, Weasel!","You're turning into a real killer, Weasel!"
vox_plr_2_headshot_respond_to_plr_3_3,Were you even aiming or did you just get lucky?,Were you even aiming or did you just get lucky?
vox_plr_2_headshot_respond_to_plr_3_4,"That's it, Weasel! Shoot him in the fucking head!","That's it, Weasel! Shoot him in the head!"
vox_plr_2_heal_revived_0,I knew what I was doing.,I knew what I was doing.
vox_plr_2_heal_revived_1,"If I want help, I'll ask for it.","If I want help, I'll ask for it."
vox_plr_2_heal_revived_2,Good to know you're looking out for me.,Good to know you're looking out for me.
vox_plr_2_heal_revived_3,I thought you'd put me on ice.,I thought you'd put me on ice.
vox_plr_2_heal_revived_4,Thanks. I was getting bored.,Thanks. I was getting bored.
vox_plr_2_kill_acidgat_0,Ah! I'm keeping this shooter for sure!,Ah! I'm keeping this shooter for sure!
vox_plr_2_kill_acidgat_1,Which one of you wants to be next?,Which one of you wants to be next?
vox_plr_2_kill_acidgat_2,"Awww, hurts, don't it?","Awww, hurts, don't it?"
vox_plr_2_kill_acidgat_3,You fucks ought to just quit while I'm feeling merciful!~Ha ha!,"You ought to just quit while I'm feeling merciful, boys!"
vox_plr_2_kill_acidgat_4,"How much did that hurt, huh? I wanna know.","How much did that hurt, huh? I wanna know."
vox_plr_2_kill_acidgat_5,"Rush me! Go on, rush me!","Rush me! Go on, rush me!"
vox_plr_2_kill_acidgat_6,Ain't no one walking away from this!,Ain't no one walking away from this!
vox_plr_2_kill_blundergat_0,Fuck me! This shit is fucking great!,This shooter is great!
vox_plr_2_kill_blundergat_1,Anything left over can just crawl away and die.,Anything left over can just crawl away and die.
vox_plr_2_kill_blundergat_2,You're fucking gutted like fucking fish!,You're getting gutted like fish!
vox_plr_2_kill_blundergat_3,"Keep coming, fuckers! You're all headed the same way!",Keep coming! You're all headed the same way!
vox_plr_2_kill_blundergat_4,"Best fucking shooter out the box, bar none.","Best shooter out the box, bar none."
vox_plr_2_kill_blundergat_5,I AIN'T FUCKING AROUND!,I ain't playing around!
vox_plr_2_kill_blundergat_6,"You got guts walking in front of me, asshole!","You got guts walking in front of me, asshole!"
vox_plr_2_kill_blundergat_7,I ain't ever getting tired of this!,I ain't ever getting tired of this!
vox_plr_2_kill_blundergat_8,Don't you get it? This is what I do!,Don't you get it? This is what I do!
vox_plr_2_kill_close_0,"You fucking crossed the fucking line, fuckhead!",You crossed the line!
vox_plr_2_kill_close_1,Don't even think about it!,Don't even think about it!
vox_plr_2_kill_close_2,You gonna beg for mercy?,You gonna beg for mercy?
vox_plr_2_kill_close_3,Look me in the eye next time!,Look me in the eye next time!
vox_plr_2_kill_close_4,You wandered into the wrong neighborhood.,You wandered into the wrong neighborhood.
vox_plr_2_kill_close_5,"Feels good, don't it?","Feels good, don't it?"
vox_plr_2_kill_damaged_0,Maybe I should have toyed with you a little longer.,Maybe I should have toyed with you a little longer.
vox_plr_2_kill_damaged_1,Damn right you better fall down!,"That's right, you better fall down!"
vox_plr_2_kill_damaged_2,"Say goodnight, bitch!",Say goodnight!
vox_plr_2_kill_damaged_3,Get up! I'm not done with you!,Get up! I'm not done with you!
vox_plr_2_kill_damaged_4,You owe me a blood debt!,You owe me a blood debt!
vox_plr_2_kill_death_machine_0,"Step right up, freaks! I got all the time in the world!","Step right up, freaks! I got all the time in the world!"
vox_plr_2_kill_death_machine_1,This really is too easy!,This really is too easy!
vox_plr_2_kill_death_machine_2,I love to watch your guts spilling on the floor.,I love to watch your guts spilling on the floor.
vox_plr_2_kill_death_machine_3,"Oh boy, I'm keeping this fucking thing.","Oh, I'm keeping this thing."
vox_plr_2_kill_death_machine_4,You dumb fucks don't stand a chance.,You dummies don't stand a chance against me!
vox_plr_2_kill_death_machine_5,I got this. What do you got?,I got this. What do you got?
vox_plr_2_kill_death_machine_6,I will chew you up and spit you out.,I will chew you up and spit you out.
vox_plr_2_kill_death_machine_7,"Fucked you good, didn't I?","Gotcha good, huh?"
vox_plr_2_kill_death_machine_8,Scream louder! I can't hear you!,Scream louder! I can't hear you!
vox_plr_2_kill_explo_0,That's one way to do it! I can think of plenty more!,That's one way to do it! I can think of plenty more!
vox_plr_2_kill_explo_1,That could have been worse. A lot worse.,That could have been worse. A lot worse.
vox_plr_2_kill_explo_2,Is there anything left after that?,Is there anything left after that?
vox_plr_2_kill_explo_3,That'll do it!,That'll do it!
vox_plr_2_kill_explo_4,You die quick in an explosion. Wish it had been a fire.,You die quick in an explosion. Wish it had been a fire.
vox_plr_2_kill_headshot_0,I don't think you even felt that!,I don't think you even felt that!
vox_plr_2_kill_headshot_1,This ain't nothing new to me!,This ain't nothing new to me!
vox_plr_2_kill_headshot_2,Should've come closer. Let me see you bleed.,Should've come closer. Let me see you bleed.
vox_plr_2_kill_headshot_3,I took your damn head off with that one!,I took your head off with that one!
vox_plr_2_kill_headshot_4,"Come closer, I dare ya!","Come closer, I dare ya!"
vox_plr_2_kill_headshot_5,You even know what a button man is?,You even know what a button man is?
vox_plr_2_kill_headshot_6,Go fuck yourself!,Go kill yourself!
vox_plr_2_kill_headshot_7,"Cracked your skull wide open with that one, didn't I?","Cracked your skull wide open with that one, didn't I?"
vox_plr_2_kill_headshot_8,Another dumb bastard bites it!,Another dumb freak bites it.
vox_plr_2_kill_headshot_9,"Ah, did it hurt? I hope so!","Ah, did it hurt? I hope so!"
vox_plr_2_kill_insta_0,I will carve my fucking name in your face!,I will carve my name in your face!
vox_plr_2_kill_insta_1,Talk to the knife!,Talk to the knife!
vox_plr_2_kill_insta_2,"I like blades, they're more personal!","I like blades, they're more personal!"
vox_plr_2_kill_insta_3,Eat shit and die!,Eat it and die!
vox_plr_2_kill_insta_4,Billy likes to hurt you!,Billy likes to hurt you!
vox_plr_2_kill_ray_0,This is a nice fucking heater!,This is a nice heater!
vox_plr_2_kill_ray_1,That make your blood boil?,That make your blood boil?
vox_plr_2_kill_ray_2,"Kinda like throwing you on a fire, huh?","Kinda like throwing you on a fire, huh?"
vox_plr_2_kill_ray_3,"Ah, I'm having a good time. What about you?","Ah, I'm having a good time. What about you?"
vox_plr_2_kill_ray_4,Wanna try that again? Too bad you can't!,Wanna try that again? Too bad you can't!
vox_plr_2_kill_redeemer_0,It's just fucking crazy! I fucking love this thing!,This is crazy! I love this thing!
vox_plr_2_kill_redeemer_1,"Oh, I like how this shit comes right back to me.",I like how this comes right back to me.
vox_plr_2_kill_redeemer_2,You bitches are getting cleaved!,You slobs are getting cleaved!
vox_plr_2_kill_redeemer_3,Come on! Come on! I want to chop you all into little~fucking pieces!,"Come on, I want to chop you all to pieces!"
vox_plr_2_kill_redeemer_4,I ain't never letting this fucker go!,I ain't never letting this go!
vox_plr_2_kill_retriever_0,Right in the fucking teeth!,Right in the teeth!
vox_plr_2_kill_retriever_1,"Ooh, I like this magic shit!",I like this magic weapon!
vox_plr_2_kill_retriever_2,"Newsflash, dummy! You got fucked up!","Newsflash, dummy! You got messed up!"
vox_plr_2_kill_retriever_3,"Guys, you seeing this shit?","Guys, you seeing this?"
vox_plr_2_kill_retriever_4,"Oh, I want to let this loose on a big crowd!","Oh, I want to let this loose on a big crowd!"
vox_plr_2_kill_retriever_5,You wanna go again? I sure do!,You wanna go again? I sure do!
vox_plr_2_kill_retriever_6,"You like my magic fucking hatchet, douchebag?",You like my magic hatchet?
vox_plr_2_kill_streak_0,You fucks don't seem to understand! I'm enjoying this!,You creeps don't seem to understand. I'm enjoying this!
vox_plr_2_kill_streak_1,"This is what I do. Day in, day out.","This is what I do. Day in, day out."
vox_plr_2_kill_streak_10,"Come on, who's next?","Come on, who's next?"
vox_plr_2_kill_streak_11,You starting to see how this works yet?,You starting to see how this works yet?
vox_plr_2_kill_streak_12,Get the fuck out of my way!,Get out of my way!
vox_plr_2_kill_streak_13,"Back off, freaks! I got shit to do!","Back off, freaks! I got things to do!"
vox_plr_2_kill_streak_2,Scream for me!,Scream for me!
vox_plr_2_kill_streak_3,Just keep coming. It's all gravy.,Just keep coming. It's all gravy.
vox_plr_2_kill_streak_4,"Fuck with me, I'll fuck you right back!","Mess with me, I'll mess you up worse!"
vox_plr_2_kill_streak_5,You like that? I sure did!,You like that? I sure did!
vox_plr_2_kill_streak_6,You think you're the monsters? You're dead wrong!,You think you're the monsters? You're dead wrong!
vox_plr_2_kill_streak_7,Meet for the grinder! That's all you are!,Meet for the grinder! That's all you are!
vox_plr_2_kill_streak_8,I'll make damn sure you don't forget me!,I'll make sure you don't forget me!
vox_plr_2_kill_streak_9,Get back up! I'll not finish hurting you!,Get back up! I'll not finish hurting you!
vox_plr_2_killswitch_clue_0,Why the fuck not? I've been to the chair at least once.,I think we need to use these if we want out.
vox_plr_2_killswitch_clue_1,I think these kill ya. Just not forever.,I think these kill ya. Just not forever.
vox_plr_2_need_electricity_0,Looks like it needs power.,Looks like it needs power.
vox_plr_2_need_electricity_1,"If we want it to work, we gotta get power on.","If we want it to work, we gotta get power on."
vox_plr_2_need_electricity_2,This thing ain't doing anything without electricity.,This thing ain't doing anything without electricity.
vox_plr_2_nomoney_generic_0,You want green? How about I just bust you open?,You want green? How about I just bust you open?
vox_plr_2_nomoney_generic_1,I'll be back. You can bet on it.,I'll be back. You can bet on it.
vox_plr_2_nomoney_generic_2,What are you gonna do with the moolah anyway?,What are you gonna do with the moolah anyway?
vox_plr_2_nomoney_generic_3,Getting paid ain't exactly at the top of my to-do list!,Getting paid ain't exactly at the top of my to-do list!
vox_plr_2_nomoney_generic_4,Maybe we can negotiate.,Maybe we can negotiate.
vox_plr_2_nomoney_generic_5,You know what? Fuck you and your fucking money!,You know what? I'm sick of you and your money.
vox_plr_2_nomoney_generic_6,There a reason this costs?,There a reason this costs?
vox_plr_2_nomoney_generic_7,Maybe I don't want it that much.,Maybe I don't want it that much.
vox_plr_2_oh_shit_0,"Keep walking, you fucks! See what I do next!",Keep walking. See what I do next.
vox_plr_2_oh_shit_1,Could use some backup here. There sure is a lot of them.,Could use some backup here. There sure is a lot of them.
vox_plr_2_oh_shit_10,What? You think you got a better chance now?,What? You think you got a better chance now?
vox_plr_2_oh_shit_11,"If I go down, I'm gonna come back and I'm gonna haunt you~to death!","If I go down, I'm gonna come back and I'm gonna haunt you~to death!"
vox_plr_2_oh_shit_12,Ah-ha! This'll be good!,Ah-ha! This'll be good!
vox_plr_2_oh_shit_13,You ain't punching my ticket. Not today.,You ain't punching my ticket. Not today.
vox_plr_2_oh_shit_14,"Bring it on, dirtbags!","Bring it on, dirtbags!"
vox_plr_2_oh_shit_2,You want a throwdown? I'll give you a fucking throwdown!,You want a slowdown? I'll give you a slowdown.
vox_plr_2_oh_shit_3,You think strength in numbers is gonna save you?,You think strength in numbers is gonna save you?
vox_plr_2_oh_shit_4,"Go ahead, bite me! I'll choke you motherfuckers on the way~down!","Go ahead, bite me. I'll choke you on the way down."
vox_plr_2_oh_shit_5,Who's first? Don't make no difference to me!,Who's first? Don't make no difference to me!
vox_plr_2_oh_shit_6,You're all headed the same way. Straight to hell.,You're all headed the same way.
vox_plr_2_oh_shit_7,"Whatever you're thinking, it ain't gonna happen.","Whatever you're thinking, it ain't gonna happen."
vox_plr_2_oh_shit_8,Just try it! I want you to!,Just try it! I want you to!
vox_plr_2_oh_shit_9,I don't plan on giving up anytime soon!,I don't plan on giving up anytime soon!
vox_plr_2_perk_generic_0,"Fuck it, what's the worst that can happen?",What's the worst that can happen?
vox_plr_2_perk_generic_1,"You sure this is okay to drink, Weasel?","You sure this is okay to drink, Weasel?"
vox_plr_2_perk_generic_2,"Yeah, what was that? Dog soup?","Yeah, what was that? Dog soup?"
vox_plr_2_perk_generic_3,It's just worse than that first pass from Finn still.,It's just worse than that first pass from Finn still.
vox_plr_2_perk_generic_4,I don't feel any different.,I don't feel any different.
vox_plr_2_perk_generic_5,How'd this fucking thing even get here?,How'd this thing even get here?
vox_plr_2_perk_generic_6,This can't be prison water. It's not even yellow.,This can't be prison water. It's not even yellow.
vox_plr_2_pick_up_egg_0,Interesting.,Interesting.
vox_plr_2_pick_up_egg_1,"I found it, guys!","I found it, guys!"
vox_plr_2_pick_up_egg_2,"Okay, I got it.","Okay, I got it."
vox_plr_2_pick_up_egg_3,Over here! I found something!,Over here! I found something!
vox_plr_2_plane_crash_0,That's a strange fucking storm.,That's a strange looking storm.
vox_plr_2_plane_flight_0,It's working! It's actually fucking working!,It's working! It's actually working!
vox_plr_2_plane_takeoff_0,Go! Go! Go!,Go! Go! Go!
vox_plr_2_plane_takeoff_1,Start it up! Start it up!,Start it up! Start it up!
vox_plr_2_portal_clue_0,Anyone else seeing holes in the walls?,Anyone else seeing holes in the walls?
vox_plr_2_portal_clue_1,There's some freaky shit around here you can't always see.,There's some weird stuff here you can't always see.
vox_plr_2_portal_clue_2,There's layers to this shit. It's like peeling back an~onion. Or some fucker's face!,There's layers to all this. Like peeling back an onion. Or~someone's face.
vox_plr_2_power_off_0,That's the power knocked out!,That's the power knocked out!
vox_plr_2_power_on_0,It's got power now!,It's got power now!
vox_plr_2_powerup_ammo_0,Sweet! We got the guns or we got the bombs!,Sweet! We got the guns or we got the bombs!
vox_plr_2_powerup_ammo_1,That's a nice fucking treat right there.,That's a nice treat right there.
vox_plr_2_powerup_ammo_2,Now that's more like it!,Now that's more like it!
vox_plr_2_powerup_carp_0,"Good, saves me wasting time doing it.","Good, saves me wasting time doing it."
vox_plr_2_powerup_carp_1,Look at that! We got some help with the repairs!,Look at that! We got some help with the repairs!
vox_plr_2_powerup_carp_2,Don't bother fixing it. They pull it back down soon~enough.,Don't bother fixing it. They pull it back down soon~enough.
vox_plr_2_powerup_double_0,I don't like being toyed with!,I don't like being toyed with!
vox_plr_2_powerup_double_1,Looks like it's time to double down.,Looks like it's time to double down.
vox_plr_2_powerup_double_2,Now's our chance to make some real dough.,Now's our chance to make some real dough.
vox_plr_2_powerup_firesale_0,"Ah, great! Where the fuck is the box?",Great! Where's the box?
vox_plr_2_powerup_firesale_1,Free weapons? Sounds like a good idea to me!,Free weapons? Sounds like a good idea to me!
vox_plr_2_powerup_firesale_2,Box is giving shit away. Let's load up.,Boxers giving stuff away. Let's load up.
vox_plr_2_powerup_insta_0,This almost makes it too easy!,This almost makes it too easy!
vox_plr_2_powerup_insta_1,Be like taking candy from a baby.,Be like taking candy from a baby.
vox_plr_2_powerup_insta_2,They're gonna get fucked up good!,They're gonna get messed up good.
vox_plr_2_powerup_nuke_0,That was beautiful!,That was beautiful!
vox_plr_2_powerup_nuke_1,I like a little bit of mass slaughter.,I like a little bit of mass slaughter.
vox_plr_2_powerup_nuke_2,Hey! Say something for me!,Hey! Say something for me!
vox_plr_2_powerup_vo_carpenter_0,Carpenter!,Carpenter!
vox_plr_2_powerup_vo_double_points_0,Double points!,Double points!
vox_plr_2_powerup_vo_firesale_0,Fire Sale!,Fire Sale!
vox_plr_2_powerup_vo_insta-kill_0,Insta-Kill!,Insta-Kill!
vox_plr_2_powerup_vo_max_ammo_0,Max Ammo!,Max Ammo!
vox_plr_2_powerup_vo_nuke_0,Kaboom!,Kaboom!
vox_plr_2_purgatory_billy_var1_0,Where the fuck? What is this shit?,Where am I? What is this?
vox_plr_2_purgatory_billy_var1_1,Sal? You here? Billy? What about you?,Sal? You here? Billy? What about you?
vox_plr_2_purgatory_billy_var1_2,Damn it.,Forget this.
vox_plr_2_purgatory_billy_var2_0,"The bridge? Fireworks over the city? I know, I know, I've~been here before. I just don't know why.","The bridge? Fireworks over the city? I know, I know, I've~been here before. I just don't know why."
vox_plr_2_purgatory_billy_var2_1,Is there something I have to do? Something I'm supposed to~say?,Is there something I have to do? Something I'm supposed to~say?
vox_plr_2_purgatory_billy_var2_2,Answer me!,Answer me!
vox_plr_2_purgatory_billy_var3_0,I think I understand. Am I here because of the things I've~done? The bad things?,I think I understand. Am I here because of the things I've~done? The bad things?
vox_plr_2_purgatory_billy_var3_1,"That's it, isn't it?","That's it, isn't it?"
vox_plr_2_purgatory_billy_var3_2,Am I stuck here until I see the error of my ways? Until I~repent?,Am I stuck here until I see the error of my ways? Until I~repent?
vox_plr_2_purgatory_billy_var3_3,"Well, you're gonna have to wait a long time, because I~don't regret a damn thing!","Well, you're gonna have a long wait, because I don't~regret a thing!"
vox_plr_2_purgatory_billy_var4_0,How do I stop this? What am I supposed to do? I don't~understand!,How do I stop this? What am I supposed to do? I don't~understand!
vox_plr_2_purgatory_billy_var4_1,"I can't change what I've done, so you might as well just~end this.","I can't change what I've done, so you might as well just~end this."
vox_plr_2_purgatory_billy_var4_2,Kill me! Kill me right here! Right now! I'm not afraid to~die!,Kill me! Kill me right here! Right now! I'm not afraid to~die!
vox_plr_2_rebuild_boards_0,Don't know why I'm doing this. I'd rather just let them~in.,Don't know why I'm doing this. I'd rather just let them~in.
vox_plr_2_rebuild_boards_1,This won't last more than one minute once they start~coming in.,This won't last more than one minute once they start~coming in.
vox_plr_2_response_map_0,"Those marks, they show where my guys planted the gear.","Those marks, they show where my guys planted the gear."
vox_plr_2_revive_player_0,How was the afterlife? See any more weird doorways?,How was the afterlife? See any more weird doorways?
vox_plr_2_revive_player_1,You ain't getting off that easy.,You ain't getting off that easy.
vox_plr_2_revive_player_2,You're not on my kill list. At least not yet.,You're not on my kill list. At least not yet.
vox_plr_2_revive_player_3,Get used to it. It's going to happen a lot.,Get used to it. It's going to happen a lot.
vox_plr_2_revive_player_4,"Thought you was done, huh?","Thought you was done, huh?"
vox_plr_2_scare_react_0,Fuck!,Hey!
vox_plr_2_scare_react_1,What the fuck was that?,What was that?
vox_plr_2_scare_react_2,I don't scare that easy!,I don't scare that easy!
vox_plr_2_secret_poster_0,Smart idea hiding something behind the picture.,Smart idea hiding something behind the picture.
vox_plr_2_sidequest_all_parts_0,We got it all. Now let's get to the roof.,We got it all. Now let's get to the roof.
vox_plr_2_sidequest_engine_0,Now we got ourselves an engine.,Now we got ourselves an engine.
vox_plr_2_sidequest_key_0,Gate's locked. We need to find the key.,Gate's locked. We need to find the key.
vox_plr_2_sidequest_key_1,What a surprise! We need a fucking key!,It looks like this ain't opening without a key.
vox_plr_2_sidequest_key_2,What a surprise! We need a key!,What a surprise! We need a key!
vox_plr_2_sidequest_key_3,Seems we need to find a key somewhere now.,Seems we need to find a key somewhere now.
vox_plr_2_sidequest_key_response_0,"I got the key, guys!","I got the key, guys!"
vox_plr_2_sidequest_key_response_1,"Now we have the key, what you say we go and lock some~doors?","Now we have the key, what you say we go and lock some~doors?"
vox_plr_2_sidequest_key_response_2,"I got it, guys! I got the key!","I got it, guys! I got the key!"
vox_plr_2_sidequest_key_response_3,"Alright guys, we've got the master key.","Alright guys, we've got the master key."
vox_plr_2_sidequest_oxygen_0,We've got the oxygen tanks. What's left?,We've got the oxygen tanks. What's left?
vox_plr_2_sidequest_parts1_prog_0,It's a start. Now let's find the rest of the stuff.,It's a start. Now let's find the rest of the stuff.
vox_plr_2_sidequest_parts2_prog_0,"Almost halfway, now let's get the other shit.","Almost halfway, let's get the other stuff."
vox_plr_2_sidequest_parts3_prog_0,"The sooner we get the last two parts, the sooner we get~the fuck out of here.","Sooner we get the last two parts, the sooner we get out of~here."
vox_plr_2_sidequest_parts4_prog_0,One more part and we're out of here.,One more part and we're out of here.
vox_plr_2_sidequest_rigging_0,What'd I tell you? Here's the rigging.,What'd I tell you? Here's the rigging.
vox_plr_2_sidequest_roof_nag_0,"Guys, aren't we supposed to be headed for the roof?","Guys, aren't we supposed to be headed for the roof?"
vox_plr_2_sidequest_sheets_0,"Here's the sheets, just where my crew said they'd be.","Here's the sheets, just where my crew said they'd be."
vox_plr_2_sidequest_valves_0,That's the control valves taken care of.,That's the control valves taken care of.
vox_plr_2_start_1_billy_0,What the fuck? Where am I? What's going on?,What the? Where am I? What's going on?
vox_plr_2_start_1_billy_1,Sal? Finn? You here?,Sal? Finn? You here?
vox_plr_2_start_1_billy_2,The plan. We had a plan. Gotta find the parts. Gotta get~out of here.,The plan. We had a plan. Gotta find the parts. Gotta get~out of here.
vox_plr_2_start_1_oh_shit4_0,"Nuh-uh, I ain't takin' that, no way I'm fuckin' dead.",Nuh-uh! I ain't takin' that! No way I'm dead!
vox_plr_2_start_1_oh_shit5_0,"Oh, what the fuck? Are we fucking dead?",What the? Are we dead?
vox_plr_2_start_1_oh_shit9_0,How the fuck can we be okay? We were all just looking down~like fucking ghosts!,How can we be okay? We were all just looking down like~ghosts.
vox_plr_2_start_2_2_3_players_0,How come the plane's already built? Did I miss something?,How come the plane's already built? Did I miss something?
vox_plr_2_start_2_4_player_0,What just happened? Does anyone remember?,What just happened? Does anyone remember?
vox_plr_2_start_2_4_player_1,What? We're back where we started!,What? We're back where we started!
vox_plr_2_start_2_billy_0,Have I done this before? I can't remember.,Have I done this before? I can't remember.
vox_plr_2_start_2_oh_shit12_0,I'm with Sal on this one. We should move.,I'm with Sal on this one. We should move.
vox_plr_2_start_2_oh_shit14_0,I ain't gonna argue with that.,I ain't gonna argue with that.
vox_plr_2_start_2_oh_shit17_0,I don't think an explanation's gonna help us.,I don't think an explanation's gonna help us.
vox_plr_2_start_3_oh_shit14_0,"Yeah, these freaks come in waves, one after the other.","Yeah, these freaks come in waves, one after the other."
vox_plr_2_start_trap_0,"Come over here, freaks! I wanna show you something!","Come over here, freaks! I wanna show you something!"
vox_plr_2_start_trap_1,"Alright, let's get this fucker fired up!","All right, let's get this fired up."
vox_plr_2_start_trap_2,Let's see how they like this!,Let's see how they like this!
vox_plr_2_surrounded_respond_to_plr_0_0,"You need help, Finn? You sure look like you need help!","You need help, Finn? You sure look like you need help!"
vox_plr_2_surrounded_respond_to_plr_0_1,Finn's headed into a world of hurt.,Finn's headed into a world of hurt.
vox_plr_2_surrounded_respond_to_plr_0_2,"You really in trouble, Finn?","You really in trouble, Finn?"
vox_plr_2_surrounded_respond_to_plr_0_3,"Ah, sorry Finn, I think you're fucked.","Sorry, Finn! I think you're in trouble!"
vox_plr_2_surrounded_respond_to_plr_0_4,"Send them my way, I'll take them!","Send them my way, I'll take them!"
vox_plr_2_surrounded_respond_to_plr_0_5,Don't let him back you into a corner!,Don't let him back you into a corner!
vox_plr_2_surrounded_respond_to_plr_1_0,"Things ain't looking good, Sal.","Things ain't looking good, Sal."
vox_plr_2_surrounded_respond_to_plr_1_1,"Wish I could help, Sal.","Wish I could help, Sal."
vox_plr_2_surrounded_respond_to_plr_1_2,"You gotta fight your way through them, Sal!","You gotta fight your way through them, Sal!"
vox_plr_2_surrounded_respond_to_plr_1_3,"You looking to me for help, Sal?","You looking to me for help, Sal?"
vox_plr_2_surrounded_respond_to_plr_1_4,"Hang in there, Sal! I'll do what I can!","Hang in there, Sal! I'll do what I can!"
vox_plr_2_surrounded_respond_to_plr_1_5,"You can take them, Sal!","You can take them, Sal!"
vox_plr_2_surrounded_respond_to_plr_3_0,"Come on, Weasel! I thought you were good at getting out of~trouble!","Come on, Weasel! I thought you were good at getting out of~trouble!"
vox_plr_2_surrounded_respond_to_plr_3_1,"You ain't talking your way out of that one, Weasel!","You ain't talking your way out of that one, Weasel!"
vox_plr_2_surrounded_respond_to_plr_3_2,You think they're going for the weakest among us?,You think they're going for the weakest among us?
vox_plr_2_surrounded_respond_to_plr_3_3,"Looks like you're part of the food chain, Weasel!","Looks like you're part of the food chain, Weasel!"
vox_plr_2_surrounded_respond_to_plr_3_4,"If I help ya, what's in it for me?","If I help ya, what's in it for me?"
vox_plr_2_surrounded_respond_to_plr_3_5,Could someone else help that stupid prick?,Can someone else help the weasel?
vox_plr_2_trailer_vo_4_0,"Okay, fellas, we're getting off this rock.","Okay, fellas, we're getting off this rock."
vox_plr_2_trailer_vo_8_0,"Remember, fellas, don't let anything stand in your way.","Remember, fellas, don't let anything stand in your way."
vox_plr_2_use_gondola_0,Let's get out of here!,Let's get out of here!
vox_plr_2_use_gondola_1,"Okay, we're moving!","Okay, we're moving!"
vox_plr_2_use_gondola_2,Gotta go! Now!,Gotta go! Now!
vox_plr_2_wolf_complete_0,Don't we get some kind of reward?,Don't we get some kind of reward?
vox_plr_2_wolf_encounter_0,"Tell me you're all seeing this, right? Thing looks like~one of Weasel's drawings.","Tell me you're all seeing this, right? Thing looks like~one of Weasel's drawings."
vox_plr_2_wolf_final_0,Shouldn't something be happening?,Shouldn't something be happening?
vox_plr_2_wolf_kill_0,Keep killing freaks! Something's definitely gonna happen!,Keep killing freaks! Something's definitely gonna happen!
vox_plr_2_wpck_crappy_0,What is this shit?,What is this?
vox_plr_2_wpck_crappy_1,"You trying to bleep me dry, box?","You trying to bleep me dry, box?"
vox_plr_2_wpck_crappy_2,What the fuck am I supposed to do with this shit?,What am I supposed to do with this garbage?
vox_plr_2_wpck_crappy_3,"Let me explain something to you, box. I only want the good~stuff, all right?","Let me explain something to you, box. I only want the good~stuff, all right?"
vox_plr_2_wpck_crappy_4,I'd be better off fighting those meatheads barehanded.,I'd be better off fighting those meatheads barehanded.
vox_plr_2_wpck_crappy_5,Back east I whacked a dirty dentist with one of these.~Took a long ass time too.,"Back East, I whacked a dirty dentist with one of these.~Took forever, too."
vox_plr_2_wpck_dual_0,Damn right I'll take two!,"That's right, I'll take two!"
vox_plr_2_wpck_dual_1,Which one of you is the evil twin?,Which one of you is the evil twin?
vox_plr_2_wpck_dual_2,"Let me think about this. Do I want two heaters? Sure, why~the fuck not?","Let me think about this. Do I want two heaters? Sure, why~not?"
vox_plr_2_wpck_dual_3,Just give me what you got. I'll make it fucking work.,"Just give me what you got, I'll make it work."
vox_plr_2_wpck_dual_4,What would happen if I just reach inside and feel around~for something else?,What would happen if I just reach inside and feel around~for something else?
vox_plr_2_wpck_favorite_0,This'll cut through them like butter!,This'll cut through them like butter!
vox_plr_2_wpck_favorite_1,Wonder why Weasel called this the Blundergat.,Wonder why Weasel called this the Blundergat.
vox_plr_2_wpck_favorite_2,"Good to see you're paying attention, box.","Good to see you're paying attention, box."
vox_plr_2_wpck_favorite_3,"Oh, I'm going to enjoy trying this baby out.","Oh, I'm going to enjoy trying this baby out."
vox_plr_2_wpck_favorite_4,"Oh, now I'm ready to go hunting.","Oh, now I'm ready to go hunting."
vox_plr_2_wpck_mg_0,"Fuck me, this looks like the right tool for the job.",This looks like the right tool for the job.
vox_plr_2_wpck_mg_1,"All right, you freaky fucks, your blood's gonna start~flowing like a river.","All right, you freaks. Your blood's gonna start flowing~like a river."
vox_plr_2_wpck_mg_2,I like! I like a lot!,I like! I like a lot!
vox_plr_2_wpck_mg_3,"Nice to see you are listening, box. This is what I want to~see from now on.","Nice to see you are listening, box. This is what I want to~see from now on."
vox_plr_2_wpck_mg_4,It's like they're reading my mind!,It's like they're reading my mind!
vox_plr_2_wpck_mg_5,I'll be on Easy Street as long as I keep getting gats like~this.,I'll be on Easy Street as long as I keep getting gats like~this.
vox_plr_2_wpck_mg_6,I'll take it and make damn sure I put it to good use.,I'll take it and make real sure I put it to good use.
vox_plr_2_wpck_pap_0,I'll take it and make real sure I put it to good use.,I'll take it and make real sure I put it to good use.
vox_plr_2_wpck_pap_1,"Oh, now I'm ready to go hunting.","Oh, now I'm ready to go hunting."
vox_plr_2_wpck_pap_2,I like! I like a lot!,I like! I like a lot!
vox_plr_2_wpck_pistol_0,I'll cap them execution style.,I'll cap them execution style.
vox_plr_2_wpck_pistol_1,"If I get close, this shit'll fuck him up real good.","If I get close, this'll hurt him real good."
vox_plr_2_wpck_pistol_2,"May not be anything fancy, but it'll kill them just as~good.","May not be anything fancy, but it'll kill them just as~good."
vox_plr_2_wpck_pistol_3,"Sure, I like pistols. As much as the next guy.","Sure, I like pistols. As much as the next guy."
vox_plr_2_wpck_pistol_4,This is a little vanilla for my taste. Got anything more~violent?,This is a little vanilla for my taste. Got anything more~violent?
vox_plr_2_wpck_pistol_5,"When the ammo's gone, I'm gonna jam it straight through~their fucking teeth!","When the ammo's gone, I'm gonna jam it straight through~their teeth!"
vox_plr_2_wpck_ray_0,Where in the world did this thing come from anyway?,Where in the world did this thing come from anyway?
vox_plr_2_wpck_ray_1,"What did you say this was, Weasel? A raid gun or~something?","What did you say this was, Weasel? A raid gun or~something?"
vox_plr_2_wpck_ray_2,I wonder if they suffer when they're hit with this. Let me~see.,I wonder if they suffer when they're hit with this. Let me~see.
vox_plr_2_wpck_ray_3,"This better be more dangerous than it looks, Weasel.","This better be more dangerous than it looks, Weasel."
vox_plr_2_wpck_ray_4,"If this don't work out, I'm gonna want something else next~time.","If this don't work out, I'm gonna want something else next~time."
vox_plr_2_wpck_rpg_0,This'll blow him straight back to hell!,This'll blow them right off the face of the earth!
vox_plr_2_wpck_rpg_1,Pity those dumbasses won't even know what hit them!,Pity those dumbasses won't even know what hit them!
vox_plr_2_wpck_rpg_2,Pity those zombies won't even know I'd hit them.,Pity those zombies won't even know I'd hit them.
vox_plr_2_wpck_rpg_3,I will paste them to the fucking walls!,I will paste them to the walls!
vox_plr_2_wpck_rpg_4,Some kind of grenade launcher. That works for me.,Some kind of grenade launcher. That works for me.
vox_plr_2_wpck_rpg_5,I gotta get one of these when I get out. Ha ha!,I gotta get one of these when I get out. Ha ha!
vox_plr_2_wpck_shot_0,Locked and loaded!,Locked and loaded!
vox_plr_2_wpck_shot_1,Drag your bony asses over here. I want to try this out.,Drag your bones over here. I want to try this out.
vox_plr_2_wpck_shot_2,At least I know what this is.,At least I know what this is.
vox_plr_2_wpck_shot_3,I wonder how many I can put down in a single shot.,I wonder how many I can put down in a single shot.
vox_plr_2_wpck_shot_4,"Next time, don't take so fucking long!","Next time, don't take so long!"
vox_plr_2_wpck_smg_0,"It's a nice looking gun, all right, but what do I do when~it runs out of lead?","It's a nice looking gun, all right, but what do I do when~it runs out of lead?"
vox_plr_2_wpck_smg_1,"When it comes to throwing lead, I'll take quantity over~quality any day.","When it comes to throwing lead, I'll take quantity over~quality any day."
vox_plr_2_wpck_smg_2,How come I never saw these back on the streets?,How come I never saw these back on the streets?
vox_plr_2_wpck_smg_3,"Watch your head, guys. I'm gonna be spittin' out a~fuck-ton of lead.",A high rate of fire is what helped me take down those~moochers back on the Lower East Side.
vox_plr_2_wpck_snipe_0,I prefer to be closer to my work.,I prefer to be closer to my work.
vox_plr_2_wpck_snipe_1,Single shots don't do it for me. Maybe I could customize~it a little.,Single shots don't do it for me. Maybe I could customize~it a little.
vox_plr_2_wpck_snipe_2,"All things considered, I'd rather have a shiv. Save my~neck in here a few times.","All things considered, I'd rather have a shiv. Save my~neck in here a few times."
vox_plr_2_wpck_snipe_3,Don't waste my time with fucking sniper rifles. Where's~the fun?,Don't waste my time with sniper rifles!
vox_plr_2_wpck_snipe_4,"I'll take it, but I don't have to like it.","I'll take it, but I don't have to like it."
vox_plr_2_zombie_arrive_gg_0,Fuck me! Here they come again!,Here they come again!
vox_plr_2_zombie_arrive_gg_1,How do we get out of here?,How do we get out of here?
vox_plr_3_ammo_low_0,This'll be over soon unless I get some slugs!,This'll be over soon unless I get some slugs!
vox_plr_3_ammo_low_1,I need an ammo drop real fucking soon!,I need ammo drop real soon!
vox_plr_3_ammo_low_2,I'm almost out of lead!,I'm almost out of lead!
vox_plr_3_ammo_low_3,I'm getting low on rounds!,I'm getting low on rounds!
vox_plr_3_ammo_low_4,"Need ammo, like yesterday!","Need ammo, like yesterday!"
vox_plr_3_ammo_out_0,I wish I could say it was fun while it lasted.,I wish I could say it was fun while it lasted.
vox_plr_3_ammo_out_1,Shooters are dry!,Shooters are dry!
vox_plr_3_ammo_out_2,"If bullets were water, I'd be begging for rain.","If bullets were water, I'd be begging for rain."
vox_plr_3_ammo_out_3,Empty. Not just my guns. Everything.,Empty. Not just my guns. Everything.
vox_plr_3_ammo_out_4,That's it! I'm all out!,That's it! I'm all out!
vox_plr_3_anim_intro12_0,You gotta get the doc!,You gotta get the doc!
vox_plr_3_anim_intro14_0,"Something ain't right, boss. I swear.","Something ain't right, boss. I swear."
vox_plr_3_anim_intro19_0,The boys in the laundry stashed the parts.,The boys in the laundry stashed the parts.
vox_plr_3_anim_intro21_0,What the fuck? I killed him!,What's going... I killed him.
vox_plr_3_anim_intro25_0,This ain't right. Something weird's going on here.,This ain't right. Something weird's going on here.
vox_plr_3_anim_intro28_0,Oh shit!,Not good.
vox_plr_3_anim_pain_1_0,Oh! Oh! Ah! Ah! Ah!,Oh! Oh! Ah! Ah! Ah!
vox_plr_3_anim_pain_2_0,Oh! Oh! Oh! Oh!,Oh! Oh! Oh! Oh!
vox_plr_3_arlington_electrocution_0,No!,No!
vox_plr_3_arlington_self_0,"They all look at you the same way, don't they?","They all look at you the same way, don't they?"
vox_plr_3_arlington_self_1,"They don't see a man when they look at you. They see a~weasel, a rat.","They don't see a man when they look at you. They see a~weasel, a rat."
vox_plr_3_arlington_self_2,"You're a survivor, Al. No shame in that. Even a rat~survives. You can take it, whatever they throw your way.","You're a survivor, Al. No shame in that. Even a rat~survives. You can take it, whatever they throw your way."
vox_plr_3_arlington_self_2_0,"Rejection hurts, but it's not the worst thing, is it,~Albert?","Rejection hurts, but it's not the worst thing, is it,~Albert?"
vox_plr_3_arlington_self_2_2,"What really hurts is to be ignored. You know how that~feels better than anyone, don't you?","What really hurts is to be ignored. You know how that~feels better than anyone, don't you?"
vox_plr_3_arlington_self_2_3,"Sure, they want your skills, your expertise, but only on~their terms. They don't care what else you have to offer,|how different you could be, if only they noticed you.","Sure, they want your skills, your expertise, but only on~their terms. They don't care what else you have to offer,|how different you could be, if only they noticed you."
vox_plr_3_arlington_self_2_4,Is that why you lied to him? Why you promised things you~can't deliver?,Is that why you lied to him? Why you promised things you~can't deliver?
vox_plr_3_arlington_self_2_5,"Be careful, Al. One day your promises may come back and~bite you.","Be careful, Al. One day your promises may come back and~bite you."
vox_plr_3_arlington_self_3,"Still, wouldn't you like to know what it feels like to be~respected?","Still, wouldn't you like to know what it feels like to be~respected?"
vox_plr_3_arlington_self_3_0,"Are you scared, Al? You should be. If they don't already~suspect you, they will soon.","Are you scared, Al? You should be. If they don't already~suspect you, they will soon."
vox_plr_3_arlington_self_3_1,And then what? What will you do when the truth's revealed?~When your whole house of cards comes tumbling down?,And then what? What will you do when the truth's revealed?~When your whole house of cards comes tumbling down?
vox_plr_3_arlington_self_3_2,Will you confess? Or will you run?,Will you confess? Or will you run?
vox_plr_3_arlington_self_3_3,"Where will you run, Albert? All around the mulberry bush.","Where will you run, Albert? All around the mulberry bush."
vox_plr_3_arlington_self_3_4,"There's nowhere to run, nowhere to hide. You know there's~only one way this is gonna end, Al. Poor, poor Weasel.","There's nowhere to run, nowhere to hide. You know there's~only one way this is gonna end, Al. Poor, poor Weasel."
vox_plr_3_arlington_self_4,Just imagine what you would do if you had the power that~they had.,Just imagine what you would do if you had the power that~they had.
vox_plr_3_arlington_self_5,"You'd have to show them, Al. You'd have to show them just~what the Weasel is really capable of.","You'd have to show them, Al. You'd have to show them just~what the Weasel is really capable of."
vox_plr_3_box_move_0,It's like I got sucked right through the gates of hell!,It's like you got sucked right out of the world.
vox_plr_3_box_move_1,You don't move because you have to. So what's the real~reason?,You don't move because you have to. So what's the real~reason?
vox_plr_3_box_move_2,I'll be seeing ya!,I'll be seeing ya!
vox_plr_3_box_move_3,There's only a finite number of places you can go.,There's only a finite number of places you can go.
vox_plr_3_box_move_4,Why now? Why are you pulling up stakes now?,Why now? Why are you pulling up stakes now?
vox_plr_3_box_use_0,"I try to look inside, I don't see a damn thing.","I try to look inside, I don't see nothing."
vox_plr_3_box_use_1,Why do I need quarters for this? It's not even like~there's a slot!,Why do I need quarters for this? It's not even like~there's a slot!
vox_plr_3_box_use_2,"Wait, you're always with the waiting. You keep making us~wait.","Wait, you're always with the waiting. You keep making us~wait."
vox_plr_3_box_use_3,You notice the others just seem to accept all this?,You notice the others just seem to accept all this?
vox_plr_3_box_use_4,You're trying to hypnotize me to give him time to sneak~up.,You're trying to hypnotize me to give him time to sneak~up.
vox_plr_3_bridge_var1_1_0,"Guys, over here. This machine, it boosts your weapon. It~gives it more of a kick.","Guys, over here. This machine, it boosts your weapon. It~gives it more of a kick."
vox_plr_3_bridge_var2_13_0,I think I know what's going on.,I think I know what's going on.
vox_plr_3_bridge_var2_5_0,"Sal's right. The escape plan, the plane, everything. We've~done it all before.","Sal's right. The escape plan, the plane, everything. We've~done it all before."
vox_plr_3_bridge_var2_8_0,"Guys, how exactly did we get here? I've been going over~this in my head and I just can't remember.","Guys, how exactly did we get here? I've been going over~this in my head and I just can't remember."
vox_plr_3_bridge_var5_2_0,The Golden Gate Bridge.,The Golden Gate Bridge.
vox_plr_3_bridge_var5_4_0,It's the plan. This is the plan. This is what was meant to~happen.,It's the plan. This is the plan. This is what was meant to~happen.
vox_plr_3_bridge_var6_1_0,"We've done this before, over and over again, like we're~stuck in some loop.","We've done this before, over and over again, like we're~stuck in some loop."
vox_plr_3_bridge_var6_10_0,"It wasn't me, I swear!","It wasn't me, I swear!"
vox_plr_3_bridge_var6_12_0,"I didn't do a damn thing, not a thing. We did it to~ourselves.",I didn't do a thing. I think we did it to ourselves.
vox_plr_3_bridge_var6_16_0,We're in purgatory.,We're in purgatory.
vox_plr_3_bridge_var6_3_0,"Tell me, what did we do yesterday?","Tell me, what did we do yesterday?"
vox_plr_3_bridge_var6_5_0,Give me one detail about yesterday.,Give me one detail about yesterday.
vox_plr_3_bridge_var6_6_0,Maybe Billy got himself another psych exam. Maybe Finn~didn't spend half his day on the can. Just give me one|specific detail about yesterday. Anything.,Maybe Billy got himself another psych exam. Maybe Finn~didn't spend half his day on the can. Just give me one|specific detail about yesterday. Anything.
vox_plr_3_bridge_var6_8_0,"Ah, here we are again!","Ah, here we are again!"
vox_plr_3_brutus_arrival_0,I think he's after me. He's not gonna stop. Not ever.,I think he's after me. He's not gonna stop. Not ever.
vox_plr_3_brutus_defeated_0,"Is he gone? Like, you know, gone for good?","Is he gone? Like, you know, gone for good?"
vox_plr_3_brutus_defeated_1,I don't think we've seen the last of this guy.,I don't think we've seen the last of this guy.
vox_plr_3_brutus_defeated_2,Do you think that was too easy? I never know for sure.,Do you think that was too easy? I never know for sure.
vox_plr_3_brutus_encounter_0,"Look out, guys! It's the guard!","Look out, guys! It's the guard!"
vox_plr_3_brutus_reaction_0,What does he want from us?,What does he want from us?
vox_plr_3_build_bsm_add_0,"Ah, just like I thought. It fits perfectly.","Ah, just like I thought. It fits perfectly."
vox_plr_3_build_bsm_add_1,This is where it belongs.,This is where it belongs.
vox_plr_3_build_bsm_add_2,"When it's all done, we have to get the Blundergat. It's~all connected.","When it's all done, we have to get the Blundergat. It's~all connected."
vox_plr_3_build_bsm_final_0,It's done. Now we just need the right weapon.,It's done. Now we just need the right weapon.
vox_plr_3_build_bsm_final_1,This looks a lot like I thought it would.,This looks a lot like I thought it would.
vox_plr_3_build_bsm_final_2,"We find the right gat, we get something better.","We find the right gat, we get something better."
vox_plr_3_build_bsm_pickup_0,This is part of something bigger. Part of a machine.,This is part of something bigger. Part of a machine.
vox_plr_3_build_bsm_pickup_1,We need to put these parts together. That's important.,We need to put these parts together. That's important.
vox_plr_3_build_bsm_pickup_2,"With all three parts, we can make something.","With all three parts, we can make something."
vox_plr_3_build_bsm_plc_0,That's what I've been talking about all this time!,That's what I've been talking about all this time!
vox_plr_3_build_plane_0,It's working! Looks just like my drawing!,It's working! Looks just like my drawing!
vox_plr_3_build_zs_add_0,There's still something missing. What was it?,There's still something missing. What was it?
vox_plr_3_build_zs_add_1,I think I saw Billy die while doing this. Did I?,I think I saw Billy die while doing this. Did I?
vox_plr_3_build_zs_add_2,It was harder to build this thing the first time around.,It was harder to build this thing the first time around.
vox_plr_3_build_zs_final_0,"Look, these different parts go together to make a shield.","Look, these different parts go together to make a shield."
vox_plr_3_build_zs_final_1,Every time I seem to make it a little faster than before.,Every time I seem to make it a little faster than before.
vox_plr_3_build_zs_final_2,Everyone gets a shield. Another way to survive just a~little bit longer.,Everyone gets a shield. Another way to survive just a~little bit longer.
vox_plr_3_build_zs_pickup_0,We'll stand a better chance if we make something out of~this.,We'll stand a better chance if we make something out of~this.
vox_plr_3_build_zs_pickup_1,"With these other pieces, we can make a shield!","With these other pieces, we can make a shield!"
vox_plr_3_build_zs_pickup_2,We need to get the parts to the workbench. That's what we~did last time.,We need to get the parts to the workbench. That's what we~did last time.
vox_plr_3_build_zs_plc_0,I'll take it. Just like I did last time.,I'll take it. Just like I did last time.
vox_plr_3_chair_electrocution_0,Please work. I don't want to die.,Please work. I don't want to die.
vox_plr_3_chair1_var3_0,This is our way out.,This is our way out.
vox_plr_3_chair1_var5_0,"I'm saying if we want to get out of here alive, we gotta~die first.","I'm saying if we want to get out of here alive, we gotta~die first."
vox_plr_3_chair2_var2_0,No one escapes alive. Shit. That's my fucking writing.,No one escapes alive. That's my handwriting.
vox_plr_3_chair2_var5_0,I think it's our only way out.,I think it's our only way out.
vox_plr_3_chair2_var6_0,Let me explain something to you right off the bat.,Let me explain something to you right off the bat.
vox_plr_3_chair2_var7_0,"Whatever you do, whatever you say, whatever crazy shit you~think up to rationalize this crazy shit, remember one|thing.","Whatever you do, whatever you say, whatever you think up~to rationalize this, remember one thing."
vox_plr_3_chair2_var8_0,It won't fucking matter.,It won't even matter.
vox_plr_3_chair3_var_3_0,"Like before, we won't really die. You're gonna have to~trust me on this.","Like before, we won't really die. You're gonna have to~trust me on this."
vox_plr_3_chair4_var_4_0,"I know you think I'm crazy, but we need to strap ourselves~in.","I know you think I'm crazy, but we need to strap ourselves~in."
vox_plr_3_chair4_var_4_1,"Just trust me, alright? Have I ever steered you guys~wrong?","Just trust me, alright? Have I ever steered you guys~wrong?"
vox_plr_3_crawler_attack_0,"Stop it! Just stop it, okay?","Stop it! Just stop it, okay?"
vox_plr_3_crawler_attack_1,This thing keeps on ticking!,This thing keeps on ticking!
vox_plr_3_crawler_attack_2,Do we really want this thing crawling around?,Do we really want this thing crawling around?
vox_plr_3_crawler_attack_3,Leave me alone! I need time to think!,Leave me alone! I need time to think!
vox_plr_3_crawler_attack_4,I thought losing your legs might have slowed you down. Or~was I wrong?,I thought losing your legs might have slowed you down. Or~was I wrong?
vox_plr_3_crawler_kill_0,Sleep tight!,Sleep tight!
vox_plr_3_crawler_kill_1,It was always gonna end the same way.,It was always gonna end the same way.
vox_plr_3_crawler_kill_2,How many times do I need to drill you before you quit?,How many times do I need to drill you before you quit?
vox_plr_3_crawler_kill_3,"Ah, finally, some peace!","Ah, finally, some peace!"
vox_plr_3_crawler_kill_4,I said pipe down!,I said pipe down!
vox_plr_3_crawler_start_0,"Ah, this one don't want to accept the inevitable.","Ah, this one don't want to accept the inevitable."
vox_plr_3_crawler_start_1,Can't be much fun crawling around like that.,Can't be much fun crawling around like that.
vox_plr_3_crawler_start_2,Look at this guy. I don't know if you're half full or half~empty.,Look at this guy. I don't know if you're half full or half~empty.
vox_plr_3_crawler_start_3,Still some fight in this little guy.,Still some fight in this little guy.
vox_plr_3_crawler_start_4,Somebody wanna finish this poor sap?,Somebody wanna finish this poor sap?
vox_plr_3_discover_box_0,I've seen this box before. Gives you weapons like a slot~machine.,I've seen this box before. Gives you weapons like a slot~machine.
vox_plr_3_discover_trap_0,"Did I set this up? If so, when did I do it?","Did I set this up? If so, when did I do it?"
vox_plr_3_discover_trap_1,May as well fire it up. What's the worst that could~happen?,May as well fire it up. What's the worst that could~happen?
vox_plr_3_discover_trap_2,How long has this been here?,How long has this been here?
vox_plr_3_discover_wall_buy_0,"Hey guys, you want a bag of nice shooter? Look for the~chalk outline on the walls.","Hey guys, you want a bag of nice shooter? Look for the~chalk outline on the walls."
vox_plr_3_during_1_oh_shit6_0,I think we're looking at him!,I think we're looking at him!
vox_plr_3_earn_acheivement_0,The significance is lost on me.,The significance is lost on me.
vox_plr_3_earn_acheivement_1,Did that take us a step closer to getting off this island?~Don't think so.,Did that take us a step closer to getting off this island?~Don't think so.
vox_plr_3_electric_zap_0,We need to overload the power. Can't do it like this~though.,We need to overload the power. Can't do it like this~though.
vox_plr_3_electric_zap_1,It needs a quick jolt. I think I know the way.,It needs a quick jolt. I think I know the way.
vox_plr_3_electric_zap_2,Off or on? Which is it?,Off or on? Which is it?
vox_plr_3_end_scenario_0,"Oh, no, no, I didn't do nothing. I'm not the bad guy.","Oh, no, no, I didn't do nothing. I'm not the bad guy."
vox_plr_3_end_scenario_1,I just want it to end.,I just want it to end.
vox_plr_3_find_map_0,"Hey, check it out! A map of the prison! Five locations~marked!","Hey, check it out! A map of the prison! Five locations~marked!"
vox_plr_3_find_secret_0,Tone seems familiar.,Tone seems familiar.
vox_plr_3_free_fall_0,Aaaaa,Aaaaa
vox_plr_3_fuel_pickup_0,Oh! I got one of the fuel cans!,Oh! I got one of the fuel cans!
vox_plr_3_fuel_pickup_1,I found another can!,I found another can!
vox_plr_3_generic_wall_buy_0,I need something right now.,I need something right now.
vox_plr_3_generic_wall_buy_1,"Oh well, that's the way the money goes.","Oh well, that's the way the money goes."
vox_plr_3_generic_wall_buy_2,I used to think this stuff was weird. Now I don't even~question it.,I used to think this stuff was weird. Now I don't even~question it.
vox_plr_3_heal_revived_0,You didn't need to do that. It's not like you're gonna~change anything.,You didn't need to do that. It's not like you're gonna~change anything.
vox_plr_3_heal_revived_1,"The suffering continues, huh?","The suffering continues, huh?"
vox_plr_3_heal_revived_2,I was almost out. Almost.,I was almost out. Almost.
vox_plr_3_heal_revived_3,That was my choice. You shouldn't interfere.,That was my choice. You shouldn't interfere.
vox_plr_3_heal_revived_4,Live to die another day.,Live to die another day.
vox_plr_3_kill_acidgat_0,"Guys, you gotta snag one of these things.","Guys, you gotta snag one of these things."
vox_plr_3_kill_acidgat_1,This killed some real good!,This killed some real good!
vox_plr_3_kill_acidgat_2,"Thoride was just a little weasel, didn't you?","Thoride was just a little weasel, didn't you?"
vox_plr_3_kill_acidgat_3,My name is Albert Arlington. I'll make damn sure you don't~forget me.,This guy's gonna win me a ticket off of this rock!
vox_plr_3_kill_acidgat_4,"I ain't giving up! Not now, not ever!","I ain't giving up! Not now, not ever!"
vox_plr_3_kill_acidgat_5,"Hurry up and melt, why don't ya?","Hurry up and melt, why don't ya?"
vox_plr_3_kill_acidgat_6,"As long as I got this, you bastards ain't getting near me.","As long as I got this, you creeps ain't getting near me."
vox_plr_3_kill_blundergat_0,You can't even get close.,You can't even get close.
vox_plr_3_kill_blundergat_1,Like a hot knife through butter.,Like a hot knife through butter.
vox_plr_3_kill_blundergat_2,Didn't I tell you this guy was awesome?,Didn't I tell you this guy was awesome?
vox_plr_3_kill_blundergat_3,I may actually live to see morning.,I may actually live to see morning.
vox_plr_3_kill_blundergat_4,"Guys, you see what this fucking gun can do?",Guys! You see what this gun can do?
vox_plr_3_kill_blundergat_5,"Come looking for me, because all you're going to find is~debt.","Come looking for me, because all you're going to find is~debt."
vox_plr_3_kill_blundergat_6,Just wait till I upgrade this thing.,Just wait till I upgrade this thing.
vox_plr_3_kill_blundergat_7,"Oh, bring it on, freaks. I ain't afraid of you.","Oh, bring it on, freaks. I ain't afraid of you."
vox_plr_3_kill_blundergat_8,Who's next? I'm just getting started.,Who's next? I'm just getting started.
vox_plr_3_kill_close_0,I'm not ready to give up yet!,I'm not ready to give up yet!
vox_plr_3_kill_close_1,I don't think eating me would have helped you anyway.,I don't think eating me would have helped you anyway.
vox_plr_3_kill_close_2,Only one of us will be walking away from this!,Only one of us will be walking away from this!
vox_plr_3_kill_close_3,That's all you live for!,That's all you live for!
vox_plr_3_kill_close_4,Never gonna happen any other way.,Never gonna happen any other way.
vox_plr_3_kill_close_5,"Your mistake, not mine.","Your mistake, not mine."
vox_plr_3_kill_damaged_0,I believe in an eye for an eye!,I believe in an eye for an eye!
vox_plr_3_kill_damaged_1,"Actually, you came pretty close to taking me.","Actually, you came pretty close to taking me."
vox_plr_3_kill_damaged_2,Haven't you realized I'm a stubborn son of a bitch?,Haven't you realized I'm a stubborn son of a gun?
vox_plr_3_kill_damaged_3,"You started it, and if not you, somebody sure did.","You started it, and if not you, somebody sure did."
vox_plr_3_kill_damaged_4,Tit for fucking tat!,Tit for tat!
vox_plr_3_kill_death_machine_1,"Thoride was just a little weasel, didn't you?","Thoride was just a little weasel, didn't you?"
vox_plr_3_kill_death_machine_2,"Come looking for me, because all you're going to find is~debt.","Come looking for me, because all you're going to find is~debt."
vox_plr_3_kill_death_machine_3,Any more of you goons want to see how this feels?,Any more of you goons want to see how this feels?
vox_plr_3_kill_death_machine_4,"Scream all you want, don't bother me numbs.","Scream all you want, don't bother me numbs."
vox_plr_3_kill_death_machine_5,"One by one, you're gonna die. It's math. It's all just~math.","One by one, you're gonna die. It's math. It's all just~math."
vox_plr_3_kill_death_machine_6,"As long as I got this, you creeps ain't getting near me.","As long as I got this, you creeps ain't getting near me."
vox_plr_3_kill_explo_0,There's not much left after that!,There's not much left after that!
vox_plr_3_kill_explo_1,It's like they didn't even try to get out of the way.,It's like they didn't even try to get out of the way.
vox_plr_3_kill_explo_2,One day we'll burn down the house with all of us in it!,One day we'll burn down the house with all of us in it!
vox_plr_3_kill_explo_3,We all gotta go sometime. You just went now.,We all gotta go sometime. You just went now.
vox_plr_3_kill_explo_4,That was a big fucking boom.,That was a big boom!
vox_plr_3_kill_headshot_0,At least you're free!,At least you're free!
vox_plr_3_kill_headshot_1,Did he say something?,Did he say something?
vox_plr_3_kill_headshot_2,"Didn't do it fancy like Billy woulda, but you're dead just~the same.","Didn't do it fancy like Billy woulda, but you're dead just~the same."
vox_plr_3_kill_headshot_3,I think you asked for it.,I think you asked for it.
vox_plr_3_kill_headshot_4,Someone had to clip you. Might as well be me.,Someone had to clip you. Might as well be me.
vox_plr_3_kill_headshot_5,Just another one for the pile. The pile that magically~fades away.,Just another one for the pile. The pile that magically~fades away.
vox_plr_3_kill_headshot_6,To your eternal slumber.,To your eternal slumber.
vox_plr_3_kill_headshot_7,It was either you or me.,It was either you or me.
vox_plr_3_kill_headshot_8,How many times you die before you die for good?,How many times you die before you die for good?
vox_plr_3_kill_insta_0,I'm not even trying!,I'm not even trying!
vox_plr_3_kill_insta_1,It's like I got some newfound energy!,It's like I got some newfound energy!
vox_plr_3_kill_insta_2,"I'm a regular live wire, ain't I?","I'm a regular live wire, ain't I?"
vox_plr_3_kill_insta_3,At least I didn't dry it out like Billy would.,At least I didn't dry it out like Billy would.
vox_plr_3_kill_insta_4,You should've scrammed when you had the chance!,You should've scrammed when you had the chance!
vox_plr_3_kill_ray_0,Just like in my outer space adventure comics.,Just like in my outer space adventure comics.
vox_plr_3_kill_ray_1,"Nikolai, Nikolai, Nikolai, Nikolai. Why do I keep hearing~that name?","Nikolai, Nikolai, Nikolai, Nikolai. Why do I keep hearing~that name?"
vox_plr_3_kill_ray_2,"Fall down now, later, don't matter in the end.","Fall down now, later, don't matter in the end."
vox_plr_3_kill_ray_3,It's like an x-ray or something.,It's like an x-ray or something.
vox_plr_3_kill_ray_4,That fried you good!,That fried you good!
vox_plr_3_kill_ray_5,You smell like fucking bacon when you burn.,"Ooh, you smell like bacon when you burn!"
vox_plr_3_kill_redeemer_0,You better be dead for good this time.,You better be dead for good this time.
vox_plr_3_kill_redeemer_1,How's it feel to take my magic axe to the head?,How's it feel to take my magic axe to the head?
vox_plr_3_kill_redeemer_2,I can't even imagine a better weapon than this.,I can't even imagine a better weapon than this.
vox_plr_3_kill_redeemer_3,Sorry you picked a fight with Al!,Sorry you picked a fight with Al!
vox_plr_3_kill_redeemer_4,"Scream all you want, don't bother me numbs.","Scream all you want, don't bother me numbs."
vox_plr_3_kill_redeemer_5,How'd you like the Redeemer?,How'd you like the Redeemer?
vox_plr_3_kill_retriever_0,I got superpowers now!,I got superpowers now!
vox_plr_3_kill_retriever_1,Who controls all this? I wanna know!,Who controls all this? I wanna know!
vox_plr_3_kill_retriever_2,"You see the power I wield in my hands? Well, do you?","You see the power I wield in my hands? Well, do you?"
vox_plr_3_kill_retriever_3,They call this the Retriever.,They call this the Retriever.
vox_plr_3_kill_retriever_4,It kills and it comes right back!,It kills and it comes right back!
vox_plr_3_kill_retriever_5,You goons! You should all quit right now!,You goons! You should all quit right now!
vox_plr_3_kill_retriever_6,Hey! Didn't you get the memo? I'm a dangerous little~prick!,Didn't you hear? I'm dangerous!
vox_plr_3_kill_retriever_7,"What made you think you should pick on me, huh?","What made you think you should pick on me, huh?"
vox_plr_3_kill_retriever_8,Any more of you bastards want to see how this feels?,Any more of you goons want to see how this feels?
vox_plr_3_kill_streak_0,"The more I kill, the more I get!","The more I kill, the more I get!"
vox_plr_3_kill_streak_1,Who's next on the express elevator to hell?,Who's next on the Elevated to Death?
vox_plr_3_kill_streak_10,"You just lost empty souls, aren't ya?","You just lost empty souls, aren't ya?"
vox_plr_3_kill_streak_11,You never stop coming. Never!,You never stop coming. Never!
vox_plr_3_kill_streak_12,I can't even remember how this all started!,I can't even remember how this all started!
vox_plr_3_kill_streak_13,Don't be surprised! It's just another massacre!,Don't be surprised! It's just another massacre!
vox_plr_3_kill_streak_2,Will you pipe down? I'm trying to think!,Will you pipe down? I'm trying to think!
vox_plr_3_kill_streak_3,"You're just lining up for it, aren't ya?","You're just lining up for it, aren't ya?"
vox_plr_3_kill_streak_4,"Five, six, seven, nobody's going to heaven.","Five, six, seven, nobody's going to heaven."
vox_plr_3_kill_streak_5,"Whatever you once were, it's not what you are now.","Whatever you once were, it's not what you are now."
vox_plr_3_kill_streak_6,Were you ever human?,Were you ever human?
vox_plr_3_kill_streak_7,Killing is all I have left!,Killing is all I have left!
vox_plr_3_kill_streak_8,It's like you're not even trying!,It's like you're not even trying!
vox_plr_3_kill_streak_9,"One by one, you're gonna die. It's math. It's all just~math.","One by one, you're gonna die. It's math. It's all just~math."
vox_plr_3_killswitch_clue_0,These are kill switches. We want to pass over. These are~the spots.,These are kill switches. We want to pass over. These are~the spots.
vox_plr_3_killswitch_clue_1,"Those spots kill you quick. But don't worry, it ain't~permanent.","Those spots kill you quick. But don't worry, it ain't~permanent."
vox_plr_3_need_electricity_0,I know how this works. We need to get the power on.,I know how this works. We need to get the power on.
vox_plr_3_need_electricity_1,"We gotta shock ourselves, then zap that thing while we're~floating around.","We gotta shock ourselves, then zap that thing while we're~floating around."
vox_plr_3_need_electricity_2,It's not going to do anything without power.,It's not going to do anything without power.
vox_plr_3_nomoney_generic_0,Again with the money. Why? We're thieves. Let's steal it.,Again with the money. Why? We're thieves. Let's steal it.
vox_plr_3_nomoney_generic_1,"Given all this talk about greenbacks, I gotta wonder why I~don't ever see any.","Given all this talk about greenbacks, I gotta wonder why I~don't ever see any."
vox_plr_3_nomoney_generic_2,Guess this isn't happening anytime soon.,Guess this isn't happening anytime soon.
vox_plr_3_nomoney_generic_3,Who set the price? That's what I want to know.,Who set the price? That's what I want to know.
vox_plr_3_nomoney_generic_4,"You know the price of everything, but the value of~nothing.","You know the price of everything, but the value of~nothing."
vox_plr_3_nomoney_generic_5,Do I look like a wealthy man?,Do I look like a wealthy man?
vox_plr_3_nomoney_generic_6,I guess I'll come back when I got some more.,I guess I'll come back when I got some more.
vox_plr_3_nomoney_generic_7,I don't even get why this is happening.,I don't even get why this is happening.
vox_plr_3_oh_shit_0,Anyone else see what's going on?,Anyone else see what's going on?
vox_plr_3_oh_shit_1,Not the first time I've been surrounded. Won't be the~last.,Not the first time I've been surrounded. Won't be the~last.
vox_plr_3_oh_shit_10,There's nothing going on behind those peepers is there?,There's nothing going on behind those peepers is there?
vox_plr_3_oh_shit_11,"You got me pegged as some dumb palooka, don't you?","You got me pegged as some dumb palooka, don't you?"
vox_plr_3_oh_shit_12,You don't want to bite me. I'm rotten to the core.,You don't want to bite me. I'm rotten to the core.
vox_plr_3_oh_shit_13,"This ain't how it ends, I know that for sure.","This ain't how it ends, I know that for sure."
vox_plr_3_oh_shit_14,Just a circus. A circus of fucking death.,"It's just a circus, just a circus of death."
vox_plr_3_oh_shit_2,"Unless something changes, I'm looking for the big fat kiss~off.","Unless something changes, I'm looking for the big fat kiss~off."
vox_plr_3_oh_shit_3,Things sure got all balled up.,Things sure got all balled up.
vox_plr_3_oh_shit_4,We're way off the tracks now.,We're way off the tracks now.
vox_plr_3_oh_shit_5,"Guys, open your peepers! Don't you see what's happening?","Guys, open your peepers! Don't you see what's happening?"
vox_plr_3_oh_shit_6,"Go ahead, kill me! We'll change the damn thing!",Kill me! It won't change a thing!
vox_plr_3_oh_shit_7,"You mugs don't even know what you're doing, do you?","You mugs don't even know what you're doing, do you?"
vox_plr_3_oh_shit_8,Hello? Am I the only one here?,Hello? Am I the only one here?
vox_plr_3_oh_shit_9,"You know what happens now, don't you?","You know what happens now, don't you?"
vox_plr_3_perk_generic_0,This makes me stronger?,This makes me stronger?
vox_plr_3_perk_generic_1,Since when did Alcatraz turn into a speakeasy?,Since when did Alcatraz turn into a speakeasy?
vox_plr_3_perk_generic_2,Another mysterious way to prolong our torment.,Another mysterious way to prolong our torment.
vox_plr_3_perk_generic_3,I remember this taste. It changes you somehow.,I remember this taste. It changes you somehow.
vox_plr_3_perk_generic_4,"But when we drink, it affects us in ways we may not~realize.","But when we drink, it affects us in ways we may not~realize."
vox_plr_3_perk_generic_5,We never want stop to think if this is a good idea. We~just glug it right down.,We never want stop to think if this is a good idea. We~just glug it right down.
vox_plr_3_perk_generic_6,I don't even taste it anymore.,I don't even taste it anymore.
vox_plr_3_pick_up_egg_0,Is this significant?,Is this significant?
vox_plr_3_pick_up_egg_1,We're gonna need this for sure.,We're gonna need this for sure.
vox_plr_3_pick_up_egg_2,"Oh, I think I know what this is for.","Oh, I think I know what this is for."
vox_plr_3_pick_up_egg_3,"Hey, I got something here!","Hey, I got something here!"
vox_plr_3_plane_crash_0,We're going down again!,We're going down again!
vox_plr_3_plane_flight_0,"Finally, like Icarus, we take flight!","Finally, like Icarus, we take flight!"
vox_plr_3_plane_takeoff_0,Didn't I tell you this would work?,Didn't I tell you this would work?
vox_plr_3_plane_takeoff_1,We're leaving!,We're leaving!
vox_plr_3_portal_clue_0,"We can see things when we're dead, things that we can't~see otherwise.","We can see things when we're dead, things that we can't~see otherwise."
vox_plr_3_portal_clue_1,Gotta look for big spooky little holes. They're important.,Gotta look for big spooky little holes. They're important.
vox_plr_3_portal_clue_2,We need to use the wall portals if we're going to get~around a prison.,We need to use the wall portals if we're going to get~around a prison.
vox_plr_3_power_off_0,We fried the system! Power's gone down!,We fried the system! Power's gone down!
vox_plr_3_power_on_0,"Okay, now this thing's got power.","Okay, now this thing's got power."
vox_plr_3_powerup_ammo_0,Just when we needed it! Or did we?,Just when we needed it! Or did we?
vox_plr_3_powerup_ammo_1,"As if by magic, we all reload.","As if by magic, we all reload."
vox_plr_3_powerup_ammo_2,We're being played with. Every one of us.,We're being played with. Every one of us.
vox_plr_3_powerup_carp_0,It's just to come before the inevitable storm.,It's just to come before the inevitable storm.
vox_plr_3_powerup_carp_1,It almost feels like we're being helped.,It almost feels like we're being helped.
vox_plr_3_powerup_carp_2,"No hammer, no nails, but yet, the boards go up.","No hammer, no nails, but yet, the boards go up."
vox_plr_3_powerup_double_0,Again with the money? Why? How?,Again with the money? Why? How?
vox_plr_3_powerup_double_1,And suddenly we get thrown another little ray of hope.,And suddenly we get thrown another little ray of hope.
vox_plr_3_powerup_double_2,There's no rhyme or reason for any of this.,There's no rhyme or reason for any of this.
vox_plr_3_powerup_firesale_0,The pattern's been broken. We gotta find that box.,The pattern's been broken. We gotta find that box.
vox_plr_3_powerup_firesale_1,This won't last. It never does.,This won't last. It never does.
vox_plr_3_powerup_firesale_2,"If you want a different shooter, now would be a good time~to snag one.","If you want a different shooter, now would be a good time~to snag one."
vox_plr_3_powerup_insta_0,"I'm almost invincible. Almost, but not quite.","I'm almost invincible. Almost, but not quite."
vox_plr_3_powerup_insta_1,Now would be a good time to try making some progress!,Now would be a good time to try making some progress!
vox_plr_3_powerup_insta_2,"We have the upper hand, but trust me, not gonna last.","We have the upper hand, but trust me, not gonna last."
vox_plr_3_powerup_nuke_0,And a hush fell across the land.,And a hush fell across the land.
vox_plr_3_powerup_nuke_1,It's like they all got switched off.,It's like they all got switched off.
vox_plr_3_powerup_nuke_2,It's like they all got switched off.,It's like they all got switched off.
vox_plr_3_purgatory_arlington_var1_0,"They all think it's me. They think I did something to~them. They think it's another scheme, some ruse, a game.","They all think it's me. They think I did something to~them. They think it's another scheme, some ruse, a game."
vox_plr_3_purgatory_arlington_var1_1,I didn't do anything. Why won't they believe me?,I didn't do anything. Why won't they believe me?
vox_plr_3_purgatory_arlington_var1_2,I just want to understand!,I just want to understand!
vox_plr_3_purgatory_arlington_var2_0,I don't even know why I'm here. I'm not like the others.~I'm not like them at all.,I don't even know why I'm here. I'm not like the others.~I'm not like them at all.
vox_plr_3_purgatory_arlington_var2_1,"Sal, Handsome, Finn, they're all stone cold killers. Those~bastards are evil to the core.","Sal, Handsome, Finn, the Stone Cold Killers. Those things~are evil to the core."
vox_plr_3_purgatory_arlington_var2_2,"So why me? Why am I here? Why, damn it?",So why me? Why am I here? Why?
vox_plr_3_purgatory_arlington_var3_0,"Is it the others? Are they behind this? No, it doesn't add~up. How could they be?","Is it the others? Are they behind this? No, it doesn't add~up. How could they be?"
vox_plr_3_purgatory_arlington_var3_1,"What am I, am I dreaming? Am I dead? Do I just need to~wake up? And all this just ends?","What am I, am I dreaming? Am I dead? Do I just need to~wake up? And all this just ends?"
vox_plr_3_purgatory_arlington_var3_2,"I need an answer, something that makes sense.","I need an answer, something that makes sense."
vox_plr_3_purgatory_arlington_var4_0,What if the others are right? What if it is me? Did I make~this happen?,What if the others are right? What if it is me? Did I make~this happen?
vox_plr_3_purgatory_arlington_var4_1,What did I do? What did I do?,What did I do? What did I do?
vox_plr_3_purgatory_arlington_var4_2,Why can't I remember?,Why can't I remember?
vox_plr_3_rebuild_boards_0,"I recognize the futility of my actions, yet I carry them~out regardless.","I recognize the futility of my actions, yet I carry them~out regardless."
vox_plr_3_rebuild_boards_1,"Once again, we only delay the inevitable.","Once again, we only delay the inevitable."
vox_plr_3_response_map_0,You know what's strange? That's my writing. But I sure as~hell don't remember writing it.,You know what's strange? That's my writing. But I don't~remember writing it!
vox_plr_3_revive_player_0,"Oh, back from the brink, huh?","Oh, back from the brink, huh?"
vox_plr_3_revive_player_1,See any more portals while you were gone?,See any more portals while you were gone?
vox_plr_3_revive_player_2,"We all gotta stick together, don't we?","We all gotta stick together, don't we?"
vox_plr_3_revive_player_3,"You'd do the same for me, right?","You'd do the same for me, right?"
vox_plr_3_revive_player_4,"I caught you napping, didn't I?","I caught you napping, didn't I?"
vox_plr_3_scare_react_0,Oh shit!,Oh my!
vox_plr_3_scare_react_1,"Like, I'm not nervous enough!","Like, I'm not nervous enough!"
vox_plr_3_scare_react_2,"Damn, that made me jump!","Oh, that sure made me jump."
vox_plr_3_secret_poster_0,There's something hidden behind the poster.,There's something hidden behind the poster.
vox_plr_3_sidequest_all_parts_0,That's everything. Let's hope we can make it to the roof.,That's everything. Let's hope we can make it to the roof.
vox_plr_3_sidequest_engine_0,I got the engine right here.,I got the engine right here.
vox_plr_3_sidequest_key_0,We need to find the master key if we want to get through.,We need to find the master key if we want to get through.
vox_plr_3_sidequest_key_1,This is Locked Up Good and Tight.,This is Locked Up Good and Tight.
vox_plr_3_sidequest_key_2,Won't open without a key.,Won't open without a key.
vox_plr_3_sidequest_key_3,There's gotta be a key around here somewhere.,There's gotta be a key around here somewhere.
vox_plr_3_sidequest_key_response_0,Here it is. Wasn't so bad. It's only ever in one of two~places.,Here it is. Wasn't so bad. It's only ever in one of two~places.
vox_plr_3_sidequest_key_response_1,Here's the key!,Here's the key!
vox_plr_3_sidequest_key_response_2,"I got it, guys! I found the key!","I got it, guys! I found the key!"
vox_plr_3_sidequest_key_response_3,Here's the master key.,Here's the master key.
vox_plr_3_sidequest_oxygen_0,Just what the doctor ordered. I got the oxygen tanks.,Just what the doctor ordered. I got the oxygen tanks.
vox_plr_3_sidequest_parts1_prog_0,Four more putts and we're out of here.,Four more putts and we're out of here.
vox_plr_3_sidequest_parts2_prog_0,We just gotta find the other three.,We just gotta find the other three.
vox_plr_3_sidequest_parts3_prog_0,We're doing good. Just two more to go.,We're doing good. Just two more to go.
vox_plr_3_sidequest_parts4_prog_0,Almost done. Now let's find the last one.,Almost done. Now let's find the last one.
vox_plr_3_sidequest_rigging_0,"All right, guys, I found the rigging.","All right, guys, I found the rigging."
vox_plr_3_sidequest_roof_nag_0,Now we've got the parts. We really should make a break for~the roof.,Now we've got the parts. We really should make a break for~the roof.
vox_plr_3_sidequest_sheets4_0,"All right, I got the sheets.","All right, I got the sheets."
vox_plr_3_sidequest_valves_0,We got the control valves.,We got the control valves.
vox_plr_3_start_1_arlington_0,"No, oh no, oh no, oh, what's happening? Slow down, Albert.~Take a deep breath.","Ah! What's happening? Albert, slow down, man. Slow down.~Slow down, man. Slow down. Take a deep breath."
vox_plr_3_start_1_arlington_1,They're gone. The others are gone. They left without me!,They're gone. The others are gone. They left without me!
vox_plr_3_start_1_oh_shit3_0,"Ah, fuck, we're dead!",We're dead. We're really dead.
vox_plr_3_start_1_oh_shit7_0,We all saw the same thing. We saw our bodies right before~we climbed back in them.,We all saw the same thing. We saw our bodies right before~we climbed back in them.
vox_plr_3_start_1_oh_shit8_0,Holy shit. Is everybody okay?,Is everybody okay?
vox_plr_3_start_2_2_3_players_0,The plane's already built. We just gotta find the fuel~cans.,The plane's already built. We just gotta find the fuel~cans.
vox_plr_3_start_2_4_player_0,"Guys, stay with it. We can get out of here. I got a plan.","Guys, stay with it. We can get out of here. I got a plan."
vox_plr_3_start_2_4_player_1,It's different. Everything's different.,It's different. Everything's different.
vox_plr_3_start_2_arlington_0,I can get out of this. I always have. I just have to~remember how.,I can get out of this. I always have. I just have to~remember how.
vox_plr_3_start_2_oh_shit12_0,Let's focus on finding the parts so we can get out of~here.,Let's focus on finding the parts so we can get out of~here.
vox_plr_3_start_2_oh_shit18_0,Don't you realize what's happening? Doesn't everything~feel familiar to you guys? I think we've been trapped|here.,Don't you realize what's happening? Doesn't everything~feel familiar to you guys? I think we've been trapped|here.
vox_plr_3_start_3_oh_shit13_0,Is anyone else starting to see a pattern here?,Is anyone else starting to see a pattern here?
vox_plr_3_start_trap_0,"Watch out! Whoa, whoa, whoa! Back up! I'm gonna start this~baby up!","Watch out! Whoa, whoa, whoa! Back up! I'm gonna start this~baby up!"
vox_plr_3_start_trap_1,This should help a little.,This should help a little.
vox_plr_3_start_trap_2,Might as well let this contraption do some of the work.,Might as well let this contraption do some of the work.
vox_plr_3_start_trap_3,"Hey, Gumball! I got something for ya!","Hey, Gumball! I got something for ya!"
vox_plr_3_trailer_vo_1_0,"We've been over every detail, every angle. There's nothing~left to chance. We're ready.","We've been over every detail, every angle. There's nothing~left to chance. We're ready."
vox_plr_3_trailer_vo_5_0,Everything's set. We make our move at lights out.,Everything's set. We make our move at lights out.
vox_plr_3_use_gondola_0,"Ah, just what we needed. Not a moment too soon.","Ah, just what we needed. Not a moment too soon."
vox_plr_3_use_gondola_1,At least we got a few seconds breathing space.,At least we got a few seconds breathing space.
vox_plr_3_use_gondola_2,We gotta go!,We gotta go!
vox_plr_3_use_gondola_3,And we are out of here!,And we are out of here!
vox_plr_3_wolf_complete_0,That's one. That means there are two more to go. But you~gotta find them.,That's one. That means there are two more to go. But you~gotta find them.
vox_plr_3_wolf_encounter_0,That wolf head on the wall. It wants blood.,That wolf head on the wall. It wants blood.
vox_plr_3_wolf_final_0,I think we need to go to the place with the three symbols~on the wall.,I think we need to go to the place with the three symbols~on the wall.
vox_plr_3_wolf_kill_0,Keep going! He needs more!,Keep going! He needs more!
vox_plr_3_wpck_crappy_0,I don't think this box is random. I'm sure there's a~pattern to it.,I don't think this box is random. I'm sure there's a~pattern to it.
vox_plr_3_wpck_crappy_1,"Not gonna help me much, is it?","Not gonna help me much, is it?"
vox_plr_3_wpck_crappy_2,Why you dishing out nothing but wooden nickels?,Why you dishing out nothing but wooden nickels?
vox_plr_3_wpck_crappy_3,Just what exactly is your beef with me?,Just what exactly is your beef with me?
vox_plr_3_wpck_crappy_4,Looks like you're just setting me up to be the fall guy.,Looks like you're just setting me up to be the fall guy.
vox_plr_3_wpck_crappy_5,This turned into a trip for fucking biscuits.,This turned into a trip for biscuits.
vox_plr_3_wpck_dual_0,"Two this time, huh? Any particular reason?","Two this time, huh? Any particular reason?"
vox_plr_3_wpck_dual_1,"Not like I need my hands for anything else, is it? Jeez.","Not like I need my hands for anything else, is it? Jeez."
vox_plr_3_wpck_dual_2,"Not one, but two. How about three? Can you do that?","Not one, but two. How about three? Can you do that?"
vox_plr_3_wpck_dual_3,"Sometimes you help, sometimes you don't. What's the~reasoning?","Sometimes you help, sometimes you don't. What's the~reasoning?"
vox_plr_3_wpck_dual_4,You ever gonna level with me? Tell me why this goes down~the way it does?,You ever gonna level with me? Tell me why this goes down~the way it does?
vox_plr_3_wpck_favorite_0,"Ah, this is what I want every time. Will I get it? Maybe.","Ah, this is what I want every time. Will I get it? Maybe."
vox_plr_3_wpck_favorite_1,How long was I waiting for this one? Anybody know? Anyone?,How long was I waiting for this one? Anybody know? Anyone?
vox_plr_3_wpck_favorite_2,This should speed up the inevitable.,This should speed up the inevitable.
vox_plr_3_wpck_favorite_3,"Oh, I'm hitting on all sixes!","Oh, I'm hitting on all sixes!"
vox_plr_3_wpck_favorite_4,"Burns them, doesn't it? Burns the skin right off their~bones.","Burns them, doesn't it? Burns the skin right off their~bones."
vox_plr_3_wpck_mg_0,Why is it I've never seen guns like this on the streets?,Why is it I've never seen guns like this on the streets?
vox_plr_3_wpck_mg_1,"As long as you keep giving me heaters like this, then~everything's Jake.","As long as you keep giving me heaters like this, then~everything's Jake."
vox_plr_3_wpck_mg_2,"This'll keep me in the fight a little bit longer, but~still, gonna end the same way.","This'll keep me in the fight a little bit longer, but~still, gonna end the same way."
vox_plr_3_wpck_mg_3,I know just what to do with this.,I know just what to do with this.
vox_plr_3_wpck_mg_4,Look what I got. Nice new MG. You gotta keep trying.,Look what I got. Nice new MG. You gotta keep trying.
vox_plr_3_wpck_mg_5,"Sure, this will cut them down, but they just keep coming.","Sure, this will cut them down, but they just keep coming."
vox_plr_3_wpck_pap_0,"You're a riddle locked in a puzzle wrapped in an enigma.~Trust me, I know how that feels.","You're a riddle locked in a puzzle wrapped in an enigma.~Trust me, I know how that feels."
vox_plr_3_wpck_pap_1,Maybe one day all shooters will look like this.,Maybe one day all shooters will look like this.
vox_plr_3_wpck_pap_2,"Oh, I'm hitting on all sixes!","Oh, I'm hitting on all sixes!"
vox_plr_3_wpck_pistol_0,"A pistol, huh? I know that ain't the best you got.","A pistol, huh? I know that ain't the best you got."
vox_plr_3_wpck_pistol_1,I'm glad you didn't give me something heavy. I need to be~quick on my feet.,I'm glad you didn't give me something heavy. I need to be~quick on my feet.
vox_plr_3_wpck_pistol_2,Some of this shit is too weird. I know where I stand with~a handgun.,"Some of your stuff is kind of weird, Box. At least with a~handgun I know where I stand."
vox_plr_3_wpck_pistol_3,"I took the pistol, but I'll be back soon enough.","I took the pistol, but I'll be back soon enough."
vox_plr_3_wpck_pistol_4,"Do you have the special one, you know, the spacey looking~one?","Do you have the special one, you know, the spacey looking~one?"
vox_plr_3_wpck_pistol_5,Fine by me. Don't make no difference in the long run.,Fine by me. Don't make no difference in the long run.
vox_plr_3_wpck_ray_0,"Sometimes when I look at this, I know exactly what it is.~Why not this time?","Sometimes when I look at this, I know exactly what it is.~Why not this time?"
vox_plr_3_wpck_ray_1,"If my comic books are right, then this has got to be the~most powerful weapon in the box.","If my comic books are right, then this has got to be the~most powerful weapon in the box."
vox_plr_3_wpck_ray_2,I just knew you'd give me this!,I just knew you'd give me this!
vox_plr_3_wpck_ray_3,Maybe one day all shooters will look like this.,Maybe one day all shooters will look like this.
vox_plr_3_wpck_ray_4,This has got to be some top secret military hardware.,This has got to be some top secret military hardware.
vox_plr_3_wpck_rpg_0,"It's just a big, noisy bomb maker.","It's just a big, noisy bomb maker."
vox_plr_3_wpck_rpg_1,"You're a riddle locked in a puzzle wrapped in an enigma.~Trust me, I know how that feels.","You're a riddle locked in a puzzle wrapped in an enigma.~Trust me, I know how that feels."
vox_plr_3_wpck_rpg_2,This packs more explosives than I used to need to bust~open a bank vault.,This packs more explosives than I used to need to bust~open a bank vault.
vox_plr_3_wpck_rpg_3,"I remember once calling this a grenade launcher, was I~right?","I remember once calling this a grenade launcher, was I~right?"
vox_plr_3_wpck_rpg_4,"They get blown to bits, they stain the floors with blood,~but then they just disappear.","They get blown to bits, they stain the floors with blood,~but then they just disappear."
vox_plr_3_wpck_rpg_5,I need to stand back. Wouldn't want to hurt myself. Would~I?,I need to stand back. Wouldn't want to hurt myself. Would~I?
vox_plr_3_wpck_shot_0,"Oh, it's just a pity this thing takes so long to reload.~Maybe I need a drink.","Oh, it's just a pity this thing takes so long to reload.~Maybe I need a drink."
vox_plr_3_wpck_shot_1,"This only does the business early on. Later, those fuckers~are gonna just be too fast.","This only does the business early on, but later those~things are just too fast."
vox_plr_3_wpck_shot_2,"How many times have I pulled this from the box? 50? 100?~Shit, I don't know. It could be more.",How many times have I pulled this from the box? Fifty?~Hundred? Could even be more!
vox_plr_3_wpck_shot_3,"We're all just going through the motions, aren't we?","We're all just going through the motions, aren't we?"
vox_plr_3_wpck_shot_4,"Next time I want the Ray Gun. Remember that, okay?","Next time I want the Ray Gun. Remember that, okay?"
vox_plr_3_wpck_smg_0,"Oh, I always put a lot of them in the ground whenever I~get this.","Oh, I always put a lot of them in the ground whenever I~get this."
vox_plr_3_wpck_smg_1,So light and small. Tommy guns don't normally look like~that.,So light and small. Tommy guns don't normally look like~that.
vox_plr_3_wpck_smg_2,"Rat-a-tat-tat, rat-a-tat-tat, over and over again. I~swear, it's gonna drive me fucking mad.","Rat-a-tat, rat-a-tat, over and over, I swear, it's gonna,~it's gonna drive me batty."
vox_plr_3_wpck_smg_4,Don't make a lick of difference whether I like it or not.~Just here to prolong our misery.,Don't make a lick of difference whether I like it or not.~Just here to prolong our misery.
vox_plr_3_wpck_smg_5,"Did I try out my can opening tricks on this box? If I did,~what happened?","Did I try out my can opening tricks on this box? If I did,~what happened?"
vox_plr_3_wpck_snipe_0,I've yet to meet anyone who actually uses these.,I've yet to meet anyone who actually uses these.
vox_plr_3_wpck_snipe_1,Quit treating me like a sap or I'll make you regret it.,Quit treating me like a sap or I'll make you regret it.
vox_plr_3_wpck_snipe_2,"No, this ain't gonna cut it. It's too slow, too~cumbersome.","No, this ain't gonna cut it. It's too slow, too~cumbersome."
vox_plr_3_wpck_snipe_3,I toured the Dust Bowl with the circus six months. The~Great Magnifico had a magic cabinet a lot like this box.,I toured the Dust Bowl with the circus six months. The~Great Magnifico had a magic cabinet a lot like this box.
vox_plr_3_wpck_snipe_4,"So what are you, Box? A doorway to a secret armory?","So what are you, Box? A doorway to a secret armory?"
