alias,mature,safe
vox_plr_0_ammo_low_0,Russman doesn't like to run out of bullets!,Russman doesn't like to run out of bullets!
vox_plr_0_ammo_low_1,"Uh, getting low on thunderplugs.","Uh, getting low on thunderplugs."
vox_plr_0_ammo_low_2,Need me a new lead spitter.,Need me a new lead spitter.
vox_plr_0_ammo_low_3,The wells run dry!,The wells run dry!
vox_plr_0_ammo_low_4,"Stu, lend me some bullets, I'm running low.","Stu, lend me some bullets, I'm running low."
vox_plr_0_ammo_out_0,"Well, old man, you done screwed the pooch now.","Well, old man, you done screwed the pooch now."
vox_plr_0_ammo_out_1,It's old timers! I keep forgetting to count my bullets!,It's old timers! I keep forgetting to count my bullets!
vox_plr_0_ammo_out_2,"Oh, mercy, mercy, Mr. Russman. You are fresh out of kill~tax.","Oh, mercy, mercy, Mr. Russman. You are fresh out of kill~tax."
vox_plr_0_ammo_out_3,No bullets and ain't shit in a week. Getting old sucks.,No bullets and ain't shit in a week. Getting old sucks.
vox_plr_0_ammo_out_4,"Who's in charge of giving me bullets? Oh, it's me? Uh,~never mind.","Who's in charge of giving me bullets? Oh, it's me? Uh,~never mind."
vox_plr_0_ammo_out_5,"Stewie, you got some bullets for the old man? I'm plumb~out.","Stewie, you got some bullets for the old man? I'm plumb~out."
vox_plr_0_avogadro_above_0,Somebody call down the thunder.,Somebody call down the thunder.
vox_plr_0_avogadro_above_1,I got a bad feeling about that storm.,I got a bad feeling about that storm.
vox_plr_0_avogadro_arrive_0,"Boogers, that thing ain't right.","Boogers, that thing ain't right."
vox_plr_0_avogadro_arrive_1,"Let's dance, you insecure, born out-of-towner!","Let's dance, you insecure, born out-of-towner!"
vox_plr_0_avogadro_arrive_2,Run! It's the old devil himself!,Run! It's the old devil himself!
vox_plr_0_avogadro_atkbus_0,Stop that crackle-pop thingamajig before it messes up the~bus!,Stop that crackle-pop thingamajig before it messes up the~bus!
vox_plr_0_avogadro_atkbus_1,This old heap of junk can't take much more of this zippy~zappy.,This old heap of junk can't take much more of this zippy~zappy.
vox_plr_0_avogadro_atkbus_2,The thing-a-jig is messing up the bus! Kill it!,The thing-a-jig is messing up the bus! Kill it!
vox_plr_0_avogadro_attack_0,My heart can't take this kind of abuse!,My heart can't take this kind of abuse!
vox_plr_0_avogadro_attack_1,"Oh Lord, I'm being fried alive!","Oh Lord, I'm being fried alive!"
vox_plr_0_avogadro_attack_2,I'm getting z-z-z-zapped like a b-b-bug!,I'm getting z-z-z-zapped like a b-b-bug!
vox_plr_0_avogadro_flee_0,"Yeah, you better take to the sky, Zippy Zappy!","Yeah, you better take to the sky, Zippy Zappy!"
vox_plr_0_avogadro_flee_1,"Ain't so easy to kill a Russman, is it?","Ain't so easy to kill a Russman, is it?"
vox_plr_0_avogadro_flee_2,Scared of this old man? I would be too. I am bad!,Scared of this old man? I would be too. I am bad!
vox_plr_0_avogadro_onbus_0,Electric Thing-a-Jiggy's on the bus! Snuff it!,Electric Thing-a-Jiggy's on the bus! Snuff it!
vox_plr_0_avogadro_onbus_1,Get that lightning bug off the bus!,Get that lightning bug off the bus!
vox_plr_0_avogadro_onbus_2,Kill that Zippy Zappy! Kill it!,Kill that Zippy Zappy! Kill it!
vox_plr_0_avogadro_reveal_0,What's that weird looking Gnomey thing?,What's that weird looking Gnomey thing?
vox_plr_0_avogadro_reveal_1,What the fuck is that thing?,What the fuck is that thing?
vox_plr_0_avogadro_reveal_2,"Oh, I think these old brains are going soft, cause I'm~seeing things that just can't be real.","Oh, I think these old brains are going soft, cause I'm~seeing things that just can't be real."
vox_plr_0_avogadro_stopbus_0,Zippy zappy messed up our ride.,Zippy zappy messed up our ride.
vox_plr_0_avogadro_stopbus_1,"We're on foot now, cause you dummies couldn't kill one~lightning bug.","We're on foot now, cause you dummies couldn't kill one~lightning bug."
vox_plr_0_avogadro_stopbus_2,"Next time Russman says to kill the electric thingamajig,~you listen.","Next time Russman says to kill the electric thingamajig,~you listen."
vox_plr_0_avogadro_storm_0,"Storm coming, and hell's coming with it.","Storm coming, and hell's coming with it."
vox_plr_0_avogadro_storm_1,No good comes from a storm like that.,No good comes from a storm like that.
vox_plr_0_avogadro_storm_2,Nature's got nothing to do with that weather.,Nature's got nothing to do with that weather.
vox_plr_0_avogadro_wound_0,"You like that, you Death Cloud riding piece of junk?","You like that, you Death Cloud riding piece of junk?"
vox_plr_0_avogadro_wound_1,I will beat you to death!,I will beat you to death!
vox_plr_0_avogadro_wound_2,"Take that, you lightning bolt bone shaker!","Take that, you lightning bolt bone shaker!"
vox_plr_0_box_move_0,"Uh-oh, I know what that light means.","Uh-oh, I know what that light means."
vox_plr_0_box_move_1,"Oh, crap. Ripped off again.","Oh, crap. Ripped off again."
vox_plr_0_box_move_2,Uh-huh. Magic glowing box that gives out free stuff. I~know the devils work when I see it.,Uh-huh. Magic glowing box that gives out free stuff. I~know the devils work when I see it.
vox_plr_0_box_move_3,"Round and round it goes. Where it goes, nobody knows.","Round and round it goes. Where it goes, nobody knows."
vox_plr_0_box_move_4,"So long, Devil Box. I ain't gonna miss your tricky butt.","So long, Devil Box. I ain't gonna miss your tricky butt."
vox_plr_0_build_add_0,Yeah! Russman don't need no book learning to build stuff!,Yeah! Russman don't need no book learning to build stuff!
vox_plr_0_build_add_1,"Fuck you, Darlington. I can build shit, too.","Fuck you, Darlington. I can build shit, too."
vox_plr_0_build_add_2,Great day in the morning. This shit fits together.,Great day in the morning. This shit fits together.
vox_plr_0_build_final_0,I think this might be it.,I think this might be it.
vox_plr_0_build_final_1,"Ballerina, that was way too hard.","Ballerina, that was way too hard."
vox_plr_0_build_final_2,Gotta leave the building to the folks from now on.,Gotta leave the building to the folks from now on.
vox_plr_0_build_pck_bjetgun_0,"Sweet Mother Pearl, you are a gorgeous thing.","Sweet Mother Pearl, you are a gorgeous thing."
vox_plr_0_build_pck_bshield_0,"That'll stop them, then I'll drop them.","That'll stop them, then I'll drop them."
vox_plr_0_build_pck_btrap_0,Woo-hoo-hoo! Wouldn't want to put my foot in that!,Woo-hoo-hoo! Wouldn't want to put my foot in that!
vox_plr_0_build_pck_bturbine_0,The hell's this doohickey do?,The hell's this doohickey do?
vox_plr_0_build_pck_bturret_0,"Woo! This here should make a sweet, sweet song.","Woo! This here should make a sweet, sweet song."
vox_plr_0_build_pck_wjetgun_0,You belong to me now.,You belong to me now.
vox_plr_0_build_pck_wshield_0,Some dummy must have dropped you.,Some dummy must have dropped you.
vox_plr_0_build_pck_wtrap_0,Let's watch my fingers with this thing.,Let's watch my fingers with this thing.
vox_plr_0_build_pck_wturbine_0,"Come here, you!","Come here, you!"
vox_plr_0_build_pck_wturret_0,"Oh, go to all the trouble to build you, they should have~used you.","Oh, go to all the trouble to build you, they should have~used you."
vox_plr_0_build_pickup_0,"Well, look at this. Yeah!","Well, look at this. Yeah!"
vox_plr_0_build_pickup_1,I smell a plan coming together.,I smell a plan coming together.
vox_plr_0_build_pickup_2,Seems like I ought to be able to do something with this.,Seems like I ought to be able to do something with this.
vox_plr_0_build_plc_shield_0,"Phew! That's heavy, dammit! I'm an old man!","Phew! That's heavy, dammit! I'm an old man!"
vox_plr_0_build_plc_trap_0,"Watch out, Russman, or it's zap zap time.","Watch out, Russman, or it's zap zap time."
vox_plr_0_build_plc_turbine_0,Blur! Damn you!,Blur! Damn you!
vox_plr_0_build_plc_turbine_1,Do it to it!,Do it to it!
vox_plr_0_build_plc_turbine_2,"Blow, man, blow!","Blow, man, blow!"
vox_plr_0_build_plc_turret_0,Can't keep hauling this thing around. It'll be the death~of me.,Can't keep hauling this thing around. It'll be the death~of me.
vox_plr_0_build_swap_0,I ain't got a head for pieces and parks.,I ain't got a head for pieces and parks.
vox_plr_0_build_swap_1,Maybe I should ask Darlington what to do with this. Like~hell I will.,Maybe I should ask Darlington what to do with this. Like~hell I will.
vox_plr_0_build_swap_2,Can't forget where I dropped this chunk of junk.,Can't forget where I dropped this chunk of junk.
vox_plr_0_bus_down_0,"Oh, hell, I don't want to die in no mass transit.","Oh, hell, I don't want to die in no mass transit."
vox_plr_0_bus_down_1,Never ride the bus.,Never ride the bus.
vox_plr_0_bus_down_2,Help me! Some dummy's chewing me up!,Help me! Some dummy's chewing me up!
vox_plr_0_bus_down_3,"Oh, I'm gonna die looking at gum on the bottom of a bus~seat.","Oh, I'm gonna die looking at gum on the bottom of a bus~seat."
vox_plr_0_bus_down_4,I knew I should have took the train.,I knew I should have took the train.
vox_plr_0_bus_ride_0,Sure beats walking.,Sure beats walking.
vox_plr_0_bus_ride_1,"Oh, that feels good on the knees.","Oh, that feels good on the knees."
vox_plr_0_bus_ride_2,"Tell you what, you drive, I'll relax.","Tell you what, you drive, I'll relax."
vox_plr_0_bus_ride_3,"Ah, good to get off these meat flats.","Ah, good to get off these meat flats."
vox_plr_0_bus_ride_4,This ain't the most scenic route.,This ain't the most scenic route.
vox_plr_0_bus_stop_0,End of the line already?,End of the line already?
vox_plr_0_bus_stop_1,"Oh man, I was just getting used to not walking.","Oh man, I was just getting used to not walking."
vox_plr_0_bus_stop_2,"Time to stretch them legs, kids.","Time to stretch them legs, kids."
vox_plr_0_bus_stop_3,"Here we is, Ugly Town. Population, us.","Here we is, Ugly Town. Population, us."
vox_plr_0_bus_stop_4,Thank you for riding junk-ass bus lines. Have a fucking~day.,Thank you for riding junk-ass bus lines. Have a fucking~day.
vox_plr_0_bus_zom_atk_0,"Seriously, I have to go poop!","Seriously, I have to go poop!"
vox_plr_0_bus_zom_atk_1,"If it ain't one thing, it's another.","If it ain't one thing, it's another."
vox_plr_0_bus_zom_atk_2,Just a day. Just one day without a bunch of zombies.~That's all I ask.,Just a day. Just one day without a bunch of zombies.~That's all I ask.
vox_plr_0_bus_zom_atk_3,"Hey! Keep your grubby claws off my ride, you freaky-lopes!","Hey! Keep your grubby claws off my ride, you freaky-lopes!"
vox_plr_0_bus_zom_atk_4,Here they come again!,Here they come again!
vox_plr_0_bus_zom_chase_0,"Yeah, come on, dummies. You chase the bus, see where that~gets you.","Yeah, come on, dummies. You chase the bus, see where that~gets you."
vox_plr_0_bus_zom_chase_1,"What are you, late for work?","What are you, late for work?"
vox_plr_0_bus_zom_chase_2,"Go catch another bus, sucker!","Go catch another bus, sucker!"
vox_plr_0_bus_zom_chase_3,"Keep running, fool. See if I care.","Keep running, fool. See if I care."
vox_plr_0_bus_zom_chase_4,"Come on, we like company!","Come on, we like company!"
vox_plr_0_bus_zom_climb_0,"Okay, so ain't no place on this bus safe?","Okay, so ain't no place on this bus safe?"
vox_plr_0_bus_zom_climb_1,"Sorry, rides only for paying customers.","Sorry, rides only for paying customers."
vox_plr_0_bus_zom_climb_2,"Oh no, you ain't trying to get up here with Russman!","Oh no, you ain't trying to get up here with Russman!"
vox_plr_0_bus_zom_climb_3,Come on up! I'm gonna kick you in the face!,Come on up! I'm gonna kick you in the face!
vox_plr_0_bus_zom_climb_4,Bad enough I'm on the roof. Now I gotta share with~Freakalopes.,Bad enough I'm on the roof. Now I gotta share with~Freakalopes.
vox_plr_0_bus_zom_ent_0,Ain't no place safe from you dummies!,Ain't no place safe from you dummies!
vox_plr_0_bus_zom_ent_1,We reserve the right to deny service.,We reserve the right to deny service.
vox_plr_0_bus_zom_ent_2,"Get off my bus, you chomping mother glovers!","Get off my bus, you chomping mother glovers!"
vox_plr_0_bus_zom_ent_3,"Bus is full, catch another!","Bus is full, catch another!"
vox_plr_0_bus_zom_ent_4,"Seats taken, sumbitch!","Seats taken, sumbitch!"
vox_plr_0_bus_zom_none_0,"Well, looky here. I think we found the one place that~ain't swarming with freak-a-lopes.","Well, looky here. I think we found the one place that~ain't swarming with freak-a-lopes."
vox_plr_0_bus_zom_none_1,Russman likes to ride a bus that's relatively zombie-free.,Russman likes to ride a bus that's relatively zombie-free.
vox_plr_0_bus_zom_none_2,"No zombies? Well, thank Cactus for small favors.","No zombies? Well, thank Cactus for small favors."
vox_plr_0_bus_zom_roof_0,Zombies on the roof!,Zombies on the roof!
vox_plr_0_bus_zom_roof_1,Ain't life tough enough for a tired old man?,Ain't life tough enough for a tired old man?
vox_plr_0_bus_zom_roof_2,"Hey Info, stick your head up top and see what's on the~roof.","Hey Info, stick your head up top and see what's on the~roof."
vox_plr_0_bus_zom_roof_3,Ain't nothing about this seems safe.,Ain't nothing about this seems safe.
vox_plr_0_bus_zom_roof_4,I'll take care of him. Just let him try to eat me.,I'll take care of him. Just let him try to eat me.
vox_plr_0_crawler_attack_0,"I'll wipe my ass with you, you cheap jaw chopper!","I'll wipe my ass with you, you cheap jaw chopper!"
vox_plr_0_crawler_attack_1,Nobody takes a bite out of Russman! Nobody!,Nobody takes a bite out of Russman! Nobody!
vox_plr_0_crawler_attack_2,"You no-business, jock-jawed, freakaloop!","You no-business, jock-jawed, freakaloop!"
vox_plr_0_crawler_attack_3,"You creepin' up on me, freak?","You creepin' up on me, freak?"
vox_plr_0_crawler_attack_4,"Hey, hey, I'm not playing the bite my foot game no more!","Hey, hey, I'm not playing the bite my foot game no more!"
vox_plr_0_crawler_kill_0,You didn't let me pass. Now you're pulling my lead out of~your ass.,You didn't let me pass. Now you're pulling my lead out of~your ass.
vox_plr_0_crawler_kill_1,Gotcha!,Gotcha!
vox_plr_0_crawler_kill_2,"Should've stayed dead, freak.","Should've stayed dead, freak."
vox_plr_0_crawler_kill_3,Gonna spread your ass like mayonnaise.,Gonna spread your ass like mayonnaise.
vox_plr_0_crawler_kill_4,Russman don't abide no legless dead motherfuckers!,Russman don't abide no legless dead motherfuckers!
vox_plr_0_crawler_start_0,Now the ground's littered with them!,Now the ground's littered with them!
vox_plr_0_crawler_start_1,"You're broken now, you nasty thing!","You're broken now, you nasty thing!"
vox_plr_0_crawler_start_2,"I guess you're halfway to being dead, flesh gulpers! Ha~ha!","I guess you're halfway to being dead, flesh gulpers! Ha~ha!"
vox_plr_0_crawler_start_3,Old Russman don't mind stepping over a few goons.,Old Russman don't mind stepping over a few goons.
vox_plr_0_crawler_start_4,You ain't running no more marathons!,You ain't running no more marathons!
vox_plr_0_earn_acheivement_0,Give me my stars!,Give me my stars!
vox_plr_0_find_secret_0,"Well, would you listen to that?","Well, would you listen to that?"
vox_plr_0_heal_revived_0,I'm back! I'm luckier than a well-endowed canine!,I'm back! I'm luckier than a well-endowed canine!
vox_plr_0_heal_revived_1,Almost went down for the count. Almost.,Almost went down for the count. Almost.
vox_plr_0_heal_revived_2,"Too slow by half, you damn freakalopes!","Too slow by half, you damn freakalopes!"
vox_plr_0_heal_revived_3,He who lives and runs away lives to run another day.,He who lives and runs away lives to run another day.
vox_plr_0_heal_revived_4,Back to life. Get out my knife.,Back to life. Get out my knife.
vox_plr_0_hr_resp_avogadro_attack_0,Watch out for that zippy zappy stew!,Watch out for that zippy zappy stew!
vox_plr_0_hr_resp_avogadro_attack_1,That Zippy Zap is one tricky freak!,That Zippy Zap is one tricky freak!
vox_plr_0_hr_resp_avogadro_attack_2,"You need help? You just shout, big man!","You need help? You just shout, big man!"
vox_plr_0_hr_resp_avogadro_attack_3,Kill that electric thingy!,Kill that electric thingy!
vox_plr_0_hr_resp_avogadro_attack_4,"Stop zapping my crew, lightning bug!","Stop zapping my crew, lightning bug!"
vox_plr_0_hr_resp_crawler_start_0,Ha ha! That one ain't ever gonna chase this old man ever~again!,Ha ha! That one ain't ever gonna chase this old man ever~again!
vox_plr_0_hr_resp_crawler_start_1,"Dynamite, out of sight.","Dynamite, out of sight."
vox_plr_0_hr_resp_crawler_start_2,Oh yeah! Now your face is at kickin' height!,Oh yeah! Now your face is at kickin' height!
vox_plr_0_hr_resp_crawler_start_3,"Good job, Stewie!","Good job, Stewie!"
vox_plr_0_hr_resp_crawler_start_4,Haha! Does a body good to see a body blowed to pieces.,Haha! Does a body good to see a body blowed to pieces.
vox_plr_0_hr_resp_kill_headshot_0,"Not bad. Keep at it, Stu.","Not bad. Keep at it, Stu."
vox_plr_0_hr_resp_kill_headshot_1,"Nice shot, big man!","Nice shot, big man!"
vox_plr_0_hr_resp_kill_headshot_2,Samuel Stuhlinger ain't no foolinger.,Samuel Stuhlinger ain't no foolinger.
vox_plr_0_hr_resp_kill_headshot_3,"Stewie, stacking the cordwood.","Stewie, stacking the cordwood."
vox_plr_0_hr_resp_kill_headshot_4,That there is an expert at kicking ass.,That there is an expert at kicking ass.
vox_plr_0_hr_resp_screecher_attack_0,"Watch out, Stewie!","Watch out, Stewie!"
vox_plr_0_hr_resp_screecher_attack_1,"Walk it off, Stu!","Walk it off, Stu!"
vox_plr_0_hr_resp_screecher_attack_2,Make it stop screaming!,Make it stop screaming!
vox_plr_0_hr_resp_screecher_attack_3,"Come on! Shake, not tap!","Come on! Shake, not tap!"
vox_plr_0_hr_resp_screecher_attack_4,"Knife it, Stu! Knife it!","Knife it, Stu! Knife it!"
vox_plr_0_hr_resp_surrounded_0,"Time to put that training into play, Stuhlinger!","Time to put that training into play, Stuhlinger!"
vox_plr_0_hr_resp_surrounded_1,Come on! Show Russman you were paying attention!,Come on! Show Russman you were paying attention!
vox_plr_0_hr_resp_surrounded_2,"Stay alive, boy, like you've been taught how to do.","Stay alive, boy, like you've been taught how to do."
vox_plr_0_hr_resp_surrounded_3,Time to push you out of the nest!,Time to push you out of the nest!
vox_plr_0_hr_resp_surrounded_4,"Buck up, son! You can take him!","Buck up, son! You can take him!"
vox_plr_0_hr_resp_wpck_monkey_0,Get a bunch of them together and then chuck it!,Get a bunch of them together and then chuck it!
vox_plr_0_hr_resp_wpck_monkey_1,"Yeah, now we're in for some fun!","Yeah, now we're in for some fun!"
vox_plr_0_hr_resp_wpck_monkey_2,Now that's a good get!,Now that's a good get!
vox_plr_0_hr_resp_wpck_monkey_3,Huh. Never say that Devil Box never did you no favors.,Huh. Never say that Devil Box never did you no favors.
vox_plr_0_hr_resp_wpck_monkey_4,Guess you've been kissing someone's ass.,Guess you've been kissing someone's ass.
vox_plr_0_kill_close_0,I'll skin you alive.,I'll skin you alive.
vox_plr_0_kill_close_1,You're getting too close for comfort!,You're getting too close for comfort!
vox_plr_0_kill_close_2,Rip you wide open and crawl up inside you.,Rip you wide open and crawl up inside you.
vox_plr_0_kill_close_3,I'm gonna use your corpse as a coat!,I'm gonna use your corpse as a coat!
vox_plr_0_kill_damaged_0,"You touching me? No, you ain't touching me!","You touching me? No, you ain't touching me!"
vox_plr_0_kill_damaged_1,Ain't no one allowed to touch Russman!,Ain't no one allowed to touch Russman!
vox_plr_0_kill_damaged_2,You no-good freak-a-lope!,You no-good freak-a-lope!
vox_plr_0_kill_damaged_3,"Put you in the dirt, dirt eater.","Put you in the dirt, dirt eater."
vox_plr_0_kill_explo_0,"Up, down, turn around, kill a herd of zombies.","Up, down, turn around, kill a herd of zombies."
vox_plr_0_kill_explo_1,"Damn, I'm getting all wet!","Damn, I'm getting all wet!"
vox_plr_0_kill_explo_2,Love juicing me some Freakalopes.,Love juicing me some Freakalopes.
vox_plr_0_kill_explo_3,Russman's making it rain.,Russman's making it rain.
vox_plr_0_kill_explo_4,Ain't no one putting you back together again.,Ain't no one putting you back together again.
vox_plr_0_kill_headshot_0,Long Distance Telegram!,Long Distance Telegram!
vox_plr_0_kill_headshot_1,Garner in one.,Garner in one.
vox_plr_0_kill_headshot_2,"You can't see it, but I killed him!","You can't see it, but I killed him!"
vox_plr_0_kill_headshot_3,It goes from me to your brain to the ground.,It goes from me to your brain to the ground.
vox_plr_0_kill_headshot_4,I forgot more about shooting than you kids ever learned.,I forgot more about shooting than you kids ever learned.
vox_plr_0_kill_headshot_5,I love to see what's inside your head.,I love to see what's inside your head.
vox_plr_0_kill_headshot_6,Reach out and say hello!,Reach out and say hello!
vox_plr_0_kill_headshot_7,Say it with bullets!,Say it with bullets!
vox_plr_0_kill_headshot_8,You are dead. I am alive. That's all she wrote.,You are dead. I am alive. That's all she wrote.
vox_plr_0_kill_headshot_9,"Ding dong, you're dead.","Ding dong, you're dead."
vox_plr_0_kill_insta_0,Gotcha!,Gotcha!
vox_plr_0_kill_insta_1,"You're dead now, ain't ya?","You're dead now, ain't ya?"
vox_plr_0_kill_insta_2,You fucked with the wrong Russman!,You fucked with the wrong Russman!
vox_plr_0_kill_insta_3,Down you go!,Down you go!
vox_plr_0_kill_insta_4,"I hit you, you hit the grave.","I hit you, you hit the grave."
vox_plr_0_kill_jet_0,"This here thing was a bitch to build, but a joy to deploy.","This here thing was a bitch to build, but a joy to deploy."
vox_plr_0_kill_jet_1,"Suck on this! Or actually, it'll suck on you!","Suck on this! Or actually, it'll suck on you!"
vox_plr_0_kill_jet_2,"You lookin' at me? Not when you've been juiced, you ain't!","You lookin' at me? Not when you've been juiced, you ain't!"
vox_plr_0_kill_jet_3,"Aw, hell. Russman loves a suckeroo.","Aw, hell. Russman loves a suckeroo."
vox_plr_0_kill_jet_4,"Don't know how it works, don't care how it works, just~loves that it works.","Don't know how it works, don't care how it works, just~loves that it works."
vox_plr_0_kill_limb_0,"Ha! Looks like Russman winged you, fool!","Ha! Looks like Russman winged you, fool!"
vox_plr_0_kill_limb_1,"Russman's my name, and killing stank sacks is my game!","Russman's my name, and killing stank sacks is my game!"
vox_plr_0_kill_limb_2,I'm so bad I kick my own ass twice a day. And I win.,I'm so bad I kick my own ass twice a day. And I win.
vox_plr_0_kill_limb_3,That's what you get for starting shit.,That's what you get for starting shit.
vox_plr_0_kill_limb_4,"Look at you, you fool! You can't even clap!","Look at you, you fool! You can't even clap!"
vox_plr_0_kill_monkey_0,"Oh, like a bunch of little kids with a new toy. It goes~boom!","Oh, like a bunch of little kids with a new toy. It goes~boom!"
vox_plr_0_kill_monkey_1,Drawn like flies to shit. That explodes! Fuck you!,Drawn like flies to shit. That explodes! Fuck you!
vox_plr_0_kill_monkey_2,Gonna rain zombiesies like a cow pissin' on a flat rock.,Gonna rain zombiesies like a cow pissin' on a flat rock.
vox_plr_0_kill_monkey_3,"I've seen the edge in a hog calling, and that's still~weird looking.","I've seen the edge in a hog calling, and that's still~weird looking."
vox_plr_0_kill_monkey_4,"When I see a zombie, I explode that motherfucker.","When I see a zombie, I explode that motherfucker."
vox_plr_0_kill_ray_0,Looks like the Zapper does some damage.,Looks like the Zapper does some damage.
vox_plr_0_kill_ray_1,Ah! Space Gun does it in one!,Ah! Space Gun does it in one!
vox_plr_0_kill_ray_2,"One shot, one beautiful explosion.","One shot, one beautiful explosion."
vox_plr_0_kill_ray_3,"Burn holes all through, you stank shufflers!","Burn holes all through, you stank shufflers!"
vox_plr_0_kill_ray_4,"Die, you rat soup-eating zombie motherfuckers!","Die, you rat soup-eating zombie motherfuckers!"
vox_plr_0_kill_streak_0,Looks like the old man still got it.,Looks like the old man still got it.
vox_plr_0_kill_streak_1,"Keep up, kids, keep up!","Keep up, kids, keep up!"
vox_plr_0_kill_streak_2,And do you see that? Magnificent!,And do you see that? Magnificent!
vox_plr_0_kill_streak_3,"Respect your elder, children!","Respect your elder, children!"
vox_plr_0_kill_streak_4,Must suck not to be me.,Must suck not to be me.
vox_plr_0_kill_streak_5,Age and experience over youth and vigor every goddamn~time.,Age and experience over youth and vigor every goddamn~time.
vox_plr_0_kill_streak_6,I will not allow you to hinder me.,I will not allow you to hinder me.
vox_plr_0_kill_streak_7,"Get out of my way, I'm coming through!","Get out of my way, I'm coming through!"
vox_plr_0_kill_streak_8,"All day, every day, blowin' zombiesies away!","All day, every day, blowin' zombiesies away!"
vox_plr_0_kill_streak_9,I AM THE MOTHERFUCKING MAN!,I AM THE MOTHERFUCKING MAN!
vox_plr_0_map_in_1forest1_0,I don't like the smell of trees.,I don't like the smell of trees.
vox_plr_0_map_in_1forest2_0,These old knees don't like to walk in.,These old knees don't like to walk in.
vox_plr_0_map_in_1forest3_0,Too many bugs in these trees.,Too many bugs in these trees.
vox_plr_0_map_in_1forest4_0,"Pine Coons, Rat Turds, and Zombie Freakalopes.","Pine Coons, Rat Turds, and Zombie Freakalopes."
vox_plr_0_map_in_2forest1_0,"Too many trees for this city, boy.","Too many trees for this city, boy."
vox_plr_0_map_in_2forest2_0,"Goody, goody. Lots of places for Freak-a-Lopes to hide.","Goody, goody. Lots of places for Freak-a-Lopes to hide."
vox_plr_0_map_in_2forest3_0,Hate the sound of them owls in the trees.,Hate the sound of them owls in the trees.
vox_plr_0_map_in_2forest4_0,"Oh, did I, did I, did I just dip in beer poop?","Oh, did I, did I, did I just dip in beer poop?"
vox_plr_0_map_in_bridge1_0,I cannot believe this bridge is still standing.,I cannot believe this bridge is still standing.
vox_plr_0_map_in_bridge2_0,Wonder how far I could throw diploma off of this here~bridge.,Wonder how far I could throw diploma off of this here~bridge.
vox_plr_0_map_in_bridge3_0,Maybe we'll just fall right through this bridge and solve~everything.,Maybe we'll just fall right through this bridge and solve~everything.
vox_plr_0_map_in_bridge4_0,"Yep, ain't this safe.","Yep, ain't this safe."
vox_plr_0_map_in_bus1_0,Huh. Looks like a great place. To get eaten.,Huh. Looks like a great place. To get eaten.
vox_plr_0_map_in_bus2_0,"Bus station again? Oh, I get it. We're on a loop-de-loop.~Oh, whoop-de-doop.","Bus station again? Oh, I get it. We're on a loop-de-loop.~Oh, whoop-de-doop."
vox_plr_0_map_in_bus3_0,"If I sit here long enough, will a bus come and take me to~some place I ain't been before? I doubt it.","If I sit here long enough, will a bus come and take me to~some place I ain't been before? I doubt it."
vox_plr_0_map_in_bus4_0,I'm fresh out of tickets.,I'm fresh out of tickets.
vox_plr_0_map_in_corn1_0,"No monsters in this here field, I bet. Bullshit, I bet.","No monsters in this here field, I bet. Bullshit, I bet."
vox_plr_0_map_in_corn2_0,Some kind of creepy hiding in this corn.,Some kind of creepy hiding in this corn.
vox_plr_0_map_in_corn3_0,Getting to where I hate corn.,Getting to where I hate corn.
vox_plr_0_map_in_corn4_0,Check out the tassels on this corn. I'm almost interested.~Reminds me of that stripper that... Never mind.,Check out the tassels on this corn. I'm almost interested.~Reminds me of that stripper that... Never mind.
vox_plr_0_map_in_diner1_0,"Come in for a pie and coffee. Stay forever, cause you're~dead.","Come in for a pie and coffee. Stay forever, cause you're~dead."
vox_plr_0_map_in_diner2_0,"Gasoline, zombies, dangly wires. This is gonna be a party.","Gasoline, zombies, dangly wires. This is gonna be a party."
vox_plr_0_map_in_diner3_0,Let's fill her up and top her off!,Let's fill her up and top her off!
vox_plr_0_map_in_diner4_0,"Just once, I'd like to find me a ham steak.","Just once, I'd like to find me a ham steak."
vox_plr_0_map_in_farm1_0,Secret ass hillbilly house in the corn? No thank you.,Secret ass hillbilly house in the corn? No thank you.
vox_plr_0_map_in_farm2_0,"Oh, I can never get too many creepy abandoned barns.","Oh, I can never get too many creepy abandoned barns."
vox_plr_0_map_in_farm3_0,"Yeah, this here's just as filthy a hovel as it was the~first couple of times I come through here.","Yeah, this here's just as filthy a hovel as it was the~first couple of times I come through here."
vox_plr_0_map_in_farm4_0,"Oh, ain't this rat trap grand?","Oh, ain't this rat trap grand?"
vox_plr_0_map_in_fog_0,I smell howly thingies.,I smell howly thingies.
vox_plr_0_map_in_fog_1,"Cold, wet, sciatica acting up. Damn.","Cold, wet, sciatica acting up. Damn."
vox_plr_0_map_in_fog_2,Hate the feel of this fog.,Hate the feel of this fog.
vox_plr_0_map_in_fog_3,Can't see squat in this mist.,Can't see squat in this mist.
vox_plr_0_map_in_fog_4,What's that? I heard something.,What's that? I heard something.
vox_plr_0_map_in_power1_0,What's that sign say? Electric Station?,What's that sign say? Electric Station?
vox_plr_0_map_in_power2_0,"Oh, great! The place with all the places for crapsacks to~hide!","Oh, great! The place with all the places for crapsacks to~hide!"
vox_plr_0_map_in_power3_0,I don't like the class of people who frequent this rot~hole.,I don't like the class of people who frequent this rot~hole.
vox_plr_0_map_in_power4_0,"Oh, get ready for the runaround.","Oh, get ready for the runaround."
vox_plr_0_map_in_town1_0,"Okay, a real town at last. Maybe there's some place I can~catch some shut-eye.","Okay, a real town at last. Maybe there's some place I can~catch some shut-eye."
vox_plr_0_map_in_town2_0,This town's deader than my prostate.,This town's deader than my prostate.
vox_plr_0_map_in_town3_0,Just a bed. It's all Russman ever wanted was a bed. And~power.,Just a bed. It's all Russman ever wanted was a bed. And~power.
vox_plr_0_map_in_town4_0,Find a nice quiet hole and curl up with a bottle of hoots.,Find a nice quiet hole and curl up with a bottle of hoots.
vox_plr_0_map_in_tunnel1_0,"Uh-huh. Come on into the Dark Tunnel, Russman. I'm sure~there ain't no zombies in there.","Uh-huh. Come on into the Dark Tunnel, Russman. I'm sure~there ain't no zombies in there."
vox_plr_0_map_in_tunnel2_0,Dark hole on the side of a hill? What could possibly go~wrong?,Dark hole on the side of a hill? What could possibly go~wrong?
vox_plr_0_map_in_tunnel3_0,Tunnels. Why does it always have to be tunnels?,Tunnels. Why does it always have to be tunnels?
vox_plr_0_map_in_tunnel4_0,"Long, slow walk through hell.","Long, slow walk through hell."
vox_plr_0_map_out_1forest_0,Got pine needles in my socks!,Got pine needles in my socks!
vox_plr_0_map_out_2forest_0,All them trees look the same to Russman.,All them trees look the same to Russman.
vox_plr_0_map_out_bridge_0,I forgot to spit off the edge of the bridge for good luck.,I forgot to spit off the edge of the bridge for good luck.
vox_plr_0_map_out_bus_0,"So long, rat hole!","So long, rat hole!"
vox_plr_0_map_out_corn_0,Glad to be rid of that corn.,Glad to be rid of that corn.
vox_plr_0_map_out_diner_0,Never got me no pie either.,Never got me no pie either.
vox_plr_0_map_out_farm_0,Why would you ever live this far from the action?,Why would you ever live this far from the action?
vox_plr_0_map_out_fog_0,Glad to be out of there.,Glad to be out of there.
vox_plr_0_map_out_fog_1,"Later for you, holly thingies!","Later for you, holly thingies!"
vox_plr_0_map_out_fog_2,Gonna take an hour for my clothes to dry out.,Gonna take an hour for my clothes to dry out.
vox_plr_0_map_out_fog_3,"Ugh, that smells never coming out of this shirt.","Ugh, that smells never coming out of this shirt."
vox_plr_0_map_out_fog_4,I need to warm up the old man's hip.,I need to warm up the old man's hip.
vox_plr_0_map_out_power_0,It's too bad we had to leave. That was so much fun.,It's too bad we had to leave. That was so much fun.
vox_plr_0_map_out_town_0,"Ugh, no sleep for the wicked.","Ugh, no sleep for the wicked."
vox_plr_0_map_out_tunnel_0,Glad to be back in the light.,Glad to be back in the light.
vox_plr_0_nomoney_box_0,"That's okay, I don't need your devilish tricks no how.","That's okay, I don't need your devilish tricks no how."
vox_plr_0_nomoney_door_0,Looks like this old man won't be rolling home today.,Looks like this old man won't be rolling home today.
vox_plr_0_nomoney_door_1,Crap! There's a damn price on everything these days!,Crap! There's a damn price on everything these days!
vox_plr_0_nomoney_door_2,I remember when this used to only cost a dime.,I remember when this used to only cost a dime.
vox_plr_0_nomoney_door_3,Where did I leave my cash?,Where did I leave my cash?
vox_plr_0_nomoney_door_4,"Oh man, Russman, out of cash.","Oh man, Russman, out of cash."
vox_plr_0_nomoney_generic_0,I remember when this used to only cost a dime.,I remember when this used to only cost a dime.
vox_plr_0_nomoney_generic_1,Where did I leave my cash?,Where did I leave my cash?
vox_plr_0_nomoney_generic_2,"Oh man, Russman, out of cash.","Oh man, Russman, out of cash."
vox_plr_0_nomoney_perk_0,"I want some drink, you stupid machine. I don't care if I~ain't got no money.","I want some drink, you stupid machine. I don't care if I~ain't got no money."
vox_plr_0_nomoney_weapon_0,Russman's flat busted. No gun for me.,Russman's flat busted. No gun for me.
vox_plr_0_oh_shit_0,There ain't enough of you to put down this old man.,There ain't enough of you to put down this old man.
vox_plr_0_oh_shit_1,I shall fear no evil!,I shall fear no evil!
vox_plr_0_oh_shit_10,I spit on you! Now do something about it!,I spit on you! Now do something about it!
vox_plr_0_oh_shit_11,Things look sad for this old man.,Things look sad for this old man.
vox_plr_0_oh_shit_12,The day you can kill me is the day that don't exist!,The day you can kill me is the day that don't exist!
vox_plr_0_oh_shit_13,I ain't afraid of you. I ain't afraid of all of you.,I ain't afraid of you. I ain't afraid of all of you.
vox_plr_0_oh_shit_14,"I'm too old to die, so I'm not gonna do it!","I'm too old to die, so I'm not gonna do it!"
vox_plr_0_oh_shit_2,"I'd be afraid, except I ain't never afraid of nothing.","I'd be afraid, except I ain't never afraid of nothing."
vox_plr_0_oh_shit_3,Surrounded again. Good.,Surrounded again. Good.
vox_plr_0_oh_shit_4,"Oh, looks like shit's getting grim for the old Russman.","Oh, looks like shit's getting grim for the old Russman."
vox_plr_0_oh_shit_5,I've been here before and I've come through it before.,I've been here before and I've come through it before.
vox_plr_0_oh_shit_6,"Give your best shot, Freakalopes!","Give your best shot, Freakalopes!"
vox_plr_0_oh_shit_7,"You might get me, but I'm gonna take some of you for the~ride.","You might get me, but I'm gonna take some of you for the~ride."
vox_plr_0_oh_shit_8,Guns don't fail me now.,Guns don't fail me now.
vox_plr_0_oh_shit_9,Let's you and my guns get acquainted!,Let's you and my guns get acquainted!
vox_plr_0_pap_arm_0,"Ooh, doggie. This is pretty as a newborn lamb.","Ooh, doggie. This is pretty as a newborn lamb."
vox_plr_0_pap_arm_1,Who says machines ain't good for nothing? Just don't tell~that reader I said that.,Who says machines ain't good for nothing? Just don't tell~that reader I said that.
vox_plr_0_pap_arm_2,"Oh, it's like a gun mixed with another gun and sandwiched~inside two more guns.","Oh, it's like a gun mixed with another gun and sandwiched~inside two more guns."
vox_plr_0_pap_arm_3,It's times like this that I wish I had more money so I~could do this all damn day.,It's times like this that I wish I had more money so I~could do this all damn day.
vox_plr_0_pap_arm_4,This is going to bring some pain to some undead~freakalopes.,This is going to bring some pain to some undead~freakalopes.
vox_plr_0_pap_arm2_0,"Times like this, one has to give thanks to the great big~zombie killer in the sky.","Times like this, one has to give thanks to the great big~zombie killer in the sky."
vox_plr_0_pap_arm2_1,"I thank you for your awesome gift, Mr. Machine.","I thank you for your awesome gift, Mr. Machine."
vox_plr_0_pap_arm2_2,This here ought to be good for poking all kinds of holes~and all sorts of ugly looking zombiesies.,This here ought to be good for poking all kinds of holes~and all sorts of ugly looking zombiesies.
vox_plr_0_pap_arm2_3,"I thought it was good before, but now it's double plus~good.","I thought it was good before, but now it's double plus~good."
vox_plr_0_pap_arm2_4,"I'm-a call you... Dreadnought, Freak-a-Lope Killer.","I'm-a call you... Dreadnought, Freak-a-Lope Killer."
vox_plr_0_pap_hint_0,"Hmm, something fishy going on here.","Hmm, something fishy going on here."
vox_plr_0_pap_hint_1,I got a funny feeling about this place.,I got a funny feeling about this place.
vox_plr_0_pap_hint_2,"Bank full of money, no place to spend it. Or is there?","Bank full of money, no place to spend it. Or is there?"
vox_plr_0_pap_wait_0,"Used to be, a man didn't have to apologize for nothing he~did. No how, no way. Today, though, everybody's a crybaby.","Used to be, a man didn't have to apologize for nothing he~did. No how, no way. Today, though, everybody's a crybaby."
vox_plr_0_pap_wait_1,"I miss the good old days when people did what I told them~to do without talking back and giving sass. One day,|fools.","I miss the good old days when people did what I told them~to do without talking back and giving sass. One day,|fools."
vox_plr_0_pap_wait_2,I hate these quiet moments. Too much time to think about~how I messed up my life.,I hate these quiet moments. Too much time to think about~how I messed up my life.
vox_plr_0_pap_wait_3,What are these days? I'm gonna just ditch these fools and~build me a zombie-proof senior living facility.,What are these days? I'm gonna just ditch these fools and~build me a zombie-proof senior living facility.
vox_plr_0_pap_wait_4,"This year's thing had better make a good thing better, or~I'm gonna break it like a school window.","This year's thing had better make a good thing better, or~I'm gonna break it like a school window."
vox_plr_0_pap_wait2_0,Damn! This is taking longer than the last time I passed a~kidney stone.,Damn! This is taking longer than the last time I passed a~kidney stone.
vox_plr_0_pap_wait2_1,I'm too old to wait around like this. Ain't got much time~left on this bum ticker.,I'm too old to wait around like this. Ain't got much time~left on this bum ticker.
vox_plr_0_pap_wait2_2,"Is it me, or is everyone under 30 these days completely~and absolutely moronic?","Is it me, or is everyone under 30 these days completely~and absolutely moronic?"
vox_plr_0_pap_wait2_3,"When I was young, we respected our elders. We did what~they said. What's wrong with the young people today?","When I was young, we respected our elders. We did what~they said. What's wrong with the young people today?"
vox_plr_0_pap_wait2_4,I'd give anything to taste my mama's cooking right about~now. Too bad she's been dead for 50 years.,I'd give anything to taste my mama's cooking right about~now. Too bad she's been dead for 50 years.
vox_plr_0_perk_doubletap_0,Ooh-wee! I'm feelin' itchy twitchy!,Ooh-wee! I'm feelin' itchy twitchy!
vox_plr_0_perk_jugga_0,Ah! Strong as an ox!,Ah! Strong as an ox!
vox_plr_0_perk_revive_0,"Oh, the knees is bending easy again.","Oh, the knees is bending easy again."
vox_plr_0_perk_speed_0,Arthritic fingers are feeling better already.,Arthritic fingers are feeling better already.
vox_plr_0_perk_stamine_0,It's like I got a whole new hip!,It's like I got a whole new hip!
vox_plr_0_perk_tombstone_0,Huh. Not bad.,Huh. Not bad.
vox_plr_0_power_core_0,That's some kind of crazy looking nonsense.,That's some kind of crazy looking nonsense.
vox_plr_0_power_core_1,"Now that there is a thing you do not see every day. Every~year, even.","Now that there is a thing you do not see every day. Every~year, even."
vox_plr_0_power_core_2,Electricity. I remember that from back when I was a kid.,Electricity. I remember that from back when I was a kid.
vox_plr_0_power_off_0,"Kinda dark around here, ain't it?","Kinda dark around here, ain't it?"
vox_plr_0_power_off_1,If only we had some kind of nerdy science geek to turn on~the lights. Hey! Marlton!,If only we had some kind of nerdy science geek to turn on~the lights. Hey! Marlton!
vox_plr_0_power_off_2,I wonder if any of this electrical shit still works.,I wonder if any of this electrical shit still works.
vox_plr_0_power_off_3,Are these old eyes going bad or is it just dark here?,Are these old eyes going bad or is it just dark here?
vox_plr_0_power_off_4,"I think I'm getting cataracts. This is a restaurant,~right?","I think I'm getting cataracts. This is a restaurant,~right?"
vox_plr_0_power_on_0,I bring light and joy to girls and boys.,I bring light and joy to girls and boys.
vox_plr_0_power_on_1,Let's light this candle!,Let's light this candle!
vox_plr_0_power_on_2,Ow! That is bright!,Ow! That is bright!
vox_plr_0_powerup_ammo_0,By time I catch a break.,By time I catch a break.
vox_plr_0_powerup_ammo_1,"Full Up, Wipe Out!","Full Up, Wipe Out!"
vox_plr_0_powerup_ammo_2,This is what I've been waiting for.,This is what I've been waiting for.
vox_plr_0_powerup_carp_0,"Get out, keep out.","Get out, keep out."
vox_plr_0_powerup_carp_1,Wonder if I got time for a nap.,Wonder if I got time for a nap.
vox_plr_0_powerup_carp_2,Hammer and nails is for young folk.,Hammer and nails is for young folk.
vox_plr_0_powerup_double_0,"Line up to die, dummies!","Line up to die, dummies!"
vox_plr_0_powerup_double_1,Two for one on the Freak-a-Lopes!,Two for one on the Freak-a-Lopes!
vox_plr_0_powerup_double_2,"Come and get it, rock snobblers!","Come and get it, rock snobblers!"
vox_plr_0_powerup_firesale_0,M. Prices is coming down!,M. Prices is coming down!
vox_plr_0_powerup_firesale_1,"Uh-huh. What's the trick this time, Devil Box?","Uh-huh. What's the trick this time, Devil Box?"
vox_plr_0_powerup_firesale_2,Devil Box runs the sale? Believe it when I see it.,Devil Box runs the sale? Believe it when I see it.
vox_plr_0_powerup_firesale_3,"Yeah, you being nice to Russman now, asswipe.","Yeah, you being nice to Russman now, asswipe."
vox_plr_0_powerup_insta_0,Flatten your ass!,Flatten your ass!
vox_plr_0_powerup_insta_1,Time to spread the joy!,Time to spread the joy!
vox_plr_0_powerup_insta_2,That'll make it easier on my bum hip.,That'll make it easier on my bum hip.
vox_plr_0_powerup_nuke_0,Light you up!,Light you up!
vox_plr_0_powerup_nuke_1,"Later, Gators!","Later, Gators!"
vox_plr_0_powerup_nuke_2,You've been irradiated!,You've been irradiated!
vox_plr_0_rebuild_boards_0,"Oh, I'm getting too old to be swinging a hammer this much.","Oh, I'm getting too old to be swinging a hammer this much."
vox_plr_0_riv_resp_avogadro_attack_0,"If that hurts, I'm happy for ya!","If that hurts, I'm happy for ya!"
vox_plr_0_riv_resp_avogadro_attack_1,I'm all choked up watching you get zapped.,I'm all choked up watching you get zapped.
vox_plr_0_riv_resp_avogadro_attack_2,"Go on, Zippy Zappy! Go, Zippy Zappy, go!","Go on, Zippy Zappy! Go, Zippy Zappy, go!"
vox_plr_0_riv_resp_avogadro_attack_3,"Good for nothing, page pusher!","Good for nothing, page pusher!"
vox_plr_0_riv_resp_avogadro_attack_4,"Ha ha ha! Look at you dance, dork!","Ha ha ha! Look at you dance, dork!"
vox_plr_0_riv_resp_crawler_start_0,What's the matter? Can't finish the job right?,What's the matter? Can't finish the job right?
vox_plr_0_riv_resp_crawler_start_1,"Next time, don't pussyfoot around with it.","Next time, don't pussyfoot around with it."
vox_plr_0_riv_resp_crawler_start_2,"You're supposed to kill them, not wing them!","You're supposed to kill them, not wing them!"
vox_plr_0_riv_resp_crawler_start_3,Do you know how to use that weapon? Maybe you ought to~read a book about it.,Do you know how to use that weapon? Maybe you ought to~read a book about it.
vox_plr_0_riv_resp_crawler_start_4,"Too much learning, not enough zombie killing.","Too much learning, not enough zombie killing."
vox_plr_0_riv_resp_kill_headshot_0,"Boy, I say boy, you're about as sharp as a bowling ball.","Boy, I say boy, you're about as sharp as a bowling ball."
vox_plr_0_riv_resp_kill_headshot_1,Even a stop clock is right two times a day.,Even a stop clock is right two times a day.
vox_plr_0_riv_resp_kill_headshot_2,Lucky Ducky. Now go sucky fucky.,Lucky Ducky. Now go sucky fucky.
vox_plr_0_riv_resp_kill_headshot_3,Ha! Guess you are good for something after all.,Ha! Guess you are good for something after all.
vox_plr_0_riv_resp_kill_headshot_4,Woo-wee! You must want a gold star!,Woo-wee! You must want a gold star!
vox_plr_0_riv_resp_screecher_attack_0,Hold still so I can shoot the both of you!,Hold still so I can shoot the both of you!
vox_plr_0_riv_resp_screecher_attack_1,I guess them things hate liars too.,I guess them things hate liars too.
vox_plr_0_riv_resp_screecher_attack_2,"Too bad I'm busy or else I'd help you. Oh wait, no I~wouldn't.","Too bad I'm busy or else I'd help you. Oh wait, no I~wouldn't."
vox_plr_0_riv_resp_screecher_attack_3,Ha ha! Now that there's some funny shit!,Ha ha! Now that there's some funny shit!
vox_plr_0_riv_resp_screecher_attack_4,"Hope it pulls out your lying tongue, boy!","Hope it pulls out your lying tongue, boy!"
vox_plr_0_riv_resp_surrounded_0,"Guess all that book learning ain't no help in the real~world, huh?","Guess all that book learning ain't no help in the real~world, huh?"
vox_plr_0_riv_resp_surrounded_1,Looks like you're about to be somebody from my past.,Looks like you're about to be somebody from my past.
vox_plr_0_riv_resp_surrounded_2,Dead. Man. Walking.,Dead. Man. Walking.
vox_plr_0_riv_resp_surrounded_3,Can't say I'm busted up inside to see you die.,Can't say I'm busted up inside to see you die.
vox_plr_0_riv_resp_surrounded_4,"So long, kid. Say hello to nothingness for me.","So long, kid. Say hello to nothingness for me."
vox_plr_0_riv_resp_wpck_monkey_0,Giving you explosives is a waste of higher learning.,Giving you explosives is a waste of higher learning.
vox_plr_0_riv_resp_wpck_monkey_1,Devil Box took pity on your stupid ass.,Devil Box took pity on your stupid ass.
vox_plr_0_riv_resp_wpck_monkey_2,"Do you even know what to do with that, you dumb fuck?","Do you even know what to do with that, you dumb fuck?"
vox_plr_0_riv_resp_wpck_monkey_3,Lion-ass Snake gets the best the Devil Box has got. Life~just ain't fair.,Lion-ass Snake gets the best the Devil Box has got. Life~just ain't fair.
vox_plr_0_riv_resp_wpck_monkey_4,"Don't just stand with your dick in your hand. Throw it,~dumbass!","Don't just stand with your dick in your hand. Throw it,~dumbass!"
vox_plr_0_screecher_attack_0,Get the hell off my face! Holy thingy!,Get the hell off my face! Holy thingy!
vox_plr_0_screecher_attack_1,No one touches my bald patch! Or my hairy patch!,No one touches my bald patch! Or my hairy patch!
vox_plr_0_screecher_attack_2,GET IT OFF! GET. IT. OFF!,GET IT OFF! GET. IT. OFF!
vox_plr_0_screecher_attack_3,My eyes! It's crawling at my eyes!,My eyes! It's crawling at my eyes!
vox_plr_0_screecher_attack_4,MAKE IT SHUT UP!,MAKE IT SHUT UP!
vox_plr_0_screecher_cut_0,"You dead, dummy!","You dead, dummy!"
vox_plr_0_screecher_cut_1,I'm a human tornado! Blow your house down!,I'm a human tornado! Blow your house down!
vox_plr_0_screecher_cut_2,You ain't bad. You ain't nothing.,You ain't bad. You ain't nothing.
vox_plr_0_screecher_cut_3,I killed your noisy ass. Can you appreciate that?,I killed your noisy ass. Can you appreciate that?
vox_plr_0_screecher_cut_4,"Oh, you're like a bad hat that I can't get rid of.","Oh, you're like a bad hat that I can't get rid of."
vox_plr_0_screecher_flee_0,"Yeah, that's right! Run away, you hairy dummy!","Yeah, that's right! Run away, you hairy dummy!"
vox_plr_0_screecher_flee_1,"Didn't like the taste of old Russman, did ya?","Didn't like the taste of old Russman, did ya?"
vox_plr_0_screecher_flee_2,You better run away! I still got fight in me!,You better run away! I still got fight in me!
vox_plr_0_screecher_flee_3,Come on back! I got more bullets!,Come on back! I got more bullets!
vox_plr_0_screecher_flee_4,"You start that shit, you better end that shit.","You start that shit, you better end that shit."
vox_plr_0_screecher_kill_0,"You picked on the wrong senior citizen, you hairy dummy!","You picked on the wrong senior citizen, you hairy dummy!"
vox_plr_0_screecher_kill_1,"You tried, you died.","You tried, you died."
vox_plr_0_screecher_kill_2,I'll break you in half and use you to shine my shoe. And~then my boot.,I'll break you in half and use you to shine my shoe. And~then my boot.
vox_plr_0_screecher_kill_3,"Suck on blood, noisy thing!","Suck on blood, noisy thing!"
vox_plr_0_screecher_kill_4,Dust to dust.,Dust to dust.
vox_plr_0_screecher_off_0,You just learned a hard lesson. Don't muss with the Russ.,You just learned a hard lesson. Don't muss with the Russ.
vox_plr_0_screecher_off_1,What the hell was that?,What the hell was that?
vox_plr_0_screecher_off_2,"Russman, don't go in for no games.","Russman, don't go in for no games."
vox_plr_0_screecher_off_3,Where you going? I'm still dancing.,Where you going? I'm still dancing.
vox_plr_0_screecher_teleport_0,"Oh, you don't like that, do you?","Oh, you don't like that, do you?"
vox_plr_0_screecher_teleport_1,"What's up, Buttercup?","What's up, Buttercup?"
vox_plr_0_screecher_teleport_2,Where'd it go?,Where'd it go?
vox_plr_0_screecher_teleport_3,"Hey, what the fuck?","Hey, what the fuck?"
vox_plr_0_screecher_teleport_4,"Something happened, but hell if I know what it was.","Something happened, but hell if I know what it was."
vox_plr_0_spawn_hellhound_0,Whatever happened to poodles? I like poodles.,Whatever happened to poodles? I like poodles.
vox_plr_0_spawn_hellhound_1,"Oh, heck. Gonna make these old legs run, ain't ya?","Oh, heck. Gonna make these old legs run, ain't ya?"
vox_plr_0_spawn_hellhound_2,These things are uglier than my butt.,These things are uglier than my butt.
vox_plr_0_spawn_hellhound_3,Tell me I don't hear no demon dogs.,Tell me I don't hear no demon dogs.
vox_plr_0_spawn_hellhound_4,Get them guns ready. Demon dogs are coming.,Get them guns ready. Demon dogs are coming.
vox_plr_0_wpck_57_0,I don't have the attention span necessary for this thing.,I don't have the attention span necessary for this thing.
vox_plr_0_wpck_57_1,"Man's gotta know his limitations. Mine is, I don't like to~aim.","Man's gotta know his limitations. Mine is, I don't like to~aim."
vox_plr_0_wpck_57_2,"Too slow, too fussy, too girly.","Too slow, too fussy, too girly."
vox_plr_0_wpck_chicom_0,All I need is KILL!,All I need is KILL!
vox_plr_0_wpck_chicom_1,"Well, well, Devil Box. I guess you took pity on the old~man.","Well, well, Devil Box. I guess you took pity on the old~man."
vox_plr_0_wpck_chicom_2,Just what these arthritic hands needed.,Just what these arthritic hands needed.
vox_plr_0_wpck_dsr50_0,"Well, shit. This ain't gonna do much.","Well, shit. This ain't gonna do much."
vox_plr_0_wpck_dsr50_1,This here's a gun for children. Or Marlton.,This here's a gun for children. Or Marlton.
vox_plr_0_wpck_dsr50_2,I ain't got time to snipe.,I ain't got time to snipe.
vox_plr_0_wpck_duel57_0,Two-Fisted Death Dealin'.,Two-Fisted Death Dealin'.
vox_plr_0_wpck_duel57_1,I got death in both hands now!,I got death in both hands now!
vox_plr_0_wpck_duel57_2,"Two triggers, two clips, two barrels of fun.","Two triggers, two clips, two barrels of fun."
vox_plr_0_wpck_emp_0,What the hell?,What the hell?
vox_plr_0_wpck_emp_1,"This is gonna... uh, whatever.","This is gonna... uh, whatever."
vox_plr_0_wpck_emp_2,I like shit that goes BOOM!,I like shit that goes BOOM!
vox_plr_0_wpck_fal_0,"Well, this ain't gonna hurt nobody.","Well, this ain't gonna hurt nobody."
vox_plr_0_wpck_fal_1,Devil Box just ripped Russman off!,Devil Box just ripped Russman off!
vox_plr_0_wpck_fal_2,Throw me a rock! I'd rather use that.,Throw me a rock! I'd rather use that.
vox_plr_0_wpck_favorite_0,"Well, well, welly, well.","Well, well, welly, well."
vox_plr_0_wpck_favorite_1,Ha! Shut the fuck up!,Ha! Shut the fuck up!
vox_plr_0_wpck_favorite_2,"For me, oh, you shouldn't have, Mr. Wall.","For me, oh, you shouldn't have, Mr. Wall."
vox_plr_0_wpck_galil_0,This'll put down some of them Zombiesies.,This'll put down some of them Zombiesies.
vox_plr_0_wpck_galil_1,"Deadly, simple, just the way Russman likes it.","Deadly, simple, just the way Russman likes it."
vox_plr_0_wpck_galil_2,"Get ready to re-die, body biters!","Get ready to re-die, body biters!"
vox_plr_0_wpck_hamr_0,It makes a noise like one big long burp.,It makes a noise like one big long burp.
vox_plr_0_wpck_hamr_1,Now this'll waste some shuffle steppers.,Now this'll waste some shuffle steppers.
vox_plr_0_wpck_hamr_2,"Hehe, it's time to make donuts! Or donut holes!","Hehe, it's time to make donuts! Or donut holes!"
vox_plr_0_wpck_judge_0,"More of a gun for stew, I think.","More of a gun for stew, I think."
vox_plr_0_wpck_judge_1,Too bad Stu ain't here. He'd probably like this thing.,Too bad Stu ain't here. He'd probably like this thing.
vox_plr_0_wpck_judge_2,Huh. Loud enough to do the job. I guess.,Huh. Loud enough to do the job. I guess.
vox_plr_0_wpck_kap_0,Maybe I can use this to scrape out a grave.,Maybe I can use this to scrape out a grave.
vox_plr_0_wpck_kap_1,"Oh, I get it, Devil Box. You fucking with Russman!","Oh, I get it, Devil Box. You fucking with Russman!"
vox_plr_0_wpck_kap_2,What a shitty trick.,What a shitty trick.
vox_plr_0_wpck_knife_0,It's a knife that shoots knives! Ha ha! What the fuck?,It's a knife that shoots knives! Ha ha! What the fuck?
vox_plr_0_wpck_knife_1,It shoots the blade? Then I gotta go pick it up? What kind~of weirdo piece of shit is this?,It shoots the blade? Then I gotta go pick it up? What kind~of weirdo piece of shit is this?
vox_plr_0_wpck_knife_2,Gonna slice and dice!,Gonna slice and dice!
vox_plr_0_wpck_m1216_0,Another shotgun? Do I look like I got cataracts to you?,Another shotgun? Do I look like I got cataracts to you?
vox_plr_0_wpck_m1216_1,Too noisy. Brings the freaks running.,Too noisy. Brings the freaks running.
vox_plr_0_wpck_m1216_2,"Once again, Russman loses out in the luck of the draw.","Once again, Russman loses out in the luck of the draw."
vox_plr_0_wpck_m32_0,"Here comes the glory, you undead freakalopes!","Here comes the glory, you undead freakalopes!"
vox_plr_0_wpck_m32_1,Do you love it? I love it. I got it from the Devil Box.,Do you love it? I love it. I got it from the Devil Box.
vox_plr_0_wpck_m32_2,"Get ready to kiss the sky, Necrofuckers!","Get ready to kiss the sky, Necrofuckers!"
vox_plr_0_wpck_m8a1_0,"Not the best, not the worst.","Not the best, not the worst."
vox_plr_0_wpck_m8a1_1,Super Fast Lead Spinner Deluxe.,Super Fast Lead Spinner Deluxe.
vox_plr_0_wpck_m8a1_2,You know what would make this better? A grenade launcher!,You know what would make this better? A grenade launcher!
vox_plr_0_wpck_monkey_0,These things go boom. I like stuff that goes boom.,These things go boom. I like stuff that goes boom.
vox_plr_0_wpck_monkey_1,Just what the doctor ordered.,Just what the doctor ordered.
vox_plr_0_wpck_monkey_2,Splatter time!,Splatter time!
vox_plr_0_wpck_python_0,Ha ha ha! The finger of fate!,Ha ha ha! The finger of fate!
vox_plr_0_wpck_python_1,Cantaloupe-sized exit wounds coming right up!,Cantaloupe-sized exit wounds coming right up!
vox_plr_0_wpck_python_2,"Hmm, I'm gonna call you, uh, The Finisher.","Hmm, I'm gonna call you, uh, The Finisher."
vox_plr_0_wpck_ray_0,Ha ha ha! This is gonna be one sweet birthday party!,Ha ha ha! This is gonna be one sweet birthday party!
vox_plr_0_wpck_ray_1,Them stank stumblers are gonna cook from the inside out.,Them stank stumblers are gonna cook from the inside out.
vox_plr_0_wpck_ray_2,"It's like the whole world has a throat, and I got my hands~around it.","It's like the whole world has a throat, and I got my hands~around it."
vox_plr_0_wpck_rpd_0,Gonna go mow some lawns!,Gonna go mow some lawns!
vox_plr_0_wpck_rpd_1,"Oh yeah, time for some of that battle rattle!","Oh yeah, time for some of that battle rattle!"
vox_plr_0_wpck_rpd_2,Ha ha! This bad boy shakes these old bones awake!,Ha ha! This bad boy shakes these old bones awake!
vox_plr_0_wpck_rpg_0,You look pretty as a peach.,You look pretty as a peach.
vox_plr_0_wpck_rpg_1,Mm-hmm. That karma's coming to town.,Mm-hmm. That karma's coming to town.
vox_plr_0_wpck_rpg_2,"Happy Birthday, Russman!","Happy Birthday, Russman!"
vox_plr_0_wpck_saiga12_0,"This here's a gun for the young lady, I think.","This here's a gun for the young lady, I think."
vox_plr_0_wpck_saiga12_1,"You trying to say I need a shotgun cause I'm old, Devil~Box?","You trying to say I need a shotgun cause I'm old, Devil~Box?"
vox_plr_0_wpck_saiga12_2,Gonna get my clothes all juicy.,Gonna get my clothes all juicy.
vox_plr_0_wpck_sidr_0,"Oh goody, my favorite. By which I mean, I hate it.","Oh goody, my favorite. By which I mean, I hate it."
vox_plr_0_wpck_sidr_1,Russman prefers a man's gun.,Russman prefers a man's gun.
vox_plr_0_wpck_sidr_2,Maybe I'll just shoot myself with it and put me out of my~misery.,Maybe I'll just shoot myself with it and put me out of my~misery.
vox_plr_0_wpck_type25_0,Great day in the morning!,Great day in the morning!
vox_plr_0_wpck_type25_1,"Wakey, wakey, eggs and bakey!","Wakey, wakey, eggs and bakey!"
vox_plr_0_wpck_type25_2,"Oh, the goose is calling.","Oh, the goose is calling."
vox_plr_0_wpck_x95l_0,You're loud for such a little thing.,You're loud for such a little thing.
vox_plr_0_wpck_x95l_1,This'll do it to it.,This'll do it to it.
vox_plr_0_wpck_x95l_2,"Your bark is small, but you got one hell of a bite.","Your bark is small, but you got one hell of a bite."
vox_plr_1_ammo_low_0,Looks like I brought a spoon to a gunfight.,Looks like I brought a spoon to a gunfight.
vox_plr_1_ammo_low_1,"Oh, getting a little too close to click, click, click!","Oh, getting a little too close to click, click, click!"
vox_plr_1_ammo_low_2,Looks like I've been too trigger happy!,Looks like I've been too trigger happy!
vox_plr_1_ammo_low_3,"Oh, and why am I out of bullets? Hello? Who's responsible~for that?","Oh, and why am I out of bullets? Hello? Who's responsible~for that?"
vox_plr_1_ammo_low_4,"Okay, shoot first, beg for ammo later.","Okay, shoot first, beg for ammo later."
vox_plr_1_ammo_out_0,"Damnation! Now, I knew I was supposed to buy something.~What was the... Bullets! Oh, it was bullets!","Damnation! Now, I knew I was supposed to buy something.~What was the... Bullets! Oh, it was bullets!"
vox_plr_1_ammo_out_1,There's a reason I carry a knife. Because there's only~one. It's less counting.,There's a reason I carry a knife. Because there's only~one. It's less counting.
vox_plr_1_ammo_out_2,"Ah, paint chips! Now I really went and did it!","Ah, paint chips! Now I really went and did it!"
vox_plr_1_ammo_out_3,I don't need a gun!,I don't need a gun!
vox_plr_1_ammo_out_4,I need more ammo. And cheese! I need ammo and cheese!,I need more ammo. And cheese! I need ammo and cheese!
vox_plr_1_ammo_out_5,I heard they put something in the water to make you forget~to count your bullets. It's the game.,I heard they put something in the water to make you forget~to count your bullets. It's the game.
vox_plr_1_avogadro_above_0,"Oh, those probers ain't getting me!","Oh, those probers ain't getting me!"
vox_plr_1_avogadro_above_1,"Oh, I know that lightning! That proper's on the way!","Oh, I know that lightning! That proper's on the way!"
vox_plr_1_avogadro_above_2,"OH NO YOU DON'T, UGLY!","OH NO YOU DON'T, UGLY!"
vox_plr_1_avogadro_arrive_0,"Okay, I think it's time to run now!","Okay, I think it's time to run now!"
vox_plr_1_avogadro_arrive_1,No! Don't probe me! Not again!,No! Don't probe me! Not again!
vox_plr_1_avogadro_arrive_2,STAY BACK ELECTRO FREAK!,STAY BACK ELECTRO FREAK!
vox_plr_1_avogadro_atkbus_0,It's zapping the bus! It's zapping the bus! Stop it before~we're dead in the water!,It's zapping the bus! It's zapping the bus! Stop it before~we're dead in the water!
vox_plr_1_avogadro_atkbus_1,"It's Probe and the bus? Oh, dirty prevert.","It's Probe and the bus? Oh, dirty prevert."
vox_plr_1_avogadro_atkbus_2,"Okay, okay, we gotta kill that thing before it kills the~bus!","Okay, okay, we gotta kill that thing before it kills the~bus!"
vox_plr_1_avogadro_attack_0,"Oh, it's probing me!","Oh, it's probing me!"
vox_plr_1_avogadro_attack_1,The Probing! Stop it!,The Probing! Stop it!
vox_plr_1_avogadro_attack_2,Keep it up! You're just making me mad!,Keep it up! You're just making me mad!
vox_plr_1_avogadro_flee_0,"Yeah! Yeah, you run on back to wherever you came from!","Yeah! Yeah, you run on back to wherever you came from!"
vox_plr_1_avogadro_flee_1,"Real men will always resist your tricks, you ugly jerk!","Real men will always resist your tricks, you ugly jerk!"
vox_plr_1_avogadro_flee_2,"When I catch you, I'm gonna probe you! How about that?","When I catch you, I'm gonna probe you! How about that?"
vox_plr_1_avogadro_onbus_0,AH! THAT PROBER'S AT THE WINDOW!,AH! THAT PROBER'S AT THE WINDOW!
vox_plr_1_avogadro_onbus_1,DO NOT LET IT IN HERE OR WE ARE ALL PROBED FOR SURE!,DO NOT LET IT IN HERE OR WE ARE ALL PROBED FOR SURE!
vox_plr_1_avogadro_onbus_2,"Oh, these dirty gigawatts are up to no good, I tell ya!","Oh, these dirty gigawatts are up to no good, I tell ya!"
vox_plr_1_avogadro_reveal_0,"Uh, what's that thing?","Uh, what's that thing?"
vox_plr_1_avogadro_reveal_1,Is that some kind of trick of the light?,Is that some kind of trick of the light?
vox_plr_1_avogadro_reveal_2,"Oh, holy shnikes, it's an alien!","Oh, holy shnikes, it's an alien!"
vox_plr_1_avogadro_stopbus_0,"Aw, damn it! That dumb thing stranded us!","Aw, damn it! That dumb thing stranded us!"
vox_plr_1_avogadro_stopbus_1,He must have probed the bus to death!,He must have probed the bus to death!
vox_plr_1_avogadro_stopbus_2,"Well, that's the end of this here free ride.","Well, that's the end of this here free ride."
vox_plr_1_avogadro_storm_0,Someone over there must be getting probed.,Someone over there must be getting probed.
vox_plr_1_avogadro_storm_1,I know what those aliens do inside their flying discs! I~heard all about it.,I know what those aliens do inside their flying discs! I~heard all about it.
vox_plr_1_avogadro_storm_2,The aliens try to talk to me at night when I'm trying to~sleep.,The aliens try to talk to me at night when I'm trying to~sleep.
vox_plr_1_avogadro_wound_0,"Hoo-hoo-hoo-ya! You like that, Static Man?","Hoo-hoo-hoo-ya! You like that, Static Man?"
vox_plr_1_avogadro_wound_1,YOU'RE MESSING WITH THE PATRIOT!,YOU'RE MESSING WITH THE PATRIOT!
vox_plr_1_avogadro_wound_2,That's for all the times your kind probed us Earth Folk!,That's for all the times your kind probed us Earth Folk!
vox_plr_1_box_move_0,Write this down. Part of the conspiracy is to make us all~dependent upon the conspiracy crate.,Write this down. Part of the conspiracy is to make us all~dependent upon the conspiracy crate.
vox_plr_1_box_move_1,"Oh, that freakin' box of lies is up to no good again!","Oh, that freakin' box of lies is up to no good again!"
vox_plr_1_box_move_2,"No, no, no, no, no. I'm not opening that crate without my~tinfoil suit on under my clothes. MIND CONTROL!","No, no, no, no, no. I'm not opening that crate without my~tinfoil suit on under my clothes. MIND CONTROL!"
vox_plr_1_box_move_3,"Blowing lights, disappearing conspiracy crates, alien ass~probers, and whoever keeps whispering to me in my head.|They're all in on it!","Blowing lights, disappearing conspiracy crates, alien ass~probers, and whoever keeps whispering to me in my head.|They're all in on it!"
vox_plr_1_box_move_4,"So long, Conspiracy Crate! Guess you're off to undermine~freedom for your masters!","So long, Conspiracy Crate! Guess you're off to undermine~freedom for your masters!"
vox_plr_1_build_add_0,"Let's see, let's see. Insert tab A into slot B and pound~it with a hammer. Got it!","Let's see, let's see. Insert tab A into slot B and pound~it with a hammer. Got it!"
vox_plr_1_build_add_1,This would be a lot easier with picture instructions. I'm~not good with the words!,This would be a lot easier with picture instructions. I'm~not good with the words!
vox_plr_1_build_add_2,"If I wanted to build stuff, I would have gone to build~stuff school.","If I wanted to build stuff, I would have gone to build~stuff school."
vox_plr_1_build_final_0,Remember that time I couldn't remember what it was I~couldn't remember? Remember? Conspiracy!,Remember that time I couldn't remember what it was I~couldn't remember? Remember? Conspiracy!
vox_plr_1_build_final_1,I hope I'm doing this right. I don't want that slunt to~see me screw it up.,I hope I'm doing this right. I don't want that slunt to~see me screw it up.
vox_plr_1_build_final_2,"Oh, if this ain't right, I'll just hide it so no one knows~I messed up. Oh, genius.","Oh, if this ain't right, I'll just hide it so no one knows~I messed up. Oh, genius."
vox_plr_1_build_pck_bjetgun_0,"I made this because I'm not stupid. No, I'm smart.","I made this because I'm not stupid. No, I'm smart."
vox_plr_1_build_pck_bshield_0,"Ah, this should do. Uh, something.","Ah, this should do. Uh, something."
vox_plr_1_build_pck_btrap_0,This looks dangerous.,This looks dangerous.
vox_plr_1_build_pck_bturbine_0,"Hmm, some kind of, uh, device for, uh, yeah.","Hmm, some kind of, uh, device for, uh, yeah."
vox_plr_1_build_pck_bturret_0,Hoo-hoo! Lookie that! It's a... Yeah... What is it?,Hoo-hoo! Lookie that! It's a... Yeah... What is it?
vox_plr_1_build_pck_wjetgun_0,"Finders, Reapers, Losers, Sleepers.","Finders, Reapers, Losers, Sleepers."
vox_plr_1_build_pck_wshield_0,"Oh, yeah, this will be great for... I got nothing.","Oh, yeah, this will be great for... I got nothing."
vox_plr_1_build_pck_wtrap_0,Gonna zap some snacks!,Gonna zap some snacks!
vox_plr_1_build_pck_wturbine_0,"Yeah! This will be great for the, uh... When you... Ah,~whatever.","Yeah! This will be great for the, uh... When you... Ah,~whatever."
vox_plr_1_build_pck_wturret_0,"Okay, you do your thing. I'll just watch.","Okay, you do your thing. I'll just watch."
vox_plr_1_build_pickup_0,This is definitely a thing.,This is definitely a thing.
vox_plr_1_build_pickup_1,I know what this is for. What is this for?,I know what this is for. What is this for?
vox_plr_1_build_pickup_2,This is definitely a part of that other thing that I saw~that time.,This is definitely a part of that other thing that I saw~that time.
vox_plr_1_build_plc_shield_0,"Hoo hoo hoo, boy! This thing's heavy!","Hoo hoo hoo, boy! This thing's heavy!"
vox_plr_1_build_plc_trap_0,"Yeah, I'm staying the hell away from that stupid thing.","Yeah, I'm staying the hell away from that stupid thing."
vox_plr_1_build_plc_turbine_0,"Oh, wait a minute. You mean I actually turned something~on?","Oh, wait a minute. You mean I actually turned something~on?"
vox_plr_1_build_plc_turbine_1,"Ugh, never trust a machine.","Ugh, never trust a machine."
vox_plr_1_build_plc_turbine_2,Powered by Conspiracy.,Powered by Conspiracy.
vox_plr_1_build_plc_turret_0,"Yep, I know exactly what this is. Absolutely.","Yep, I know exactly what this is. Absolutely."
vox_plr_1_build_swap_0,"Stand back, everyone! I've got it all under control!","Stand back, everyone! I've got it all under control!"
vox_plr_1_build_swap_1,"Maybe this thing instead? Oh, dammit, I don't know!","Maybe this thing instead? Oh, dammit, I don't know!"
vox_plr_1_build_swap_2,Everything can be fixed by hitting it with a hammer. Rule~38.,Everything can be fixed by hitting it with a hammer. Rule~38.
vox_plr_1_bus_down_0,AHH! HELP! ONE OF THEM'S GOT ME!,AHH! HELP! ONE OF THEM'S GOT ME!
vox_plr_1_bus_down_1,I don't want to die face down in someone's spit!,I don't want to die face down in someone's spit!
vox_plr_1_bus_down_2,I'm dying! I just slipped in the blood of the millions of~gut-gobblers that I killed! Let it be known.,I'm dying! I just slipped in the blood of the millions of~gut-gobblers that I killed! Let it be known.
vox_plr_1_bus_down_3,I'm going down! For the last time!,I'm going down! For the last time!
vox_plr_1_bus_down_4,I just wish that Bimbo wasn't here to see me go out like~this.,I just wish that Bimbo wasn't here to see me go out like~this.
vox_plr_1_bus_ride_0,"Well, it's a good thing this ride's free.","Well, it's a good thing this ride's free."
vox_plr_1_bus_ride_1,Shocks on this bus are all shot to hell.,Shocks on this bus are all shot to hell.
vox_plr_1_bus_ride_2,Bumpiest ride ever.,Bumpiest ride ever.
vox_plr_1_bus_ride_3,"You know who owns this bus line, right? Everyone knows!~It's them!","You know who owns this bus line, right? Everyone knows!~It's them!"
vox_plr_1_bus_ride_4,"Better than walking, I guess.","Better than walking, I guess."
vox_plr_1_bus_stop_0,We're here!,We're here!
vox_plr_1_bus_stop_1,Get off if you want! I never do.,Get off if you want! I never do.
vox_plr_1_bus_stop_2,Bus is slowing down.,Bus is slowing down.
vox_plr_1_bus_stop_3,Looks like we're stopping!,Looks like we're stopping!
vox_plr_1_bus_stop_4,"Wait, why are we slowing down?","Wait, why are we slowing down?"
vox_plr_1_bus_zom_atk_0,"Too good to last, I guess!","Too good to last, I guess!"
vox_plr_1_bus_zom_atk_1,Here come the chest chompers!,Here come the chest chompers!
vox_plr_1_bus_zom_atk_2,BULLET BEAT AT 12 O'CLOCK!,BULLET BEAT AT 12 O'CLOCK!
vox_plr_1_bus_zom_atk_3,Shoot those roamers!,Shoot those roamers!
vox_plr_1_bus_zom_atk_4,WIPE EM OUT!,WIPE EM OUT!
vox_plr_1_bus_zom_chase_0,Line them up and mow them down!,Line them up and mow them down!
vox_plr_1_bus_zom_chase_1,No stragglers!,No stragglers!
vox_plr_1_bus_zom_chase_2,I don't want these creeps catching up at the next stop!,I don't want these creeps catching up at the next stop!
vox_plr_1_bus_zom_chase_3,TAKE EM DOWN!,TAKE EM DOWN!
vox_plr_1_bus_zom_chase_4,PUT EM BACK IN THE GRAVE!,PUT EM BACK IN THE GRAVE!
vox_plr_1_bus_zom_climb_0,Great! Came out here to be safe. So much for that!,Great! Came out here to be safe. So much for that!
vox_plr_1_bus_zom_climb_1,They're everywhere!,They're everywhere!
vox_plr_1_bus_zom_climb_2,Shoot them or we're all finished!,Shoot them or we're all finished!
vox_plr_1_bus_zom_climb_3,They're all over the place!,They're all over the place!
vox_plr_1_bus_zom_climb_4,MO'EM DOWN!,MO'EM DOWN!
vox_plr_1_bus_zom_ent_0,"They're in here with us! Oh, just how did that happen? Who~paid you to let that happen?","They're in here with us! Oh, just how did that happen? Who~paid you to let that happen?"
vox_plr_1_bus_zom_ent_1,WE'RE GETTING OVERRUN!,WE'RE GETTING OVERRUN!
vox_plr_1_bus_zom_ent_2,GIMPS ON THE WIRE! GIMPS ON THE WIRE!,GIMPS ON THE WIRE! GIMPS ON THE WIRE!
vox_plr_1_bus_zom_ent_3,LAY DOWN SOME COVER DAMMIT!,LAY DOWN SOME COVER DAMMIT!
vox_plr_1_bus_zom_ent_4,"Oh, mommy! I don't want to die!","Oh, mommy! I don't want to die!"
vox_plr_1_bus_zom_none_0,"No knee-nobblers? Oh, that's a first.","No knee-nobblers? Oh, that's a first."
vox_plr_1_bus_zom_none_1,Looks pretty safe.,Looks pretty safe.
vox_plr_1_bus_zom_none_2,"Okay, I bite. What gives?","Okay, I bite. What gives?"
vox_plr_1_bus_zom_none_3,"Safety. Can't buy it, only rent it.","Safety. Can't buy it, only rent it."
vox_plr_1_bus_zom_roof_0,THEY'RE ALL OVER THE ROOF!,THEY'RE ALL OVER THE ROOF!
vox_plr_1_bus_zom_roof_1,THEY'RE COMING IN FROM ABOVE!,THEY'RE COMING IN FROM ABOVE!
vox_plr_1_bus_zom_roof_2,"Ah, shoot up, dummies! Oh, we're all gonna die.","Ah, shoot up, dummies! Oh, we're all gonna die."
vox_plr_1_bus_zom_roof_3,Shoot him! SHOOT HIM!,Shoot him! SHOOT HIM!
vox_plr_1_bus_zom_roof_4,"Just open your eyes and shoot, woman!","Just open your eyes and shoot, woman!"
vox_plr_1_crawler_attack_0,Get it off me! Get it off me!,Get it off me! Get it off me!
vox_plr_1_crawler_attack_1,Ugh! Attacking Samuel is punishable by death!,Ugh! Attacking Samuel is punishable by death!
vox_plr_1_crawler_attack_2,"Oh, pleurisy, don't kill me!","Oh, pleurisy, don't kill me!"
vox_plr_1_crawler_attack_3,Get down and stay down!,Get down and stay down!
vox_plr_1_crawler_attack_4,TOE BITING GEEK!,TOE BITING GEEK!
vox_plr_1_crawler_kill_0,"SUCK SHELLS, YA NECKNIBBLER!","SUCK SHELLS, YA NECKNIBBLER!"
vox_plr_1_crawler_kill_1,"How you like that, bullet bait?","How you like that, bullet bait?"
vox_plr_1_crawler_kill_2,"I DON'T PLAY GAMES, GUTSLOBBER!","I DON'T PLAY GAMES, GUTSLOBBER!"
vox_plr_1_crawler_kill_3,Is it dead?,Is it dead?
vox_plr_1_crawler_kill_4,Killing is my business. And business is good!,Killing is my business. And business is good!
vox_plr_1_crawler_start_0,No more track meets!,No more track meets!
vox_plr_1_crawler_start_1,"Finally, I catch a break!","Finally, I catch a break!"
vox_plr_1_crawler_start_2,"No legs? I don't need to run. I mean, you can't run away!","No legs? I don't need to run. I mean, you can't run away!"
vox_plr_1_crawler_start_3,So squirmy.,So squirmy.
vox_plr_1_crawler_start_4,"Well, your move, Meat Jockey!","Well, your move, Meat Jockey!"
vox_plr_1_earn_acheivement_0,"Oh, that didn't surprise me. No, I know all about those~things. I read about how they plant them everywhere.","Oh, that didn't surprise me. No, I know all about those~things. I read about how they plant them everywhere."
vox_plr_1_find_secret_0,I knew that was there all along.,I knew that was there all along.
vox_plr_1_heal_revived_0,I saw a tunnel of light! And my mother was there!,I saw a tunnel of light! And my mother was there!
vox_plr_1_heal_revived_1,Don't think this means I owe you any favors!,Don't think this means I owe you any favors!
vox_plr_1_heal_revived_2,Samuel J. Stuhlinger pays his debts. Too bad I don't think~I owe you a debt.,Samuel J. Stuhlinger pays his debts. Too bad I don't think~I owe you a debt.
vox_plr_1_heal_revived_3,"You only save my ass cause without me, you're dead meat~and you know it. Mmm, meat.","You only save my ass cause without me, you're dead meat~and you know it. Mmm, meat."
vox_plr_1_heal_revived_4,"I know what's really going on here. Oh yeah, you don't~fool me. No, no, no, no. I know all about it. All about|that secret stuff. Don't you look confused. You know.","I know what's really going on here. Oh yeah, you don't~fool me. No, no, no, no. I know all about it. All about|that secret stuff. Don't you look confused. You know."
vox_plr_1_hr_resp_avogadro_attack_0,"Oh, pitch up tight, Russ!","Oh, pitch up tight, Russ!"
vox_plr_1_hr_resp_avogadro_attack_1,"Oh, don't let him in ya, Russ!","Oh, don't let him in ya, Russ!"
vox_plr_1_hr_resp_avogadro_attack_2,You keep your tools away from my friend's end!,You keep your tools away from my friend's end!
vox_plr_1_hr_resp_avogadro_attack_3,"I'll kill you, you... think from out there!","I'll kill you, you... think from out there!"
vox_plr_1_hr_resp_avogadro_attack_4,"Oh, come on, Stuhlinger, do something! It's killing Big~Russ!","Oh, come on, Stuhlinger, do something! It's killing Big~Russ!"
vox_plr_1_hr_resp_crawler_start_0,"Hey, good one, Russ! Now I can eat, uh, kick its face in~easier!","Hey, good one, Russ! Now I can eat, uh, kick its face in~easier!"
vox_plr_1_hr_resp_crawler_start_1,"Oh, that cut him down to size! Get it? Down to size? Oh,~man! I am funny!","Oh, that cut him down to size! Get it? Down to size? Oh,~man! I am funny!"
vox_plr_1_hr_resp_crawler_start_2,"Well, must be halftime in Zombie Town. Get it? Half time?~Hilarious!","Well, must be halftime in Zombie Town. Get it? Half time?~Hilarious!"
vox_plr_1_hr_resp_crawler_start_3,That sure took the steam out of those skin garglers!,That sure took the steam out of those skin garglers!
vox_plr_1_hr_resp_crawler_start_4,"Good job, Russ! You couldn't have timed it better.","Good job, Russ! You couldn't have timed it better."
vox_plr_1_hr_resp_kill_headshot_0,"Good shot, hero!","Good shot, hero!"
vox_plr_1_hr_resp_kill_headshot_1,"Sir, I'd just like to say, your generation knew what honor~was all about!","Sir, I'd just like to say, your generation knew what honor~was all about!"
vox_plr_1_hr_resp_kill_headshot_2,"That is some nice shooting, Russman!","That is some nice shooting, Russman!"
vox_plr_1_hr_resp_kill_headshot_3,"Oh, you nailed him! I'm gonna call you Russ the Nailer!","Oh, you nailed him! I'm gonna call you Russ the Nailer!"
vox_plr_1_hr_resp_kill_headshot_4,"Oh, you put down that gristle dinner real good!","Oh, you put down that gristle dinner real good!"
vox_plr_1_hr_resp_screecher_attack_0,"Knife it, Russ! Knife it!","Knife it, Russ! Knife it!"
vox_plr_1_hr_resp_screecher_attack_1,"Come on, Big Russ! You can take that little thing!","Come on, Big Russ! You can take that little thing!"
vox_plr_1_hr_resp_screecher_attack_2,Slash it! Quick!,Slash it! Quick!
vox_plr_1_hr_resp_screecher_attack_3,"Bring it here, Russ! I'll beat it off!","Bring it here, Russ! I'll beat it off!"
vox_plr_1_hr_resp_screecher_attack_4,Hey! You leave that hero alone!,Hey! You leave that hero alone!
vox_plr_1_hr_resp_surrounded_0,"Stay alive, Russman! I'll find you!","Stay alive, Russman! I'll find you!"
vox_plr_1_hr_resp_surrounded_1,"Stay on your feet, old pal! I am coming!","Stay on your feet, old pal! I am coming!"
vox_plr_1_hr_resp_surrounded_2,RUSS! NOOOO!,RUSS! NOOOO!
vox_plr_1_hr_resp_surrounded_3,"I'm coming, Russ buddy!","I'm coming, Russ buddy!"
vox_plr_1_hr_resp_surrounded_4,"Swing that steel, Russman! I'm on my way!","Swing that steel, Russman! I'm on my way!"
vox_plr_1_hr_resp_wpck_monkey_0,"Hey, what say we team up on this one, huh?","Hey, what say we team up on this one, huh?"
vox_plr_1_hr_resp_wpck_monkey_1,"Oh, make them go boom, Russell, buddy. I'll finish them~off.","Oh, make them go boom, Russell, buddy. I'll finish them~off."
vox_plr_1_hr_resp_wpck_monkey_2,"You got the pick of the litter, Russman!","You got the pick of the litter, Russman!"
vox_plr_1_hr_resp_wpck_monkey_3,"Oh, now that's a score! Oh, that supernatural box from~Atlantis must like you! Oh, wow. Okay, I've said too much.","Oh, now that's a score! Oh, that supernatural box from~Atlantis must like you! Oh, wow. Okay, I've said too much."
vox_plr_1_hr_resp_wpck_monkey_4,That box of lies comes right out of the Bermuda Triangle.~I read.,That box of lies comes right out of the Bermuda Triangle.~I read.
vox_plr_1_kill_close_0,Shhh! Go to sleep! Go to sleep!,Shhh! Go to sleep! Go to sleep!
vox_plr_1_kill_close_1,"Gargle Knife, ya snot gobblers!","Gargle Knife, ya snot gobblers!"
vox_plr_1_kill_close_2,"Rejected! Oh, saw that coming for miles!","Rejected! Oh, saw that coming for miles!"
vox_plr_1_kill_close_3,"Take that, lunch bucket!","Take that, lunch bucket!"
vox_plr_1_kill_close_4,And you thought I was asleep!,And you thought I was asleep!
vox_plr_1_kill_damaged_0,"Oh no, you don't bite me, I bite you!","Oh no, you don't bite me, I bite you!"
vox_plr_1_kill_damaged_1,Ring them up! You're lunch meat!,Ring them up! You're lunch meat!
vox_plr_1_kill_damaged_2,"Man, I'm working up an appetite.","Man, I'm working up an appetite."
vox_plr_1_kill_damaged_3,"Okay, now you're just making me hungry!","Okay, now you're just making me hungry!"
vox_plr_1_kill_damaged_4,"Hey, get back! I'll kill you again!","Hey, get back! I'll kill you again!"
vox_plr_1_kill_explo_0,"Oh, what a mess!","Oh, what a mess!"
vox_plr_1_kill_explo_1,Ow! My ears!,Ow! My ears!
vox_plr_1_kill_explo_2,"Question, what makes the grass grow? Answer, zombie blood!","Question, what makes the grass grow? Answer, zombie blood!"
vox_plr_1_kill_explo_3,Stupid skin munchers!,Stupid skin munchers!
vox_plr_1_kill_explo_4,"BURN, YOU STUPID CRAP SNACKS! BURN!","BURN, YOU STUPID CRAP SNACKS! BURN!"
vox_plr_1_kill_headshot_0,Just a smear.,Just a smear.
vox_plr_1_kill_headshot_1,"Oh, reach out and touch someone!","Oh, reach out and touch someone!"
vox_plr_1_kill_headshot_2,Did I do that?,Did I do that?
vox_plr_1_kill_headshot_3,Oop! No dodgin' that one!,Oop! No dodgin' that one!
vox_plr_1_kill_headshot_4,SKA-DOO!,SKA-DOO!
vox_plr_1_kill_headshot_5,That's a hole in one!,That's a hole in one!
vox_plr_1_kill_headshot_6,Eyes like a... like a... really good eyes!,Eyes like a... like a... really good eyes!
vox_plr_1_kill_headshot_7,Who like putting bullets into a barn door?,Who like putting bullets into a barn door?
vox_plr_1_kill_headshot_8,"Holy cow! I really did it! I mean, yeah! I did it!","Holy cow! I really did it! I mean, yeah! I did it!"
vox_plr_1_kill_headshot_9,From me to you!,From me to you!
vox_plr_1_kill_insta_0,"ON THE GROUND, CORPSE KISSER!","ON THE GROUND, CORPSE KISSER!"
vox_plr_1_kill_insta_1,"One hit, one kill.","One hit, one kill."
vox_plr_1_kill_insta_2,And another geek bites the dust.,And another geek bites the dust.
vox_plr_1_kill_insta_3,I earned that!,I earned that!
vox_plr_1_kill_jet_0,Ooh! Getting messy around here!,Ooh! Getting messy around here!
vox_plr_1_kill_jet_1,Goon Grinder engaged!,Goon Grinder engaged!
vox_plr_1_kill_jet_2,"Zeke's Soup coming up! Mmm, soup.","Zeke's Soup coming up! Mmm, soup."
vox_plr_1_kill_jet_3,"I gotta admit, this was worth the effort.","I gotta admit, this was worth the effort."
vox_plr_1_kill_jet_4,"Sucks you in, squirts you out.","Sucks you in, squirts you out."
vox_plr_1_kill_limb_0,I DISARMED THE ENEMY! Get it? Huh? Disarmed? That's lost~on you.,I DISARMED THE ENEMY! Get it? Huh? Disarmed? That's lost~on you.
vox_plr_1_kill_limb_1,"Oh, missed the head again. Damn it!","Oh, missed the head again. Damn it!"
vox_plr_1_kill_limb_2,Die! Why won't you die?,Die! Why won't you die?
vox_plr_1_kill_limb_3,Whoa! Check that attitude out of towner!,Whoa! Check that attitude out of towner!
vox_plr_1_kill_limb_4,Grievous Bodily Arm!,Grievous Bodily Arm!
vox_plr_1_kill_monkey_0,"Monkey go boom! Ha ha! Ah, stink stiffs can't resist!","Monkey go boom! Ha ha! Ah, stink stiffs can't resist!"
vox_plr_1_kill_monkey_1,"Come on! Clap, monkey, clap!","Come on! Clap, monkey, clap!"
vox_plr_1_kill_monkey_2,Ho ho ho ho ho! Juicy Zomberoonies!,Ho ho ho ho ho! Juicy Zomberoonies!
vox_plr_1_kill_monkey_3,"Oh, I love the smell of deep fried drudgers in the~morning.","Oh, I love the smell of deep fried drudgers in the~morning."
vox_plr_1_kill_monkey_4,"Oh, stupid back biters fall for it every time.","Oh, stupid back biters fall for it every time."
vox_plr_1_kill_ray_0,"You like that, bullet bait? Huh? You want seconds?","You like that, bullet bait? Huh? You want seconds?"
vox_plr_1_kill_ray_1,"Okay, who else wants a piece of this?","Okay, who else wants a piece of this?"
vox_plr_1_kill_ray_2,Flash Fried.,Flash Fried.
vox_plr_1_kill_ray_3,Woo! That can't feel good!,Woo! That can't feel good!
vox_plr_1_kill_ray_4,"Line up, gut gougers! Dying time is here!","Line up, gut gougers! Dying time is here!"
vox_plr_1_kill_streak_0,"Wow! I'm really doing it! I mean, yeah! I'm a badass!","Wow! I'm really doing it! I mean, yeah! I'm a badass!"
vox_plr_1_kill_streak_1,Recognize the power!,Recognize the power!
vox_plr_1_kill_streak_2,"Call the doctor, cause I'm getting a four-hour hard-on!","Call the doctor, cause I'm getting a four-hour hard-on!"
vox_plr_1_kill_streak_3,Are they dead? Did I get them all?,Are they dead? Did I get them all?
vox_plr_1_kill_streak_4,Get in my way and get dead!,Get in my way and get dead!
vox_plr_1_kill_streak_5,Let's shut y'all up!,Let's shut y'all up!
vox_plr_1_kill_streak_6,I hope no one knows that was all luck!,I hope no one knows that was all luck!
vox_plr_1_kill_streak_7,Victory is expected when you're a physically superior~specimen!,Victory is expected when you're a physically superior~specimen!
vox_plr_1_kill_streak_8,Yeah! Nothing can stop Stuhlinger!,Yeah! Nothing can stop Stuhlinger!
vox_plr_1_kill_streak_9,Beware the last real man on Earth!,Beware the last real man on Earth!
vox_plr_1_map_in_1forest1_0,"Oh, oh, oh, trees!","Oh, oh, oh, trees!"
vox_plr_1_map_in_1forest2_0,"Ah, these trees smell so nice!","Ah, these trees smell so nice!"
vox_plr_1_map_in_1forest3_0,"I bet you I could count all those trees. One, two, uh,~slow down!","I bet you I could count all those trees. One, two, uh,~slow down!"
vox_plr_1_map_in_1forest4_0,I've never met a tree!,I've never met a tree!
vox_plr_1_map_in_2forest1_0,A tree would never betray you.,A tree would never betray you.
vox_plr_1_map_in_2forest2_0,"Oh, this is one heck of a forest!","Oh, this is one heck of a forest!"
vox_plr_1_map_in_2forest3_0,"Man, how many forests do they have around here? Golly!","Man, how many forests do they have around here? Golly!"
vox_plr_1_map_in_2forest4_0,I love this forest.,I love this forest.
vox_plr_1_map_in_bridge1_0,Last time I trust that thing.,Last time I trust that thing.
vox_plr_1_map_in_bridge2_0,I don't think this is very safe. At least that's what they~want you to think.,I don't think this is very safe. At least that's what they~want you to think.
vox_plr_1_map_in_bridge3_0,"Oh, it's so high up. That'd be some fall. Ah, it's fine.","Oh, it's so high up. That'd be some fall. Ah, it's fine."
vox_plr_1_map_in_bridge4_0,"Oh, oh, I think I'm getting, I'm getting vertigulo.","Oh, oh, I think I'm getting, I'm getting vertigulo."
vox_plr_1_map_in_bus1_0,"Oh, hey, this is nice.","Oh, hey, this is nice."
vox_plr_1_map_in_bus2_0,"Oh man, the bathrooms are so clean!","Oh man, the bathrooms are so clean!"
vox_plr_1_map_in_bus3_0,You find the best reading materials at bus stations. It's~true. Especially in the John.,You find the best reading materials at bus stations. It's~true. Especially in the John.
vox_plr_1_map_in_bus4_0,"Yep, every time I come here, I see something new that's~just fascinating.","Yep, every time I come here, I see something new that's~just fascinating."
vox_plr_1_map_in_corn1_0,"What's this tall stuff? Co- Corn? No. Oh, wow!","What's this tall stuff? Co- Corn? No. Oh, wow!"
vox_plr_1_map_in_corn2_0,"Corn? Wait, corn grows out of the ground? What? No, no~way!","Corn? Wait, corn grows out of the ground? What? No, no~way!"
vox_plr_1_map_in_corn3_0,"Whoa, whoa, whoa, wait. This is corn? I thought corn was~yellow!","Whoa, whoa, whoa, wait. This is corn? I thought corn was~yellow!"
vox_plr_1_map_in_corn4_0,"No, I don't think we've been here before. I think I would~have remembered seeing... Corn! Wow!","No, I don't think we've been here before. I think I would~have remembered seeing... Corn! Wow!"
vox_plr_1_map_in_diner1_0,I wonder if I could just dig a cellar and just live here~year-round. What do you think?,I wonder if I could just dig a cellar and just live here~year-round. What do you think?
vox_plr_1_map_in_diner2_0,"Got your gas, got your zombies, got your lodging. Man's~got everything he needs right here.","Got your gas, got your zombies, got your lodging. Man's~got everything he needs right here."
vox_plr_1_map_in_diner3_0,"Oh goody, it's the gas station again!","Oh goody, it's the gas station again!"
vox_plr_1_map_in_diner4_0,It's just so homey. I wish I could just move in.,It's just so homey. I wish I could just move in.
vox_plr_1_map_in_farm1_0,"Oh, it's a farm! What do they do here?","Oh, it's a farm! What do they do here?"
vox_plr_1_map_in_farm2_0,"Oh, wow. I haven't seen a farm in, well, I don't know how~long.","Oh, wow. I haven't seen a farm in, well, I don't know how~long."
vox_plr_1_map_in_farm3_0,I haven't seen a farm in years.,I haven't seen a farm in years.
vox_plr_1_map_in_farm4_0,"Oh, this is so cool! I don't think I've ever been to a~real farm before!","Oh, this is so cool! I don't think I've ever been to a~real farm before!"
vox_plr_1_map_in_fog_0,"Oh, boy. This, uh, this seems unpleasant.","Oh, boy. This, uh, this seems unpleasant."
vox_plr_1_map_in_fog_1,It smells funny in here!,It smells funny in here!
vox_plr_1_map_in_fog_2,Hey! What's that noise? Oh! It's me yelling at the top of~my lungs! Sorry!,Hey! What's that noise? Oh! It's me yelling at the top of~my lungs! Sorry!
vox_plr_1_map_in_fog_3,I CAN'T SEE SHIT IN HERE!,I CAN'T SEE SHIT IN HERE!
vox_plr_1_map_in_fog_4,Where is everyone? Don't leave me!,Where is everyone? Don't leave me!
vox_plr_1_map_in_power1_0,"Gosh, this seems like a really safe place.","Gosh, this seems like a really safe place."
vox_plr_1_map_in_power2_0,I bet nothing bad ever happens here.,I bet nothing bad ever happens here.
vox_plr_1_map_in_power3_0,I'd say this looks about as safe as marshmallows.,I'd say this looks about as safe as marshmallows.
vox_plr_1_map_in_power4_0,I can't wait to explore and see all the fun stuff.,I can't wait to explore and see all the fun stuff.
vox_plr_1_map_in_town1_0,"Let me tell you, this place is paradise compared to where~I'm from.","Let me tell you, this place is paradise compared to where~I'm from."
vox_plr_1_map_in_town2_0,"Hey, this looks like a fun town. How come we've never come~here before?","Hey, this looks like a fun town. How come we've never come~here before?"
vox_plr_1_map_in_town3_0,When did they build a town here?,When did they build a town here?
vox_plr_1_map_in_town4_0,"Oh, you scamps! You're pulling my leg! We've never been~here before!","Oh, you scamps! You're pulling my leg! We've never been~here before!"
vox_plr_1_map_in_tunnel1_0,I can live in a tunnel all the time!,I can live in a tunnel all the time!
vox_plr_1_map_in_tunnel2_0,"Ah, I wonder if zombies can burrow.","Ah, I wonder if zombies can burrow."
vox_plr_1_map_in_tunnel3_0,Tight and closed spaces make me feel safe. So safe.,Tight and closed spaces make me feel safe. So safe.
vox_plr_1_map_in_tunnel4_0,"Now I know everyone else hates this, but I think it's~awesome!","Now I know everyone else hates this, but I think it's~awesome!"
vox_plr_1_map_out_1forest_0,I'm glad I got to see a forest before I died.,I'm glad I got to see a forest before I died.
vox_plr_1_map_out_2forest_0,"A forest! And this one has trees! Ah, it's too bad we~can't stay.","A forest! And this one has trees! Ah, it's too bad we~can't stay."
vox_plr_1_map_out_bridge_0,That bridge was amazing. It's a miracle it's still~standing.,That bridge was amazing. It's a miracle it's still~standing.
vox_plr_1_map_out_bus_0,"So long, bus station!","So long, bus station!"
vox_plr_1_map_out_corn_0,"See ya, corn!","See ya, corn!"
vox_plr_1_map_out_diner_0,"Too bad I'll never see you again, gas station!","Too bad I'll never see you again, gas station!"
vox_plr_1_map_out_farm_0,"Ugh, farms sure are neat! We should go to one!","Ugh, farms sure are neat! We should go to one!"
vox_plr_1_map_out_fog_0,"Boy, oh boy, that sure was fun, huh?","Boy, oh boy, that sure was fun, huh?"
vox_plr_1_map_out_fog_1,I could do that all day!,I could do that all day!
vox_plr_1_map_out_fog_2,"My, my, what an exciting tour!","My, my, what an exciting tour!"
vox_plr_1_map_out_fog_3,"Now, what do you call it when the air's all full of water~like that?","Now, what do you call it when the air's all full of water~like that?"
vox_plr_1_map_out_fog_4,"Hey, hey, hey, hey, can we go back in? Can we? Like, right~now!","Hey, hey, hey, hey, can we go back in? Can we? Like, right~now!"
vox_plr_1_map_out_power_0,"Wow, that was really fun, you guys!","Wow, that was really fun, you guys!"
vox_plr_1_map_out_town_0,We'll probably never see another town ever again.,We'll probably never see another town ever again.
vox_plr_1_map_out_tunnel_0,"Be seeing ya, Mr. Tunnel!","Be seeing ya, Mr. Tunnel!"
vox_plr_1_nomoney_box_0,I wouldn't spend cash on that box even if I wasn't broke.,I wouldn't spend cash on that box even if I wasn't broke.
vox_plr_1_nomoney_generic_0,"Me? I don't have any money. Oh, but the Global Banking~Conspiracy can buy themselves all the zombies they want.|How fair is that?","Me? I don't have any money. Oh, but the Global Banking~Conspiracy can buy themselves all the zombies they want.|How fair is that?"
vox_plr_1_nomoney_perk_0,"Me? I don't have any money. Oh, but the Global Banking~Conspiracy can buy themselves all the zombies they want.|How fair is that?","Me? I don't have any money. Oh, but the Global Banking~Conspiracy can buy themselves all the zombies they want.|How fair is that?"
vox_plr_1_nomoney_weapon_0,"I don't have cash for a gun, but someone's paying these~zombies. Oh yeah, they're getting secret government|handouts.","I don't have cash for a gun, but someone's paying these~zombies. Oh yeah, they're getting secret government|handouts."
vox_plr_1_oh_shit_0,I'd rather be judged by 12 than eaten by 6!,I'd rather be judged by 12 than eaten by 6!
vox_plr_1_oh_shit_1,I don't want to die! I haven't figured out who's behind it~all yet!,I don't want to die! I haven't figured out who's behind it~all yet!
vox_plr_1_oh_shit_10,Hey! Somebody comes and helps me out! I promise to tell~you what's REALLY going on!,Hey! Somebody comes and helps me out! I promise to tell~you what's REALLY going on!
vox_plr_1_oh_shit_11,"Oh, gee whiz! I'm not ready to die!","Oh, gee whiz! I'm not ready to die!"
vox_plr_1_oh_shit_12,Yeah! Get some! Get some! All of y'all can get some!,Yeah! Get some! Get some! All of y'all can get some!
vox_plr_1_oh_shit_13,AHHHH! THIS HERE'S A DESPERATE MOMENT!,AHHHH! THIS HERE'S A DESPERATE MOMENT!
vox_plr_1_oh_shit_14,"Hey, what if I just joined them? Yeah, became a fungus~comer. I definitely know who's behind it then.","Hey, what if I just joined them? Yeah, became a fungus~comer. I definitely know who's behind it then."
vox_plr_1_oh_shit_2,And who told you to come after me? Huh? Why do they want~me dead?,And who told you to come after me? Huh? Why do they want~me dead?
vox_plr_1_oh_shit_3,I KNOW ALL YOU DEADERS ARE WORKING FOR EM!,I KNOW ALL YOU DEADERS ARE WORKING FOR EM!
vox_plr_1_oh_shit_4,I ain't afraid of anything you femur grinders can dish~out!,I ain't afraid of anything you femur grinders can dish~out!
vox_plr_1_oh_shit_5,I'll expose your conspiracy if it's the last thing I do!,I'll expose your conspiracy if it's the last thing I do!
vox_plr_1_oh_shit_6,"Oh, you act like you're mindless flesh burritos, but I~know the truth!","Oh, you act like you're mindless flesh burritos, but I~know the truth!"
vox_plr_1_oh_shit_7,"Come on! Come here and get stabbed, you Bermuda Triangle~barf chuckers!","Come on! Come here and get stabbed, you Bermuda Triangle~barf chuckers!"
vox_plr_1_oh_shit_8,I GOT ENOUGH BULLETS FOR EVERYONE IN ATLANTIS!,I GOT ENOUGH BULLETS FOR EVERYONE IN ATLANTIS!
vox_plr_1_oh_shit_9,"Oh, yeah. Yeah, man! Going out in a blaze of glory, just~like the voice has told me to.","Oh, yeah. Yeah, man! Going out in a blaze of glory, just~like the voice has told me to."
vox_plr_1_pap_arm_0,"Oh, sweet mercy. It's like a gun got together with another~gun and gave birth to a super gun.","Oh, sweet mercy. It's like a gun got together with another~gun and gave birth to a super gun."
vox_plr_1_pap_arm_1,"If the rest of them discover what I've... No! No! No!~Don't even think about it, Stuhlinger. They can never|know.","If the rest of them discover what I've... No! No! No!~Don't even think about it, Stuhlinger. They can never|know."
vox_plr_1_pap_arm_2,"Mighty tool for a mighty man. Me, Samuel J. Stuhlinger,~the most not crazy man of all time.","Mighty tool for a mighty man. Me, Samuel J. Stuhlinger,~the most not crazy man of all time."
vox_plr_1_pap_arm_3,"Okay, can't let Russman hear me talking to myself again.","Okay, can't let Russman hear me talking to myself again."
vox_plr_1_pap_arm_4,Ha! That geek Marlton wishes he could build something like~this!,Ha! That geek Marlton wishes he could build something like~this!
vox_plr_1_pap_arm2_0,"Oh, yeah. Long Distance Pain Delivery Machine.","Oh, yeah. Long Distance Pain Delivery Machine."
vox_plr_1_pap_arm2_1,Huh? What's that? I should point you at things I don't~like and you'll kill them for me? Oh! This is gonna be a|beautiful relationship!,Huh? What's that? I should point you at things I don't~like and you'll kill them for me? Oh! This is gonna be a|beautiful relationship!
vox_plr_1_pap_arm2_2,"I can't wait to let you rip on a bunch of deadites. And if~anyone gets in the way, oh well.","I can't wait to let you rip on a bunch of deadites. And if~anyone gets in the way, oh well."
vox_plr_1_pap_arm2_3,I wonder if I should trust this super gun technology.~Everyone knows it came from the Hollow Earth.,I wonder if I should trust this super gun technology.~Everyone knows it came from the Hollow Earth.
vox_plr_1_pap_arm2_4,"Oh, this thing's going to do some glorious damage.","Oh, this thing's going to do some glorious damage."
vox_plr_1_pap_hint_0,Huh. Something funny about this place.,Huh. Something funny about this place.
vox_plr_1_pap_hint_1,"Ah, some kind of global banking conspiracy going on here.","Ah, some kind of global banking conspiracy going on here."
vox_plr_1_pap_hint_2,I feel like I might have been here before or something.,I feel like I might have been here before or something.
vox_plr_1_pap_wait_0,"Oh, everyone's always talking, saying I'm crazy, saying I~talk to myself. I don't do that. I never talk to myself.|I'm not crazy. They're crazy.","Oh, everyone's always talking, saying I'm crazy, saying I~talk to myself. I don't do that. I never talk to myself.|I'm not crazy. They're crazy."
vox_plr_1_pap_wait_1,I am not crazy. I'll kill anyone who thinks that. And I~can hear what you're thinking too. So don't think it.,I am not crazy. I'll kill anyone who thinks that. And I~can hear what you're thinking too. So don't think it.
vox_plr_1_pap_wait_2,Who's that? Show yourself! You think I don't know you're~talking about me?,Who's that? Show yourself! You think I don't know you're~talking about me?
vox_plr_1_pap_wait_3,"Oh, I know what's really going on. I read the underground~newsletters.","Oh, I know what's really going on. I read the underground~newsletters."
vox_plr_1_pap_wait_4,Don't you judge me just because I get hungry. I'm a big~man. I need my protein.,Don't you judge me just because I get hungry. I'm a big~man. I need my protein.
vox_plr_1_pap_wait2_0,"Late at night, when no one's around, I get out the book~and I read all about what's really going on.","Late at night, when no one's around, I get out the book~and I read all about what's really going on."
vox_plr_1_pap_wait2_1,"Another week or two, I'm gonna be the boss of this here~outfit. Oh yeah, and the first thing I do is dump that|Misty.","Another week or two, I'm gonna be the boss of this here~outfit. Oh yeah, and the first thing I do is dump that|Misty."
vox_plr_1_pap_wait2_2,"Oh, I know all about the plots and the schemes. I know~what's really going on. You betcha.","Oh, I know all about the plots and the schemes. I know~what's really going on. You betcha."
vox_plr_1_pap_wait2_3,"That's right, she's next. Asking too many nosy questions~about who I'm always talking to and who I'm eating. No,|no, no, shut up!","That's right, she's next. Asking too many nosy questions~about who I'm always talking to and who I'm eating. No,|no, no, shut up!"
vox_plr_1_pap_wait2_4,"Okay, so I remember seeing this big hairy thing, right?~And he walks behind a rock, and he looks over his right|shoulder, and then he walks behind a tree, and then he~walks behind another tree, and then he just keeps walking,|right? Just keeps walking right into the woods! It~happened!","Okay, so I remember seeing this big hairy thing, right?~And he walks behind a rock, and he looks over his right|shoulder, and then he walks behind a tree, and then he~walks behind another tree, and then he just keeps walking,|right? Just keeps walking right into the woods! It~happened!"
vox_plr_1_perk_doubletap_0,"I'm seeing double. What was in that, man? Fluoride?~Conspiracy!","I'm seeing double. What was in that, man? Fluoride?~Conspiracy!"
vox_plr_1_perk_jugga_0,I didn't think Samuel J. Stuhlinger could get any louder!~Tougher! Tougher! Whatever!,I didn't think Samuel J. Stuhlinger could get any louder!~Tougher! Tougher! Whatever!
vox_plr_1_perk_revive_0,It's like a horse puked in my mouth.,It's like a horse puked in my mouth.
vox_plr_1_perk_speed_0,"Huh, I just learned God Fu.","Huh, I just learned God Fu."
vox_plr_1_perk_stamine_0,Yeah! The power!,Yeah! The power!
vox_plr_1_perk_tombstone_0,"Ugh, that tasted like liquid shock.","Ugh, that tasted like liquid shock."
vox_plr_1_power_core_0,"Okay, and who's been hiding all this from us normal folks,~huh?","Okay, and who's been hiding all this from us normal folks,~huh?"
vox_plr_1_power_core_1,"Well, you can all line up now and thank ol' Samuel J.~Stuhlinger.","Well, you can all line up now and thank ol' Samuel J.~Stuhlinger."
vox_plr_1_power_core_2,"Oh, you like them lights, huh? You're welcome!","Oh, you like them lights, huh? You're welcome!"
vox_plr_1_power_off_0,"Hey, is anyone else? Oh dear. Are the lights out?","Hey, is anyone else? Oh dear. Are the lights out?"
vox_plr_1_power_off_1,Oh boy. It's dark. I hate the dark. Bad shit happens in~the dark.,Oh boy. It's dark. I hate the dark. Bad shit happens in~the dark.
vox_plr_1_power_off_2,We're gonna have to flip on the lights somehow!,We're gonna have to flip on the lights somehow!
vox_plr_1_power_off_3,"Let's get these lights on, people!","Let's get these lights on, people!"
vox_plr_1_power_off_4,Darker than a bee crumbs belly hole in here.,Darker than a bee crumbs belly hole in here.
vox_plr_1_power_on_0,"Well, looky here. Guess old Samuel J. Stuhlinger ain't so~stupid after all, huh?","Well, looky here. Guess old Samuel J. Stuhlinger ain't so~stupid after all, huh?"
vox_plr_1_power_on_1,Yeah! Who needs book learning when you got street smarts~like me?,Yeah! Who needs book learning when you got street smarts~like me?
vox_plr_1_power_on_2,"I'm a regular Thomas Freddison, or whatever his name is,~was.","I'm a regular Thomas Freddison, or whatever his name is,~was."
vox_plr_1_powerup_ammo_0,"Ho ho, fantastic! Now I've got a chance!","Ho ho, fantastic! Now I've got a chance!"
vox_plr_1_powerup_ammo_1,YEAH! YEAH! YEAH!,YEAH! YEAH! YEAH!
vox_plr_1_powerup_ammo_2,You got it!,You got it!
vox_plr_1_powerup_carp_0,"Oh, whew! Thank goodness.","Oh, whew! Thank goodness."
vox_plr_1_powerup_carp_1,I couldn't have held out much longer.,I couldn't have held out much longer.
vox_plr_1_powerup_carp_2,I didn't need that!,I didn't need that!
vox_plr_1_powerup_double_0,"Oh, even I can't screw this up.","Oh, even I can't screw this up."
vox_plr_1_powerup_double_1,Samuel sends you the bill!,Samuel sends you the bill!
vox_plr_1_powerup_double_2,"Come on and try me, you gut-gobblers!","Come on and try me, you gut-gobblers!"
vox_plr_1_powerup_firesale_0,Conspiracy Crate's newest trick. Half-Off!,Conspiracy Crate's newest trick. Half-Off!
vox_plr_1_powerup_firesale_1,"Uh-huh. Why ain't it half off all the time, huh? Answer me~that.","Uh-huh. Why ain't it half off all the time, huh? Answer me~that."
vox_plr_1_powerup_firesale_2,So let me get this straight. You're normally marking up~all the prices double.,So let me get this straight. You're normally marking up~all the prices double.
vox_plr_1_powerup_firesale_3,Just more global financial system manipulation.,Just more global financial system manipulation.
vox_plr_1_powerup_insta_0,Greasy Pop!,Greasy Pop!
vox_plr_1_powerup_insta_1,"Hey! Taste this, dirtbags!","Hey! Taste this, dirtbags!"
vox_plr_1_powerup_insta_2,"Come and get some, filth!","Come and get some, filth!"
vox_plr_1_powerup_nuke_0,Confidence!,Confidence!
vox_plr_1_powerup_nuke_1,ENOUGH OF YOU!,ENOUGH OF YOU!
vox_plr_1_powerup_nuke_2,Did everyone see me do that?,Did everyone see me do that?
vox_plr_1_rebuild_boards_0,"Yep, this is just a conspiracy by the Hammer Company.","Yep, this is just a conspiracy by the Hammer Company."
vox_plr_1_riv_resp_avogadro_attack_0,"Oh, get ready to be investigated! You'll love it!","Oh, get ready to be investigated! You'll love it!"
vox_plr_1_riv_resp_avogadro_attack_1,"Hey, hey, tell you what, tell you what. You take care of~her, you and me are even, okay?","Hey, hey, tell you what, tell you what. You take care of~her, you and me are even, okay?"
vox_plr_1_riv_resp_avogadro_attack_2,"Where's your 10-pound geek of a boyfriend now, Misty?","Where's your 10-pound geek of a boyfriend now, Misty?"
vox_plr_1_riv_resp_avogadro_attack_3,I'm sure you don't need my help. You've made that~perfectly clear in the past.,I'm sure you don't need my help. You've made that~perfectly clear in the past.
vox_plr_1_riv_resp_avogadro_attack_4,"Well, I hate to say I told you so. Who am I kidding? I~love to say I told you so.","Well, I hate to say I told you so. Who am I kidding? I~love to say I told you so."
vox_plr_1_riv_resp_crawler_start_0,Do you have any idea what the hell you're doing?,Do you have any idea what the hell you're doing?
vox_plr_1_riv_resp_crawler_start_1,"You are a danger to yourself and to others, especially me.","You are a danger to yourself and to others, especially me."
vox_plr_1_riv_resp_crawler_start_2,Hey! Hey! Finish what you started!,Hey! Hey! Finish what you started!
vox_plr_1_riv_resp_crawler_start_3,"Oh, thank goodness. I thought it was gonna get me. I~really did.","Oh, thank goodness. I thought it was gonna get me. I~really did."
vox_plr_1_riv_resp_crawler_start_4,"Oh, seriously? You can't even manage to kill him?","Oh, seriously? You can't even manage to kill him?"
vox_plr_1_riv_resp_kill_headshot_0,"You got lucky, so what?","You got lucky, so what?"
vox_plr_1_riv_resp_kill_headshot_1,Lucky shot!,Lucky shot!
vox_plr_1_riv_resp_kill_headshot_2,"Sorry, no, I'm not impressed by your so-called equal~rights or your so-called headshot.","Sorry, no, I'm not impressed by your so-called equal~rights or your so-called headshot."
vox_plr_1_riv_resp_kill_headshot_3,"Hey, cut the crap, okay? I know you're in on it with these~zombies.","Hey, cut the crap, okay? I know you're in on it with these~zombies."
vox_plr_1_riv_resp_kill_headshot_4,"Well, whoop-de-diddly-doo, sister!","Well, whoop-de-diddly-doo, sister!"
vox_plr_1_riv_resp_screecher_attack_0,"My, my, how the worm has turned, toots.","My, my, how the worm has turned, toots."
vox_plr_1_riv_resp_screecher_attack_1,"Hey, I ain't fooled! I know you're in on it with them!","Hey, I ain't fooled! I know you're in on it with them!"
vox_plr_1_riv_resp_screecher_attack_2,"Ugh, women. Always faking it with me.","Ugh, women. Always faking it with me."
vox_plr_1_riv_resp_screecher_attack_3,"Unless it kills you, I suspect that this fight is all~faked. And I'm gonna wait right here to find out.","Unless it kills you, I suspect that this fight is all~faked. And I'm gonna wait right here to find out."
vox_plr_1_riv_resp_screecher_attack_4,"If you die, I'll know you're not part of the conspiracy.","If you die, I'll know you're not part of the conspiracy."
vox_plr_1_riv_resp_surrounded_0,"Yeah, I'm coming to get you. Inch by inch. Step by step.~Yep. Here I come.","Yeah, I'm coming to get you. Inch by inch. Step by step.~Yep. Here I come."
vox_plr_1_riv_resp_surrounded_1,Huh. Guess that big mouth's good for something. Like~asking for help.,Huh. Guess that big mouth's good for something. Like~asking for help.
vox_plr_1_riv_resp_surrounded_2,"Well, I suppose I ought to do something. Nah!","Well, I suppose I ought to do something. Nah!"
vox_plr_1_riv_resp_surrounded_3,Misery loves company.,Misery loves company.
vox_plr_1_riv_resp_wpck_monkey_0,"Oh, well, that'll come in handy since you're such a bad~shot!","Oh, well, that'll come in handy since you're such a bad~shot!"
vox_plr_1_riv_resp_wpck_monkey_1,I guess your overlord masters would arrange for you to get~all the best equipment.,I guess your overlord masters would arrange for you to get~all the best equipment.
vox_plr_1_riv_resp_wpck_monkey_2,"Oh, I never get those! But then I'm not in on it, so why~would I?","Oh, I never get those! But then I'm not in on it, so why~would I?"
vox_plr_1_riv_resp_wpck_monkey_3,"Well, what filthy things did you have to do to get that~kind of prize, Skettle?","Well, what filthy things did you have to do to get that~kind of prize, Skettle?"
vox_plr_1_riv_resp_wpck_monkey_4,"Yeah, typical. The real patriot gets the shaft and the~slut gets the best of everything.","Yeah, typical. The real patriot gets the shaft and the~slut gets the best of everything."
vox_plr_1_screecher_attack_0,"Hands off the stash, Hellhopper!","Hands off the stash, Hellhopper!"
vox_plr_1_screecher_attack_1,TIT RIPPERS ATTACK!,TIT RIPPERS ATTACK!
vox_plr_1_screecher_attack_2,There's a zip turd on my face!,There's a zip turd on my face!
vox_plr_1_screecher_attack_3,SOMEBODY HELP ME!,SOMEBODY HELP ME!
vox_plr_1_screecher_attack_4,IT'S GOING AFTER MY EYES!,IT'S GOING AFTER MY EYES!
vox_plr_1_screecher_cut_0,You thought that'd work? You thought wrong!,You thought that'd work? You thought wrong!
vox_plr_1_screecher_cut_1,Death's too good for you!,Death's too good for you!
vox_plr_1_screecher_cut_2,Let me pick your teeth!,Let me pick your teeth!
vox_plr_1_screecher_cut_3,"Suck Blade, Claw Puppy!","Suck Blade, Claw Puppy!"
vox_plr_1_screecher_cut_4,"Get it off, get it off, get it off!","Get it off, get it off, get it off!"
vox_plr_1_screecher_flee_0,"You can run, Fangtix, but you can't hide.","You can run, Fangtix, but you can't hide."
vox_plr_1_screecher_flee_1,"Well, your move, roly-poly!","Well, your move, roly-poly!"
vox_plr_1_screecher_flee_2,"You'd better git, Furpy Fuzz!","You'd better git, Furpy Fuzz!"
vox_plr_1_screecher_flee_3,"Oh, Gordy. Is any of this blood mine?","Oh, Gordy. Is any of this blood mine?"
vox_plr_1_screecher_kill_0,I'm alive! You're dead! I win!,I'm alive! You're dead! I win!
vox_plr_1_screecher_kill_1,And stay down.,And stay down.
vox_plr_1_screecher_kill_2,One less Violatin' Dirt Singer.,One less Violatin' Dirt Singer.
vox_plr_1_screecher_kill_3,Six feet deep!,Six feet deep!
vox_plr_1_screecher_kill_4,High Speed Dirt!,High Speed Dirt!
vox_plr_1_screecher_off_0,"Ugh, I thought you'd never let go!","Ugh, I thought you'd never let go!"
vox_plr_1_screecher_off_1,"DON'T TRY IT AGAIN, CREEP!","DON'T TRY IT AGAIN, CREEP!"
vox_plr_1_screecher_off_2,Filthy Hellhopper! You dare touch me?,Filthy Hellhopper! You dare touch me?
vox_plr_1_screecher_off_3,"Oh boy. Okay, let me, let me catch my breath. Then I'll~give chase.","Oh boy. Okay, let me, let me catch my breath. Then I'll~give chase."
vox_plr_1_screecher_off_4,"Oh, sweet! I thought that would never stop!","Oh, sweet! I thought that would never stop!"
vox_plr_1_screecher_teleport_0,"Ha ha ha! Oh, what's the matter? Don't like that?","Ha ha ha! Oh, what's the matter? Don't like that?"
vox_plr_1_screecher_teleport_1,"Oh, I could do this all night, Chop Roach.","Oh, I could do this all night, Chop Roach."
vox_plr_1_screecher_teleport_2,"Aw, what's the problem, Punk Popper?","Aw, what's the problem, Punk Popper?"
vox_plr_1_screecher_teleport_3,"Not too fun, is it?","Not too fun, is it?"
vox_plr_1_screecher_teleport_4,"Now it's your turn, skeever!","Now it's your turn, skeever!"
vox_plr_1_spawn_hellhound_0,Oh no! It's those horrible Sasquatch dogs!,Oh no! It's those horrible Sasquatch dogs!
vox_plr_1_spawn_hellhound_1,I'm pretty sure those dog things were bred in secret labs!,I'm pretty sure those dog things were bred in secret labs!
vox_plr_1_spawn_hellhound_2,Ah! Hillhounds from the Hollow Earth!,Ah! Hillhounds from the Hollow Earth!
vox_plr_1_spawn_hellhound_3,"Oh man, how am I supposed to fight these things?","Oh man, how am I supposed to fight these things?"
vox_plr_1_spawn_hellhound_4,I guess this is all she wrote.,I guess this is all she wrote.
vox_plr_1_wpck_57_0,"Two would be better than one, but okay.","Two would be better than one, but okay."
vox_plr_1_wpck_57_1,"Aw, for crying out loud. Man, why do I get all the crap~weapons?","Aw, for crying out loud. Man, why do I get all the crap~weapons?"
vox_plr_1_wpck_57_2,"I don't think there's an I in team, but I know there's an~I in piece of shit.","I don't think there's an I in team, but I know there's an~I in piece of shit."
vox_plr_1_wpck_chicom_0,I'd rather swing a dead cat!,I'd rather swing a dead cat!
vox_plr_1_wpck_chicom_1,"Whiskey, Tango, Foxtrot.","Whiskey, Tango, Foxtrot."
vox_plr_1_wpck_chicom_2,"Cheated again! I know your scam, box!","Cheated again! I know your scam, box!"
vox_plr_1_wpck_duel57_0,All these shitshamblers better get ready to meet their~makers!,All these shitshamblers better get ready to meet their~makers!
vox_plr_1_wpck_duel57_1,My policy is leave no gut gobblers standing.,My policy is leave no gut gobblers standing.
vox_plr_1_wpck_duel57_2,"Open wide, debtors. I'm handing out candy.","Open wide, debtors. I'm handing out candy."
vox_plr_1_wpck_emp_0,"Ugh, some kind of thinker's gadget.","Ugh, some kind of thinker's gadget."
vox_plr_1_wpck_emp_1,"What? This is the best you can do, you dirty conspiracy~crate?","What? This is the best you can do, you dirty conspiracy~crate?"
vox_plr_1_wpck_emp_2,"I'd complain, but then someone might hear me talking to a~wooden crate.","I'd complain, but then someone might hear me talking to a~wooden crate."
vox_plr_1_wpck_fal_0,"You know, it's hard to kill these meat lockers when all~you got is a feather duster.","You know, it's hard to kill these meat lockers when all~you got is a feather duster."
vox_plr_1_wpck_fal_1,"Yeah, maybe Carlton might like this piece of crap, huh?","Yeah, maybe Carlton might like this piece of crap, huh?"
vox_plr_1_wpck_fal_2,"Hey, female! I got another girl gun for ya!","Hey, female! I got another girl gun for ya!"
vox_plr_1_wpck_favorite_0,"Hello, darkness, my old friend. It's good to see you~again.","Hello, darkness, my old friend. It's good to see you~again."
vox_plr_1_wpck_favorite_1,"Hey, let's you and me shoot us some lunch!","Hey, let's you and me shoot us some lunch!"
vox_plr_1_wpck_favorite_2,"Ooh, Stalker Stopper A number one!","Ooh, Stalker Stopper A number one!"
vox_plr_1_wpck_galil_0,"Oh, time to lay down the law on some drudgers.","Oh, time to lay down the law on some drudgers."
vox_plr_1_wpck_galil_1,Now this is just what the Riot needed to get started.,Now this is just what the Riot needed to get started.
vox_plr_1_wpck_galil_2,"Oh, just what the doctor ordered for the voices in my~head. I mean, uh...","Oh, just what the doctor ordered for the voices in my~head. I mean, uh..."
vox_plr_1_wpck_hamr_0,Ranked roamers had better keep their distance.,Ranked roamers had better keep their distance.
vox_plr_1_wpck_hamr_1,Let's light up some creepin' corpses!,Let's light up some creepin' corpses!
vox_plr_1_wpck_judge_0,"Oh, hell's about to fill up!","Oh, hell's about to fill up!"
vox_plr_1_wpck_judge_1,"Oh, lover, come to papa.","Oh, lover, come to papa."
vox_plr_1_wpck_judge_2,"Mmm, I'd kiss ya, but you'd rust.","Mmm, I'd kiss ya, but you'd rust."
vox_plr_1_wpck_kap_0,Maybe I could throw it like a rock?,Maybe I could throw it like a rock?
vox_plr_1_wpck_kap_1,Not fit to scratch my back with.,Not fit to scratch my back with.
vox_plr_1_wpck_kap_2,I'd rather defend myself with strong language!,I'd rather defend myself with strong language!
vox_plr_1_wpck_knife_0,Ow! I cut my finger!,Ow! I cut my finger!
vox_plr_1_wpck_knife_1,I wouldn't use this thing to trim my mustache. And I never~trim my mustache.,I wouldn't use this thing to trim my mustache. And I never~trim my mustache.
vox_plr_1_wpck_knife_2,"If I wanted a shank, I'd use a spoon.","If I wanted a shank, I'd use a spoon."
vox_plr_1_wpck_m1216_0,Are you kidding me? Am I wearing a bra?,Are you kidding me? Am I wearing a bra?
vox_plr_1_wpck_m1216_1,"You got me mixed up with a female, you stupid crate!","You got me mixed up with a female, you stupid crate!"
vox_plr_1_wpck_m1216_2,"Ugh, please tell me I didn't just waste my cash.","Ugh, please tell me I didn't just waste my cash."
vox_plr_1_wpck_m32_0,"Oh, this'll come in handy. If I was a chick.","Oh, this'll come in handy. If I was a chick."
vox_plr_1_wpck_m32_1,"Yeah, what's the turdsicle for?","Yeah, what's the turdsicle for?"
vox_plr_1_wpck_m32_2,What am I supposed to do? Play tennis with grenades?,What am I supposed to do? Play tennis with grenades?
vox_plr_1_wpck_m8a1_0,"Gather round, composters! I got me a proclamation to read.","Gather round, composters! I got me a proclamation to read."
vox_plr_1_wpck_m8a1_1,Creeper Elimination Time!,Creeper Elimination Time!
vox_plr_1_wpck_m8a1_2,Let's say we find me some bullet baiters.,Let's say we find me some bullet baiters.
vox_plr_1_wpck_monkey_0,"Time to throw a party and see who comes. Oh, everybody!","Time to throw a party and see who comes. Oh, everybody!"
vox_plr_1_wpck_monkey_1,"Oh, it's like a magnet for the brain gobblers.","Oh, it's like a magnet for the brain gobblers."
vox_plr_1_wpck_monkey_2,"Oh, I got something for you, you stupid tank stumblers.","Oh, I got something for you, you stupid tank stumblers."
vox_plr_1_wpck_python_0,Hoo-wah! Peacemaker!,Hoo-wah! Peacemaker!
vox_plr_1_wpck_python_1,No more running. No more hiding.,No more running. No more hiding.
vox_plr_1_wpck_python_2,"Well, thank you very much, you box of lies. Don't think I~don't know what you're up to, though.","Well, thank you very much, you box of lies. Don't think I~don't know what you're up to, though."
vox_plr_1_wpck_ray_0,I came here to shoot meat and eat sandwiches. And I am~fresh out of sandwiches.,I came here to shoot meat and eat sandwiches. And I am~fresh out of sandwiches.
vox_plr_1_wpck_ray_1,I have received a gift from the magical voices.,I have received a gift from the magical voices.
vox_plr_1_wpck_ray_2,"Oh, this'll both kill and cook those barf garglers!","Oh, this'll both kill and cook those barf garglers!"
vox_plr_1_wpck_rpd_0,Time to make a kill list.,Time to make a kill list.
vox_plr_1_wpck_rpd_1,"Do you feel lucky, Rot Snogglers? Well, do ya?","Do you feel lucky, Rot Snogglers? Well, do ya?"
vox_plr_1_wpck_rpd_2,Gonna poke me a lot of these meat lockers with this.,Gonna poke me a lot of these meat lockers with this.
vox_plr_1_wpck_rpg_0,"Oh, fingers and toes. I hope I don't blow my own damn foot~off with this thing.","Oh, fingers and toes. I hope I don't blow my own damn foot~off with this thing."
vox_plr_1_wpck_rpg_1,Overkill. I cannot endorse its use.,Overkill. I cannot endorse its use.
vox_plr_1_wpck_rpg_2,"Great. With my luck, I'll probably decrapitate myself with~it.","Great. With my luck, I'll probably decrapitate myself with~it."
vox_plr_1_wpck_saiga12_0,"Yeah, Sharp Shovel'd be more useful than this junk.","Yeah, Sharp Shovel'd be more useful than this junk."
vox_plr_1_wpck_saiga12_1,"Makes a lot of noise, but not so many dead ziggies.","Makes a lot of noise, but not so many dead ziggies."
vox_plr_1_wpck_saiga12_2,"Hey, Misty! I found your vibrator!","Hey, Misty! I found your vibrator!"
vox_plr_1_wpck_sidr_0,"Oh, just another trick played on me by the Conspiracy~Crate.","Oh, just another trick played on me by the Conspiracy~Crate."
vox_plr_1_wpck_sidr_1,"Ah, this thing jams like nobody's business.","Ah, this thing jams like nobody's business."
vox_plr_1_wpck_sidr_2,You ever notice how the conspiracy crate never gives me~nothing nice? It's a conspiracy!,You ever notice how the conspiracy crate never gives me~nothing nice? It's a conspiracy!
vox_plr_1_wpck_type25_0,"Dance with the one that brung you to the party, liar box.","Dance with the one that brung you to the party, liar box."
vox_plr_1_wpck_type25_1,It's about time I got my way for once!,It's about time I got my way for once!
vox_plr_1_wpck_type25_2,Street Sweepin' Time.,Street Sweepin' Time.
vox_plr_1_wpck_x95l_0,"You got it out for me, don't ya? Conspiracy crate.","You got it out for me, don't ya? Conspiracy crate."
vox_plr_1_wpck_x95l_1,"Aw, look at this junk! I know you got something good in~there, Krayt. Stop holding out!","Aw, look at this junk! I know you got something good in~there, Krayt. Stop holding out!"
vox_plr_1_wpck_x95l_2,I guess this'll do until I can find me a real man's gun.,I guess this'll do until I can find me a real man's gun.
vox_plr_2_ammo_low_0,"Uh-oh, getting low on ammo.","Uh-oh, getting low on ammo."
vox_plr_2_ammo_low_1,"Ah, my boomstick's running dry!","Ah, my boomstick's running dry!"
vox_plr_2_ammo_low_2,Anyone got some extra slugs for a lady?,Anyone got some extra slugs for a lady?
vox_plr_2_ammo_low_3,Better start looking around for a new source of bullets.,Better start looking around for a new source of bullets.
vox_plr_2_ammo_low_4,I smell a knife fight coming.,I smell a knife fight coming.
vox_plr_2_ammo_out_0,I was a six-time knife-fighting champ. I ain't afraid of~nothing.,I was a six-time knife-fighting champ. I ain't afraid of~nothing.
vox_plr_2_ammo_out_1,No bullets? No backup? No problem.,No bullets? No backup? No problem.
vox_plr_2_ammo_out_2,Stuhlinger! It's your lucky day! You get to watch me use a~knife!,Stuhlinger! It's your lucky day! You get to watch me use a~knife!
vox_plr_2_ammo_out_3,Let me show you boys how unarmed combat is supposed to go~down.,Let me show you boys how unarmed combat is supposed to go~down.
vox_plr_2_ammo_out_4,"Oh no! I'm out of bullets! If only a big, smelly idiot~would protect me!","Oh no! I'm out of bullets! If only a big, smelly idiot~would protect me!"
vox_plr_2_avogadro_above_0,All this lightning's making my piercings tingle! All of~them!,All this lightning's making my piercings tingle! All of~them!
vox_plr_2_avogadro_above_1,I hate the smell of lightning.,I hate the smell of lightning.
vox_plr_2_avogadro_above_2,Nothing good comes out of weather like that!,Nothing good comes out of weather like that!
vox_plr_2_avogadro_arrive_0,Holy cow! It's a lightning lizard!,Holy cow! It's a lightning lizard!
vox_plr_2_avogadro_arrive_1,"Ugh, it smells like fried zombie pus.","Ugh, it smells like fried zombie pus."
vox_plr_2_avogadro_arrive_2,Lightning Thingy!,Lightning Thingy!
vox_plr_2_avogadro_atkbus_0,Stop it before it breaks the bus!,Stop it before it breaks the bus!
vox_plr_2_avogadro_atkbus_1,"Stop it, guys! Unless you wanna walk!","Stop it, guys! Unless you wanna walk!"
vox_plr_2_avogadro_atkbus_2,KILL THAT CRACKLING THING BEFORE IT KILLS OUR RIDE!,KILL THAT CRACKLING THING BEFORE IT KILLS OUR RIDE!
vox_plr_2_avogadro_attack_0,My hair's standing on end here!,My hair's standing on end here!
vox_plr_2_avogadro_attack_1,SON OF A BITCH LIGHTNING FACE ZAP WEASEL!,SON OF A BITCH LIGHTNING FACE ZAP WEASEL!
vox_plr_2_avogadro_attack_2,"SON OF A LIGHTNING FACE ZAP, WEASEL!","SON OF A LIGHTNING FACE ZAP, WEASEL!"
vox_plr_2_avogadro_flee_0,"Go on, run home to mama, you electrified zap weasel!","Go on, run home to mama, you electrified zap weasel!"
vox_plr_2_avogadro_flee_1,"You picked the wrong girl to pick on, Lizard Man!","You picked the wrong girl to pick on, Lizard Man!"
vox_plr_2_avogadro_flee_2,"You may bring the lightning, but Misty brings the thunder!","You may bring the lightning, but Misty brings the thunder!"
vox_plr_2_avogadro_onbus_0,Ah! Lightning Man at the windows!,Ah! Lightning Man at the windows!
vox_plr_2_avogadro_onbus_1,The Zapweasel's hanging off the bus!,The Zapweasel's hanging off the bus!
vox_plr_2_avogadro_onbus_2,"Um, um, Electrified Lizard Man's outside!","Um, um, Electrified Lizard Man's outside!"
vox_plr_2_avogadro_reveal_0,"Um, what the heck is that thing?","Um, what the heck is that thing?"
vox_plr_2_avogadro_reveal_1,"Hey, Stoopinger! There's someone here wants to meet you!","Hey, Stoopinger! There's someone here wants to meet you!"
vox_plr_2_avogadro_reveal_2,I'm not hanging around to see what happens next!,I'm not hanging around to see what happens next!
vox_plr_2_avogadro_stopbus_0,Great! Now Stuhlinger's gotta walk in his high heels!,Great! Now Stuhlinger's gotta walk in his high heels!
vox_plr_2_avogadro_stopbus_1,"So when I said kill it, you boys thought I meant sit on~your ass.","So when I said kill it, you boys thought I meant sit on~your ass."
vox_plr_2_avogadro_stopbus_2,"Just once, I'd like some of you so-called men to carry~your share of the load.","Just once, I'd like some of you so-called men to carry~your share of the load."
vox_plr_2_avogadro_storm_0,Something nasty's going on over there.,Something nasty's going on over there.
vox_plr_2_avogadro_storm_1,Maybe I'll stay away from that storm.,Maybe I'll stay away from that storm.
vox_plr_2_avogadro_storm_2,I got better things to do than get zapped by lightning.,I got better things to do than get zapped by lightning.
vox_plr_2_avogadro_wound_0,"Don't feel so good, does it?","Don't feel so good, does it?"
vox_plr_2_avogadro_wound_1,"Ha! So the Lightning Man can bleed, too?","Ha! So the Lightning Man can bleed, too?"
vox_plr_2_avogadro_wound_2,You ain't so tough. You ain't so tough at all.,You ain't so tough. You ain't so tough at all.
vox_plr_2_box_move_0,Ugh! I even get rejected by the mysterious Mr. Box?,Ugh! I even get rejected by the mysterious Mr. Box?
vox_plr_2_box_move_1,Teddy Bear? What kind of sexist crap is that?,Teddy Bear? What kind of sexist crap is that?
vox_plr_2_box_move_2,Typical man. Takes what he wants and leaves.,Typical man. Takes what he wants and leaves.
vox_plr_2_box_move_3,"I was feeling lucky, but not anymore.","I was feeling lucky, but not anymore."
vox_plr_2_box_move_4,"Oh, you're really pushing your luck here, Mr. Box!","Oh, you're really pushing your luck here, Mr. Box!"
vox_plr_2_build_add_0,I sure hope I'm doing this right.,I sure hope I'm doing this right.
vox_plr_2_build_add_1,I'm no expert at all this.,I'm no expert at all this.
vox_plr_2_build_add_2,"Heh, I bet that idiot stew licker couldn't do this.","Heh, I bet that idiot stew licker couldn't do this."
vox_plr_2_build_final_0,I won't hurt Marlton's feelings by telling him I built~this. I'll just say I found it.,I won't hurt Marlton's feelings by telling him I built~this. I'll just say I found it.
vox_plr_2_build_final_1,This should be the capper for this thing.,This should be the capper for this thing.
vox_plr_2_build_final_2,"I don't need Marlton to do this stuff, but it's nice to~make him feel necessary.","I don't need Marlton to do this stuff, but it's nice to~make him feel necessary."
vox_plr_2_build_pck_bjetgun_0,This ain't a gun. It's a food processor.,This ain't a gun. It's a food processor.
vox_plr_2_build_pck_bshield_0,This might be good for creating a kill zone.,This might be good for creating a kill zone.
vox_plr_2_build_pck_btrap_0,"Oh yeah, this will really wind those dirt bags up.","Oh yeah, this will really wind those dirt bags up."
vox_plr_2_build_pck_bturbine_0,"Huh, some kind of wind machine? I'll ask Marlton what it~does.","Huh, some kind of wind machine? I'll ask Marlton what it~does."
vox_plr_2_build_pck_bturret_0,Wait till those zombies get a load of this.,Wait till those zombies get a load of this.
vox_plr_2_build_pck_wjetgun_0,What kind of weirdo leaves one of these lying around?,What kind of weirdo leaves one of these lying around?
vox_plr_2_build_pck_wshield_0,Can't just leave this kind of stuff lying around just~anywhere.,Can't just leave this kind of stuff lying around just~anywhere.
vox_plr_2_build_pck_wtrap_0,ZA ZA ZAP!,ZA ZA ZAP!
vox_plr_2_build_pck_wturbine_0,"Portable wind turbine, huh? Useful.","Portable wind turbine, huh? Useful."
vox_plr_2_build_pck_wturret_0,"Ugh! Come here, you!","Ugh! Come here, you!"
vox_plr_2_build_pickup_0,This looks like it might be good for something.,This looks like it might be good for something.
vox_plr_2_build_pickup_1,"Hmm, I wonder if this thing might fit with that other~thing.","Hmm, I wonder if this thing might fit with that other~thing."
vox_plr_2_build_plc_shield_0,"Oh, have fun getting through this, dirtbags!","Oh, have fun getting through this, dirtbags!"
vox_plr_2_build_plc_trap_0,"Okay, it's set. Just back away quickly.","Okay, it's set. Just back away quickly."
vox_plr_2_build_plc_turbine_0,How about here?,How about here?
vox_plr_2_build_plc_turbine_1,"Well, this should do it.","Well, this should do it."
vox_plr_2_build_plc_turbine_2,X marks the spot.,X marks the spot.
vox_plr_2_build_plc_turret_0,I'll get back to you later.,I'll get back to you later.
vox_plr_2_build_swap_0,Gotta prioritize!,Gotta prioritize!
vox_plr_2_build_swap_1,Can't carry everything all at once!,Can't carry everything all at once!
vox_plr_2_build_swap_2,I need to get a cart or something to carry all this around~in.,I need to get a cart or something to carry all this around~in.
vox_plr_2_bus_down_0,"God, this is why I don't like machines!","God, this is why I don't like machines!"
vox_plr_2_bus_down_1,Hey! Could you swing by Quick Revive?,Hey! Could you swing by Quick Revive?
vox_plr_2_bus_down_2,"Little help here, gentlemen?","Little help here, gentlemen?"
vox_plr_2_bus_down_3,Feeling kinda exposed out here!,Feeling kinda exposed out here!
vox_plr_2_bus_down_4,"God, must have been stupid fuck watching my back.","God, must have been stupid fuck watching my back."
vox_plr_2_bus_ride_0,The wheels on the bus go round and round.,The wheels on the bus go round and round.
vox_plr_2_bus_ride_1,"Sure beats walking in pumps, huh, Stuhlinger?","Sure beats walking in pumps, huh, Stuhlinger?"
vox_plr_2_bus_ride_2,Feels good to give the corns a rest.,Feels good to give the corns a rest.
vox_plr_2_bus_ride_3,"Sure, what could go wrong with a rotten old computer~driving?","Sure, what could go wrong with a rotten old computer~driving?"
vox_plr_2_bus_ride_4,"This bus is bound for glory, right?","This bus is bound for glory, right?"
vox_plr_2_bus_stop_0,Get off the bus!,Get off the bus!
vox_plr_2_bus_stop_1,STOP COMING UP!,STOP COMING UP!
vox_plr_2_bus_stop_2,"Back to the slog, boys!","Back to the slog, boys!"
vox_plr_2_bus_stop_3,We getting off here?,We getting off here?
vox_plr_2_bus_stop_4,Is this our stop?,Is this our stop?
vox_plr_2_bus_zom_atk_0,"Ziggy Swarm, rolling in!","Ziggy Swarm, rolling in!"
vox_plr_2_bus_zom_atk_1,They're all over the bus like stank on stew. Piss.,They're all over the bus like stank on stew. Piss.
vox_plr_2_bus_zom_chase_0,"Tell you one thing, no zombies ever called me a skank.","Tell you one thing, no zombies ever called me a skank."
vox_plr_2_bus_zom_chase_1,"Alright, I'll shoot the left one, you shoot the right one,~and let the one in the middle eat Stuhlinger.","Alright, I'll shoot the left one, you shoot the right one,~and let the one in the middle eat Stuhlinger."
vox_plr_2_bus_zom_chase_2,These stupid things never give up!,These stupid things never give up!
vox_plr_2_bus_zom_chase_3,"Ugh, one time I'd like to take a nice cruise in the~country without geeks trying to eat me.","Ugh, one time I'd like to take a nice cruise in the~country without geeks trying to eat me."
vox_plr_2_bus_zom_chase_4,"Oh, they're persistent! And so are headshots.","Oh, they're persistent! And so are headshots."
vox_plr_2_bus_zom_climb_0,Ugh! These things climb too good!,Ugh! These things climb too good!
vox_plr_2_bus_zom_climb_1,Hold still so I can shoot you in the brains!,Hold still so I can shoot you in the brains!
vox_plr_2_bus_zom_climb_2,This bus is heading straight for Suckville.,This bus is heading straight for Suckville.
vox_plr_2_bus_zom_climb_3,Zombies in the bus? Zombies on top of the bus? This bus~kinda sucks!,Zombies in the bus? Zombies on top of the bus? This bus~kinda sucks!
vox_plr_2_bus_zom_climb_4,"This here is my roof, my rules, and my gun.","This here is my roof, my rules, and my gun."
vox_plr_2_bus_zom_ent_0,"This here's your stop, Faster Flash.","This here's your stop, Faster Flash."
vox_plr_2_bus_zom_ent_1,"We got unpaid passengers here, boys!","We got unpaid passengers here, boys!"
vox_plr_2_bus_zom_ent_2,"No ticking, no riding, Dirtball!","No ticking, no riding, Dirtball!"
vox_plr_2_bus_zom_ent_3,P.U. Linger stinks bad enough. We don't need more stank.,P.U. Linger stinks bad enough. We don't need more stank.
vox_plr_2_bus_zom_none_0,Huh. The bus is clear for once.,Huh. The bus is clear for once.
vox_plr_2_bus_zom_none_1,Nice to not have to clear all the dead wood.,Nice to not have to clear all the dead wood.
vox_plr_2_bus_zom_none_2,Stupidger! Go around the bus and see if there's any~zombies hiding back there.,Stupidger! Go around the bus and see if there's any~zombies hiding back there.
vox_plr_2_bus_zom_none_3,"Huh, figured the puss nuts would have swarmed this bus by~now.","Huh, figured the puss nuts would have swarmed this bus by~now."
vox_plr_2_bus_zom_roof_0,"Don't look now, but there's something up top!","Don't look now, but there's something up top!"
vox_plr_2_bus_zom_roof_1,Some new kind of roof rack up there?,Some new kind of roof rack up there?
vox_plr_2_bus_zom_roof_2,"Guns up, idiots! They're on top of the bus!","Guns up, idiots! They're on top of the bus!"
vox_plr_2_bus_zom_roof_3,"Let me guess, your plan is to just sit here and wait for~them to swarm us.","Let me guess, your plan is to just sit here and wait for~them to swarm us."
vox_plr_2_bus_zom_roof_4,Stuhlinger! Why don't you stick your head up and see if~anyone's on the roof?,Stuhlinger! Why don't you stick your head up and see if~anyone's on the roof?
vox_plr_2_crawler_attack_0,"What's your problem, dead skin?","What's your problem, dead skin?"
vox_plr_2_crawler_attack_1,Hey! Ugh! I need my ankles!,Hey! Ugh! I need my ankles!
vox_plr_2_crawler_attack_2,"Those were nice boots, dirtbag!","Those were nice boots, dirtbag!"
vox_plr_2_crawler_attack_3,"Never rough up a lady, Flash Flopper.","Never rough up a lady, Flash Flopper."
vox_plr_2_crawler_kill_0,Better shot than any man alive.,Better shot than any man alive.
vox_plr_2_crawler_kill_1,Go bite someone who bites back! Like still liquor.,Go bite someone who bites back! Like still liquor.
vox_plr_2_crawler_kill_2,You're welcome!,You're welcome!
vox_plr_2_crawler_kill_3,Someone's gotta take out the trash.,Someone's gotta take out the trash.
vox_plr_2_crawler_kill_4,Ugh! You ruined another pair of nice boots!,Ugh! You ruined another pair of nice boots!
vox_plr_2_crawler_start_0,Ugh! What's it take to stop these things?,Ugh! What's it take to stop these things?
vox_plr_2_crawler_start_1,Look at this GIMP!,Look at this GIMP!
vox_plr_2_crawler_start_2,"Come on, Crawly, let's see what you got!","Come on, Crawly, let's see what you got!"
vox_plr_2_crawler_start_3,"Wiggle, wiggle, wiggle.","Wiggle, wiggle, wiggle."
vox_plr_2_crawler_start_4,Roll on over here so I can end you!,Roll on over here so I can end you!
vox_plr_2_earn_acheivement_0,Again! I get that kind of thing a lot.,Again! I get that kind of thing a lot.
vox_plr_2_find_secret_0,"Hmm, now that sounds like it might be important.","Hmm, now that sounds like it might be important."
vox_plr_2_heal_revived_0,That was almost my last rodeo.,That was almost my last rodeo.
vox_plr_2_heal_revived_1,I thought I was finished there for a second.,I thought I was finished there for a second.
vox_plr_2_heal_revived_2,I was starting to think none of you liked me.,I was starting to think none of you liked me.
vox_plr_2_heal_revived_3,What would you boys do without me?,What would you boys do without me?
vox_plr_2_heal_revived_4,Don't expect any special favors if you get my drift.,Don't expect any special favors if you get my drift.
vox_plr_2_hr_resp_avogadro_attack_0,"Hold still, Marley! I'll gank that lightning thing!","Hold still, Marley! I'll gank that lightning thing!"
vox_plr_2_hr_resp_avogadro_attack_1,"Get off the bookworm, you cracklin' creep!","Get off the bookworm, you cracklin' creep!"
vox_plr_2_hr_resp_avogadro_attack_2,"Serpentine, Marls! Serpentine!","Serpentine, Marls! Serpentine!"
vox_plr_2_hr_resp_avogadro_attack_3,"Watch out, Marlton! I can't get a shot at him!","Watch out, Marlton! I can't get a shot at him!"
vox_plr_2_hr_resp_avogadro_attack_4,"Don't just stand there, you idiots! Do something!","Don't just stand there, you idiots! Do something!"
vox_plr_2_hr_resp_crawler_start_0,Pop and drop!,Pop and drop!
vox_plr_2_hr_resp_crawler_start_1,"Ooh, nice one, Marley! You took him out of the waste!","Ooh, nice one, Marley! You took him out of the waste!"
vox_plr_2_hr_resp_crawler_start_2,"You slow them down, I'll finish them off!","You slow them down, I'll finish them off!"
vox_plr_2_hr_resp_crawler_start_3,"You wanna see something else crawling real slow toward~you, Marley? Huh?","You wanna see something else crawling real slow toward~you, Marley? Huh?"
vox_plr_2_hr_resp_crawler_start_4,Woo-hoo! Clean sweep! Look at him wiggle!,Woo-hoo! Clean sweep! Look at him wiggle!
vox_plr_2_hr_resp_kill_headshot_0,"Good job, Marlton!","Good job, Marlton!"
vox_plr_2_hr_resp_kill_headshot_1,"Oh, are those fingers always so dexterous?","Oh, are those fingers always so dexterous?"
vox_plr_2_hr_resp_kill_headshot_2,"What other kind of skills you hiding behind those glasses,~sexy?","What other kind of skills you hiding behind those glasses,~sexy?"
vox_plr_2_hr_resp_kill_headshot_3,"Woo! That was so good, it could have been me shooting.","Woo! That was so good, it could have been me shooting."
vox_plr_2_hr_resp_kill_headshot_4,"You paying attention, stupid jerk? That's how a real man~uses his gun.","You paying attention, stupid jerk? That's how a real man~uses his gun."
vox_plr_2_hr_resp_screecher_attack_0,"Cut it, Marley!","Cut it, Marley!"
vox_plr_2_hr_resp_screecher_attack_1,STAB THAT LITTLE DEVIL!,STAB THAT LITTLE DEVIL!
vox_plr_2_hr_resp_screecher_attack_2,RIP THAT THING UP!,RIP THAT THING UP!
vox_plr_2_hr_resp_screecher_attack_3,Ugh! I love watching you fight!,Ugh! I love watching you fight!
vox_plr_2_hr_resp_screecher_attack_4,Woo! I'm getting all worked up watching this!,Woo! I'm getting all worked up watching this!
vox_plr_2_hr_resp_surrounded_0,"Look out, Marley! You're getting swarmed!","Look out, Marley! You're getting swarmed!"
vox_plr_2_hr_resp_surrounded_1,"Stay alive, Brain Bucket! I know you can do it!","Stay alive, Brain Bucket! I know you can do it!"
vox_plr_2_hr_resp_surrounded_2,"Watch your six, Marley!","Watch your six, Marley!"
vox_plr_2_hr_resp_surrounded_3,"Run, Marlton! I got you covered!","Run, Marlton! I got you covered!"
vox_plr_2_hr_resp_wpck_monkey_0,"Ooh, looks like you rubbed the magic box the right way.~Mmm.","Ooh, looks like you rubbed the magic box the right way.~Mmm."
vox_plr_2_hr_resp_wpck_monkey_1,"Ah, Marley, you got all the luck.","Ah, Marley, you got all the luck."
vox_plr_2_hr_resp_wpck_monkey_2,Throw it and blow it!,Throw it and blow it!
vox_plr_2_hr_resp_wpck_monkey_3,Thinking about sharing that thing? Baby.,Thinking about sharing that thing? Baby.
vox_plr_2_kill_close_0,Let me scratch that itch!,Let me scratch that itch!
vox_plr_2_kill_close_1,Click it and stick it!,Click it and stick it!
vox_plr_2_kill_close_2,"Sorry, my dance card's full!","Sorry, my dance card's full!"
vox_plr_2_kill_close_3,"You wanna tango, dumbass?","You wanna tango, dumbass?"
vox_plr_2_kill_close_4,"Let's do the Foxtrot, stupid!","Let's do the Foxtrot, stupid!"
vox_plr_2_kill_damaged_0,"Hands off, grabby pants!","Hands off, grabby pants!"
vox_plr_2_kill_damaged_1,"Never again, Shuffle Stepper!","Never again, Shuffle Stepper!"
vox_plr_2_kill_damaged_2,"Payback's a hoo-ha, and so am I.","Payback's a hoo-ha, and so am I."
vox_plr_2_kill_damaged_3,Ow! You lousy rot gobbler!,Ow! You lousy rot gobbler!
vox_plr_2_kill_damaged_4,"Oh, try it again, you turd sniffer!","Oh, try it again, you turd sniffer!"
vox_plr_2_kill_explo_0,You just got misted!,You just got misted!
vox_plr_2_kill_explo_1,Bits and chunks and little lumps! Ha ha! That's what~zombies are made of!,Bits and chunks and little lumps! Ha ha! That's what~zombies are made of!
vox_plr_2_kill_explo_2,Click BOOM to the moon!,Click BOOM to the moon!
vox_plr_2_kill_explo_3,We're gonna paint the whole town red!,We're gonna paint the whole town red!
vox_plr_2_kill_explo_4,"Duck, duck, duck, duck, goose!","Duck, duck, duck, duck, goose!"
vox_plr_2_kill_headshot_0,Shoooop! You see that shot?,Shoooop! You see that shot?
vox_plr_2_kill_headshot_1,"Oh, one shot, one kill.","Oh, one shot, one kill."
vox_plr_2_kill_headshot_2,Order up!,Order up!
vox_plr_2_kill_headshot_3,Plink! Back where you came from.,Plink! Back where you came from.
vox_plr_2_kill_headshot_4,Bam! So far away you can barely see the brains fly!,Bam! So far away you can barely see the brains fly!
vox_plr_2_kill_headshot_5,Ow! Hole in one!,Ow! Hole in one!
vox_plr_2_kill_headshot_6,I am so good it even scares me!,I am so good it even scares me!
vox_plr_2_kill_headshot_7,Down so hard you are never getting up again!,Down so hard you are never getting up again!
vox_plr_2_kill_headshot_8,That was all instinct. Pure instinct.,That was all instinct. Pure instinct.
vox_plr_2_kill_headshot_9,"Ugh! I didn't even aim, that's how good I am!","Ugh! I didn't even aim, that's how good I am!"
vox_plr_2_kill_insta_0,COMING THROUGH!,COMING THROUGH!
vox_plr_2_kill_insta_1,Turn and burn!,Turn and burn!
vox_plr_2_kill_insta_2,Greasy Goblins!,Greasy Goblins!
vox_plr_2_kill_insta_3,Just a smear to my rear!,Just a smear to my rear!
vox_plr_2_kill_insta_4,SQUASH LIKE A BUG!,SQUASH LIKE A BUG!
vox_plr_2_kill_jet_0,DEAD IN THE HEAD!,DEAD IN THE HEAD!
vox_plr_2_kill_jet_1,This gun sucks! Get it? Sucks.,This gun sucks! Get it? Sucks.
vox_plr_2_kill_jet_2,"Hard work, but worth it.","Hard work, but worth it."
vox_plr_2_kill_jet_3,This investment's paying off in blood!,This investment's paying off in blood!
vox_plr_2_kill_jet_4,"Oh, gonna grind your kind!","Oh, gonna grind your kind!"
vox_plr_2_kill_limb_0,"Oh, do you need a hand?","Oh, do you need a hand?"
vox_plr_2_kill_limb_1,You rock gobblers are always looking for a handout.,You rock gobblers are always looking for a handout.
vox_plr_2_kill_limb_2,"Don't worry, the next one goes in your brain!","Don't worry, the next one goes in your brain!"
vox_plr_2_kill_limb_3,"I missed, but not for long.","I missed, but not for long."
vox_plr_2_kill_limb_4,I'm putting you on a diet! You just lost 10 pounds!,I'm putting you on a diet! You just lost 10 pounds!
vox_plr_2_kill_monkey_0,Haha! They just love those things to death!,Haha! They just love those things to death!
vox_plr_2_kill_monkey_1,"Now we gather by the monkey, the explodey, explodey,~explodey monkey.","Now we gather by the monkey, the explodey, explodey,~explodey monkey."
vox_plr_2_kill_monkey_2,Ha ha! Look at them scatter like cockroaches!,Ha ha! Look at them scatter like cockroaches!
vox_plr_2_kill_monkey_3,Zombies rush in where angels fear to tread.,Zombies rush in where angels fear to tread.
vox_plr_2_kill_monkey_4,"Oh, best birthday fireworks ever!","Oh, best birthday fireworks ever!"
vox_plr_2_kill_ray_0,Nothing left but blood. And nail polish.,Nothing left but blood. And nail polish.
vox_plr_2_kill_ray_1,"Plink! Boom! See ya, goon!","Plink! Boom! See ya, goon!"
vox_plr_2_kill_ray_2,I love blowing stuff up in the morning. And night. And~day.,I love blowing stuff up in the morning. And night. And~day.
vox_plr_2_kill_ray_3,"Would you look at that? No, seriously, look at it!","Would you look at that? No, seriously, look at it!"
vox_plr_2_kill_ray_4,SWEET!,SWEET!
vox_plr_2_kill_streak_0,"Ha! Set em up, I'll knock em down!","Ha! Set em up, I'll knock em down!"
vox_plr_2_kill_streak_1,I can't kill enough of you!,I can't kill enough of you!
vox_plr_2_kill_streak_2,MAMA'S ON A ROLL!,MAMA'S ON A ROLL!
vox_plr_2_kill_streak_3,Rack em and stack em!,Rack em and stack em!
vox_plr_2_kill_streak_4,"Oh, there's no stopping me!","Oh, there's no stopping me!"
vox_plr_2_kill_streak_5,Get in my way and get dead!,Get in my way and get dead!
vox_plr_2_kill_streak_6,Lead lollipops for all the bad little boys!,Lead lollipops for all the bad little boys!
vox_plr_2_kill_streak_7,"Oh, I dominate this league!","Oh, I dominate this league!"
vox_plr_2_kill_streak_8,"2, 4, 6, 8, Misty lives to decimate!","2, 4, 6, 8, Misty lives to decimate!"
vox_plr_2_kill_streak_9,Haha! You just got your ass handed to you by a chick that~weighs a buck-oh-eight!,Haha! You just got your ass handed to you by a chick that~weighs a buck-oh-eight!
vox_plr_2_map_in_1forest1_0,"Hey, Marlton! Maybe we could build a tree fort!","Hey, Marlton! Maybe we could build a tree fort!"
vox_plr_2_map_in_1forest2_0,"Hey, Stu! Look! Trees! They're made of wood.","Hey, Stu! Look! Trees! They're made of wood."
vox_plr_2_map_in_1forest3_0,I know! Let's all split up and see what happens!,I know! Let's all split up and see what happens!
vox_plr_2_map_in_1forest4_0,"Trees, check. Spooky feeling, check.","Trees, check. Spooky feeling, check."
vox_plr_2_map_in_2forest1_0,"Aww, you scared, Marlton? Would you like a hug?","Aww, you scared, Marlton? Would you like a hug?"
vox_plr_2_map_in_2forest2_0,"Keep your eyes peeled, Marley. I gotta pop a squat behind~a bush.","Keep your eyes peeled, Marley. I gotta pop a squat behind~a bush."
vox_plr_2_map_in_2forest3_0,"Ugh, all these trees are making my nose itchy.","Ugh, all these trees are making my nose itchy."
vox_plr_2_map_in_2forest4_0,"I get lost in these woods, I'm gonna regret it.","I get lost in these woods, I'm gonna regret it."
vox_plr_2_map_in_bridge1_0,Wow. Remind me never to cross that bridge again.,Wow. Remind me never to cross that bridge again.
vox_plr_2_map_in_bridge2_0,This just feels suicidal!,This just feels suicidal!
vox_plr_2_map_in_bridge3_0,"Uh, yeah, we're gonna plunge to our deaths any second now.","Uh, yeah, we're gonna plunge to our deaths any second now."
vox_plr_2_map_in_bridge4_0,"Uh-huh. Brilliant plan, geniuses. Let's drive over the~broken bridge.","Uh-huh. Brilliant plan, geniuses. Let's drive over the~broken bridge."
vox_plr_2_map_in_bus1_0,I feel like a teenage runaway again.,I feel like a teenage runaway again.
vox_plr_2_map_in_bus2_0,Take my advice and stay out of the bathrooms. Woo-hoo!,Take my advice and stay out of the bathrooms. Woo-hoo!
vox_plr_2_map_in_bus3_0,"Stuhlinger, is this the kind of place you normally go~cruising?","Stuhlinger, is this the kind of place you normally go~cruising?"
vox_plr_2_map_in_bus4_0,"Marlton, get whatever you're looking for and let's get out~of here!","Marlton, get whatever you're looking for and let's get out~of here!"
vox_plr_2_map_in_corn1_0,That is a fine looking crop of corn.,That is a fine looking crop of corn.
vox_plr_2_map_in_corn2_0,"Oh, keep an eye out for crop circles, Stubinger. You~believe in that junk, right?","Oh, keep an eye out for crop circles, Stubinger. You~believe in that junk, right?"
vox_plr_2_map_in_corn3_0,This place just keeps getting more and more confusing.,This place just keeps getting more and more confusing.
vox_plr_2_map_in_corn4_0,"Hey, Stu! Corn! Go get it, boy!","Hey, Stu! Corn! Go get it, boy!"
vox_plr_2_map_in_diner1_0,"Don't even think about it. Misty, don't cook.","Don't even think about it. Misty, don't cook."
vox_plr_2_map_in_diner2_0,"I wish this diner had a jukebox. We could dance, Marley.","I wish this diner had a jukebox. We could dance, Marley."
vox_plr_2_map_in_diner4_0,All these burnt out rat holes look the same to me after a~while.,All these burnt out rat holes look the same to me after a~while.
vox_plr_2_map_in_farm1_0,"Ah, the smell of a farm. Not quite the same since they~came around.","Ah, the smell of a farm. Not quite the same since they~came around."
vox_plr_2_map_in_farm2_0,This place is bringing back all kinds of good memories.,This place is bringing back all kinds of good memories.
vox_plr_2_map_in_farm3_0,"Huh, there's even a clothesline like Mom used to have.","Huh, there's even a clothesline like Mom used to have."
vox_plr_2_map_in_farm4_0,"Okay, alright, enough of the trip down memory lane. This~is no longer a farm, it's a ruin.","Okay, alright, enough of the trip down memory lane. This~is no longer a farm, it's a ruin."
vox_plr_2_map_in_fog_0,"Stuhlinger, is that smell you?","Stuhlinger, is that smell you?"
vox_plr_2_map_in_fog_1,I'm tripping over my own feet here!,I'm tripping over my own feet here!
vox_plr_2_map_in_fog_2,I can't see three feet in front of my face!,I can't see three feet in front of my face!
vox_plr_2_map_in_fog_3,Let's just wander around until we're all dead. How's that~for a plan?,Let's just wander around until we're all dead. How's that~for a plan?
vox_plr_2_map_in_fog_4,"I can't see you, Stuhlinger, but I can still smell you.","I can't see you, Stuhlinger, but I can still smell you."
vox_plr_2_map_in_power1_0,This is a big building. What the heck is it?,This is a big building. What the heck is it?
vox_plr_2_map_in_power2_0,This place feels wrong. Really wrong.,This place feels wrong. Really wrong.
vox_plr_2_map_in_power3_0,"Oh, there's nothing weird about an abandoned power~station, right?","Oh, there's nothing weird about an abandoned power~station, right?"
vox_plr_2_map_in_power4_0,And here we are again in Thrillsville.~Whoop-de-fuckin-doo.,And here we are again in Thrillsville.~Whoop-de-fuckin-doo.
vox_plr_2_map_in_town1_0,Be it ever so humble.,Be it ever so humble.
vox_plr_2_map_in_town2_0,"Hey, someplace around here I can get some new piercings?","Hey, someplace around here I can get some new piercings?"
vox_plr_2_map_in_town3_0,"Hey, Stu, look! A brand new town we've never been to!","Hey, Stu, look! A brand new town we've never been to!"
vox_plr_2_map_in_town4_0,"Maybe I'll get off ahead. I need some, uh, gun oil. Yeah,~gun oil.","Maybe I'll get off ahead. I need some, uh, gun oil. Yeah,~gun oil."
vox_plr_2_map_in_tunnel1_0,"Dirty, smelly, and wet. Are we inside of Crappinger?","Dirty, smelly, and wet. Are we inside of Crappinger?"
vox_plr_2_map_in_tunnel2_0,"Ugh, this place just gets creepier and creepier. Just like~you, Stuhlinger.","Ugh, this place just gets creepier and creepier. Just like~you, Stuhlinger."
vox_plr_2_map_in_tunnel3_0,"Stay in front of me, Gropinger! I don't want you behind me~in the dark.","Stay in front of me, Gropinger! I don't want you behind me~in the dark."
vox_plr_2_map_in_tunnel4_0,"Stinklinger, would you take a bath already? I can't escape~your smell in this tunnel.","Stinklinger, would you take a bath already? I can't escape~your smell in this tunnel."
vox_plr_2_map_out_2forest_0,Can't say I'm sorry to leave.,Can't say I'm sorry to leave.
vox_plr_2_map_out_bridge_0,"Bridges are made for driving over, not falling through!","Bridges are made for driving over, not falling through!"
vox_plr_2_map_out_bus_0,"Don't worry, Stuhlinger. You'll find a new men's room to~hang out in.","Don't worry, Stuhlinger. You'll find a new men's room to~hang out in."
vox_plr_2_map_out_corn_0,Oh no! No more cornfields to wander around in!,Oh no! No more cornfields to wander around in!
vox_plr_2_map_out_diner_0,Not a minute too soon.,Not a minute too soon.
vox_plr_2_map_out_fog_0,I was starting to think the whole planet was covered with~a thick blanket of ECH!,I was starting to think the whole planet was covered with~a thick blanket of ECH!
vox_plr_2_map_out_fog_1,I thought I was a goner for sure in there.,I thought I was a goner for sure in there.
vox_plr_2_map_out_fog_2,It's gonna take me an hour to dry out these jeans. Yuck.,It's gonna take me an hour to dry out these jeans. Yuck.
vox_plr_2_map_out_fog_3,"Next one who walks in there on purpose, I'm leaving them.","Next one who walks in there on purpose, I'm leaving them."
vox_plr_2_map_out_fog_4,"You guys go for a walk in the fog if you want, but I've~had my fill.","You guys go for a walk in the fog if you want, but I've~had my fill."
vox_plr_2_map_out_power_0,"So long, junk heap!","So long, junk heap!"
vox_plr_2_map_out_town_0,"It may be a burnt out shell, but it's the only one we got.","It may be a burnt out shell, but it's the only one we got."
vox_plr_2_map_out_tunnel_0,"Ugh, being in a tunnel with stupid-ger, claustrophobia,~plus the smell of vomit.","Ugh, being in a tunnel with stupid-ger, claustrophobia,~plus the smell of vomit."
vox_plr_2_nomoney_box_0,"Oh, Mr. Boxie, why are you so expensive?","Oh, Mr. Boxie, why are you so expensive?"
vox_plr_2_nomoney_generic_0,"Things are tight till payday, fellas. Misty's dead broke.","Things are tight till payday, fellas. Misty's dead broke."
vox_plr_2_nomoney_perk_0,"Things are tight till payday, fellas. Misty's dead broke.","Things are tight till payday, fellas. Misty's dead broke."
vox_plr_2_nomoney_weapon_0,"Damn it! I was really looking forward to a new gun, too.","Damn it! I was really looking forward to a new gun, too."
vox_plr_2_oh_shit_0,"Hands off the merchandise, pants rubbers!","Hands off the merchandise, pants rubbers!"
vox_plr_2_oh_shit_1,"Yeah, see, this is where my plan just went south.","Yeah, see, this is where my plan just went south."
vox_plr_2_oh_shit_10,"Dead, dead, dead, dead, dead.","Dead, dead, dead, dead, dead."
vox_plr_2_oh_shit_11,"Come on, shamblers! I got enough bullets for everybody!","Come on, shamblers! I got enough bullets for everybody!"
vox_plr_2_oh_shit_12,Ha ha ha ha ha! You think I'm scared of you?,Ha ha ha ha ha! You think I'm scared of you?
vox_plr_2_oh_shit_13,"Step up and meet your maker, scumbags!","Step up and meet your maker, scumbags!"
vox_plr_2_oh_shit_14,Pop goes the head!,Pop goes the head!
vox_plr_2_oh_shit_2,"A little backup would be nice, guys!","A little backup would be nice, guys!"
vox_plr_2_oh_shit_3,"Got myself into trouble, I can get myself out of trouble.","Got myself into trouble, I can get myself out of trouble."
vox_plr_2_oh_shit_4,"Guns, don't fail me now!","Guns, don't fail me now!"
vox_plr_2_oh_shit_5,"Front Sites, Misty. Front Sites. Front Sites.","Front Sites, Misty. Front Sites. Front Sites."
vox_plr_2_oh_shit_6,"Count your bullets, count your targets.","Count your bullets, count your targets."
vox_plr_2_oh_shit_7,"You can handle this, girl! You've been through worse!","You can handle this, girl! You've been through worse!"
vox_plr_2_oh_shit_8,"You want some lunch, Stuhlinger? Cause I'm about to drop a~lot of meat for ya.","You want some lunch, Stuhlinger? Cause I'm about to drop a~lot of meat for ya."
vox_plr_2_oh_shit_9,"Oh, shit! It's almost like Misty isn't afraid of you! Oh,~right! Cause I ain't!","Oh, shit! It's almost like Misty isn't afraid of you! Oh,~right! Cause I ain't!"
vox_plr_2_pap_arm_0,"Oh, pretty.","Oh, pretty."
vox_plr_2_pap_arm_1,Ugh! This'll bring the punch to the party!,Ugh! This'll bring the punch to the party!
vox_plr_2_pap_arm_2,"Okay, now this is what a gun should look like.","Okay, now this is what a gun should look like."
vox_plr_2_pap_arm_3,"Um, what's that word Marlton uses? Splend-der-rifice?~Yeah! This is Splend-der-rifice!","Um, what's that word Marlton uses? Splend-der-rifice?~Yeah! This is Splend-der-rifice!"
vox_plr_2_pap_arm_4,"I don't know how it works, but I'm glad that it does.~Funtime is here again.","I don't know how it works, but I'm glad that it does.~Funtime is here again."
vox_plr_2_pap_arm2_0,"Oh, well, aren't you just the Queen of Diamonds?","Oh, well, aren't you just the Queen of Diamonds?"
vox_plr_2_pap_arm2_1,Now this is the kind of gun that a hard-charging lady like~myself loves to get.,Now this is the kind of gun that a hard-charging lady like~myself loves to get.
vox_plr_2_pap_arm2_2,"Well, thank you, sir! This here will do just fine.","Well, thank you, sir! This here will do just fine."
vox_plr_2_pap_arm2_3,Ha! It's like I took a gun and fed it a bunch more guns~and it crapped out a super gun!,Ha! It's like I took a gun and fed it a bunch more guns~and it crapped out a super gun!
vox_plr_2_pap_arm2_4,"I don't know how you work, Pack-a-Punchy, but I'm glad to~meet ya.","I don't know how you work, Pack-a-Punchy, but I'm glad to~meet ya."
vox_plr_2_pap_hint_0,Wait a second. I've seen this kind of place before.,Wait a second. I've seen this kind of place before.
vox_plr_2_pap_hint_1,"Huh, I'm getting a funny feeling in my trigger finger.","Huh, I'm getting a funny feeling in my trigger finger."
vox_plr_2_pap_hint_2,"Huh. It's like someone's calling out my name, but I can't~hear anything.","Huh. It's like someone's calling out my name, but I can't~hear anything."
vox_plr_2_pap_wait_0,"Sometimes I get this urge to quilt, but I push it right~down and kill something instead.","Sometimes I get this urge to quilt, but I push it right~down and kill something instead."
vox_plr_2_pap_wait_1,I remember Daddy's face when the zombies got him. Makes me~angry.,I remember Daddy's face when the zombies got him. Makes me~angry.
vox_plr_2_pap_wait_2,I got no patience for the details of what you're doing. I~just want you to make it go BOOM faster!,I got no patience for the details of what you're doing. I~just want you to make it go BOOM faster!
vox_plr_2_pap_wait_3,It's these empty moments between zombie attacks that leave~me feeling sad.,It's these empty moments between zombie attacks that leave~me feeling sad.
vox_plr_2_pap_wait_4,I just realized that I can't even remember my own mother's~face.,I just realized that I can't even remember my own mother's~face.
vox_plr_2_pap_wait2_0,"I keep thinking I need a hobby other than saving~Stoopfinger, but that keeps me so busy.","I keep thinking I need a hobby other than saving~Stoopfinger, but that keeps me so busy."
vox_plr_2_pap_wait2_1,"Marlton, Marlton, Marlton! Sometimes you just gotta step~up and ask for what you want!","Marlton, Marlton, Marlton! Sometimes you just gotta step~up and ask for what you want!"
vox_plr_2_pap_wait2_2,All I want is a shotgun filled with hellfire. All~Stuhlinger wants is a long soak in a soapy bath.,All I want is a shotgun filled with hellfire. All~Stuhlinger wants is a long soak in a soapy bath.
vox_plr_2_pap_wait2_3,Gotta stay sharp. I don't want to get trapped by a bunch~of rot gobblers while I'm weapons free.,Gotta stay sharp. I don't want to get trapped by a bunch~of rot gobblers while I'm weapons free.
vox_plr_2_pap_wait2_4,"Come on, Mr. Pack-a-Punch! Gimme gimme gimme gimme gimme!","Come on, Mr. Pack-a-Punch! Gimme gimme gimme gimme gimme!"
vox_plr_2_perk_doubletap_0,Woo! Everything seems kind of sped up. What was that~stuff?,Woo! Everything seems kind of sped up. What was that~stuff?
vox_plr_2_perk_jugga_0,So unladylike.,So unladylike.
vox_plr_2_perk_revive_0,Anyone hurt? What is that taste?,Anyone hurt? What is that taste?
vox_plr_2_perk_speed_0,Ah! My hands feel twitchy!,Ah! My hands feel twitchy!
vox_plr_2_perk_stamine_0,"Faster, faster, faster, faster, faster, faster, faster~even!","Faster, faster, faster, faster, faster, faster, faster~even!"
vox_plr_2_perk_tombstone_0,Anyone feeling lucky? I do!,Anyone feeling lucky? I do!
vox_plr_2_power_core_0,"Oh, pretty.","Oh, pretty."
vox_plr_2_power_core_1,"Ugh, now that is something to look at.","Ugh, now that is something to look at."
vox_plr_2_power_off_0,"Ugh, lights are out. That's when I knock my shin into~something.","Ugh, lights are out. That's when I knock my shin into~something."
vox_plr_2_power_off_1,"Marlton, sweetie, would you turn the lights on?","Marlton, sweetie, would you turn the lights on?"
vox_plr_2_power_off_2,I'll bet there's some way to get this place lit up.,I'll bet there's some way to get this place lit up.
vox_plr_2_power_off_3,"Lurking in the dark is fun and all, but I like being able~to see what I'm killing.","Lurking in the dark is fun and all, but I like being able~to see what I'm killing."
vox_plr_2_power_off_4,"If you've seen one unlit rat hole, you've seen them all.","If you've seen one unlit rat hole, you've seen them all."
vox_plr_2_power_on_0,Watch out! I did something!,Watch out! I did something!
vox_plr_2_power_on_1,"Haha, I didn't think that was gonna work.","Haha, I didn't think that was gonna work."
vox_plr_2_power_on_2,This party is finally getting started!,This party is finally getting started!
vox_plr_2_powerup_ammo_0,Woo! I topped off my tank!,Woo! I topped off my tank!
vox_plr_2_powerup_ammo_1,Full as a tick!,Full as a tick!
vox_plr_2_powerup_ammo_2,Look at all this ammo!,Look at all this ammo!
vox_plr_2_powerup_carp_0,Whew! Thanks for the break!,Whew! Thanks for the break!
vox_plr_2_powerup_carp_1,"Well, that saves me a lot of hammering.","Well, that saves me a lot of hammering."
vox_plr_2_powerup_carp_2,I thank you! My wrists thank you!,I thank you! My wrists thank you!
vox_plr_2_powerup_double_0,Two for one time!,Two for one time!
vox_plr_2_powerup_double_1,Double Trouble!,Double Trouble!
vox_plr_2_powerup_double_2,"One, two, I'm killing you!","One, two, I'm killing you!"
vox_plr_2_powerup_firesale_0,"Cheap stuff, you bet!","Cheap stuff, you bet!"
vox_plr_2_powerup_firesale_1,"Ooh, a sale!","Ooh, a sale!"
vox_plr_2_powerup_firesale_2,Ha ha! Only suckers pay retail!,Ha ha! Only suckers pay retail!
vox_plr_2_powerup_firesale_3,Line up and buy!,Line up and buy!
vox_plr_2_powerup_insta_0,CRUNCH!,CRUNCH!
vox_plr_2_powerup_insta_1,Unleash the Whirly Gig!,Unleash the Whirly Gig!
vox_plr_2_powerup_insta_2,You just woke one sleepy giant!,You just woke one sleepy giant!
vox_plr_2_powerup_nuke_0,KABLUEY!,KABLUEY!
vox_plr_2_powerup_nuke_1,CINDERS!,CINDERS!
vox_plr_2_powerup_nuke_2,That's the big boom!,That's the big boom!
vox_plr_2_rebuild_boards_0,Ugh! All this hammering is working my arm something~fierce!,Ugh! All this hammering is working my arm something~fierce!
vox_plr_2_riv_resp_avogadro_attack_0,"Ha! Let's see if the lightning, weirdo, can end your~useless ass, stupager.","Ha! Let's see if the lightning, weirdo, can end your~useless ass, stupager."
vox_plr_2_riv_resp_avogadro_attack_1,"Gosh, I almost want to run over and help him. Almost.","Gosh, I almost want to run over and help him. Almost."
vox_plr_2_riv_resp_avogadro_attack_2,Huh. I can't decide. Wash my hair or save Stuhlinger.,Huh. I can't decide. Wash my hair or save Stuhlinger.
vox_plr_2_riv_resp_avogadro_attack_3,"Ha! Better you than me, Pee-wee!","Ha! Better you than me, Pee-wee!"
vox_plr_2_riv_resp_avogadro_attack_4,"I wouldn't chew that Flesher too much, Lightning Gristle.~You might get sick.","I wouldn't chew that Flesher too much, Lightning Gristle.~You might get sick."
vox_plr_2_riv_resp_crawler_start_0,"Ha! Can't quite finish the job, huh, trulinger?","Ha! Can't quite finish the job, huh, trulinger?"
vox_plr_2_riv_resp_crawler_start_1,"If you can't do a big boy's job, stop playing with a big~boy's gun!","If you can't do a big boy's job, stop playing with a big~boy's gun!"
vox_plr_2_riv_resp_crawler_start_2,"FINISH WHAT YOU STARTED, USELESS!","FINISH WHAT YOU STARTED, USELESS!"
vox_plr_2_riv_resp_crawler_start_3,"Once again, Stuhl lingers not to the rescue.","Once again, Stuhl lingers not to the rescue."
vox_plr_2_riv_resp_crawler_start_4,You ever get tired of being useless?,You ever get tired of being useless?
vox_plr_2_riv_resp_kill_headshot_0,"Hey, hey, alright! Someone taught the moron to shoot!","Hey, hey, alright! Someone taught the moron to shoot!"
vox_plr_2_riv_resp_kill_headshot_1,Eww! It's so sweet! Stupid jerk got off a lucky shot!,Eww! It's so sweet! Stupid jerk got off a lucky shot!
vox_plr_2_riv_resp_kill_headshot_2,"Let's see you do it twice in a row, Big Mouth!","Let's see you do it twice in a row, Big Mouth!"
vox_plr_2_riv_resp_kill_headshot_3,"Okay, that's one for you, 78 for me. But yeah, one for~you.","Okay, that's one for you, 78 for me. But yeah, one for~you."
vox_plr_2_riv_resp_screecher_attack_0,"Great! Now he'll be smelly, useless, and blind.","Great! Now he'll be smelly, useless, and blind."
vox_plr_2_riv_resp_screecher_attack_1,"Good grief, Stuhlinger! Ain't you got a knife handy?","Good grief, Stuhlinger! Ain't you got a knife handy?"
vox_plr_2_riv_resp_screecher_attack_2,It's like having a baby cow along on a wolf hunt!,It's like having a baby cow along on a wolf hunt!
vox_plr_2_riv_resp_screecher_attack_3,You are just about the most useless man I've ever met!,You are just about the most useless man I've ever met!
vox_plr_2_riv_resp_screecher_attack_4,I'm extremely unimpressed. You ever hear that before?,I'm extremely unimpressed. You ever hear that before?
vox_plr_2_riv_resp_surrounded_0,"Stuhlinger's going down, and this time it's not even on~Russman.","Stuhlinger's going down, and this time it's not even on~Russman."
vox_plr_2_riv_resp_surrounded_1,"So long, big baby! I won't miss you when you're gone!","So long, big baby! I won't miss you when you're gone!"
vox_plr_2_riv_resp_surrounded_2,I thought you were supposed to be some kind of real man!,I thought you were supposed to be some kind of real man!
vox_plr_2_riv_resp_surrounded_3,So you turned out to be a punk after all!,So you turned out to be a punk after all!
vox_plr_2_riv_resp_surrounded_4,"Oh, but who's gonna constantly let us down once~Stuhlinger's dead?","Oh, but who's gonna constantly let us down once~Stuhlinger's dead?"
vox_plr_2_riv_resp_wpck_monkey_0,"Oh, guess Mr. Box took pity on your really, really, really~dumb ass.","Oh, guess Mr. Box took pity on your really, really, really~dumb ass."
vox_plr_2_riv_resp_wpck_monkey_1,"Hey, it's a little doll that looks like you, stupid chair.","Hey, it's a little doll that looks like you, stupid chair."
vox_plr_2_riv_resp_wpck_monkey_2,Ha! Must be some kind of distant relative!,Ha! Must be some kind of distant relative!
vox_plr_2_riv_resp_wpck_monkey_3,It's loud and ugly. You sure it's not a tiny version of~you?,It's loud and ugly. You sure it's not a tiny version of~you?
vox_plr_2_riv_resp_wpck_monkey_4,"I'd say you were lucky, but you're ugly as hell, so how~lucky could you be?","I'd say you were lucky, but you're ugly as hell, so how~lucky could you be?"
vox_plr_2_screecher_attack_0,"Oh, not on my kissers, sweetheart!","Oh, not on my kissers, sweetheart!"
vox_plr_2_screecher_attack_1,You're gonna pay for messing up my makeup!,You're gonna pay for messing up my makeup!
vox_plr_2_screecher_attack_2,"I spend all of ten seconds on that hair, scumbag!","I spend all of ten seconds on that hair, scumbag!"
vox_plr_2_screecher_attack_3,Ugh! Some of it got in my mouth!,Ugh! Some of it got in my mouth!
vox_plr_2_screecher_attack_4,Ahahaha! It touched my lips!,Ahahaha! It touched my lips!
vox_plr_2_screecher_cut_0,"GET OFF OF MY FACE, LETCHER!","GET OFF OF MY FACE, LETCHER!"
vox_plr_2_screecher_cut_1,Ugh! Does my knife hurt? Grabby patties!,Ugh! Does my knife hurt? Grabby patties!
vox_plr_2_screecher_cut_2,Get off of me before I grease you!,Get off of me before I grease you!
vox_plr_2_screecher_cut_3,"Ugh, like poppin' the world's ugliest zit!","Ugh, like poppin' the world's ugliest zit!"
vox_plr_2_screecher_cut_4,I'll carve you like a pumpkin!,I'll carve you like a pumpkin!
vox_plr_2_screecher_flee_0,"Don't run away now, I'm just getting warmed up!","Don't run away now, I'm just getting warmed up!"
vox_plr_2_screecher_flee_1,"You started this, not me!","You started this, not me!"
vox_plr_2_screecher_flee_2,"Come on back and finish what you started, devil baby!","Come on back and finish what you started, devil baby!"
vox_plr_2_screecher_flee_3,"Why, you gutless, icky thing!","Why, you gutless, icky thing!"
vox_plr_2_screecher_flee_4,Ha! You're almost as scared of me as stupid jerk.,Ha! You're almost as scared of me as stupid jerk.
vox_plr_2_screecher_kill_0,"Oh, you'll never ride a bike again.","Oh, you'll never ride a bike again."
vox_plr_2_screecher_kill_1,"Oh, who's gonna feed your little devil babies now?","Oh, who's gonna feed your little devil babies now?"
vox_plr_2_screecher_kill_2,I almost feel sorry for that. Almost.,I almost feel sorry for that. Almost.
vox_plr_2_screecher_kill_3,"Oh, they're cute when they're little. Wait, I lied.","Oh, they're cute when they're little. Wait, I lied."
vox_plr_2_screecher_kill_4,"One down, ten bugajillion more to go.","One down, ten bugajillion more to go."
vox_plr_2_screecher_off_0,Where are you going?,Where are you going?
vox_plr_2_screecher_off_1,What happened there?,What happened there?
vox_plr_2_screecher_off_2,What'd I do?,What'd I do?
vox_plr_2_screecher_off_3,"One second it was trying to claw my eyes out, next second,~gone!","One second it was trying to claw my eyes out, next second,~gone!"
vox_plr_2_screecher_off_4,"Oh, thank you, sweet Jinkus!","Oh, thank you, sweet Jinkus!"
vox_plr_2_screecher_teleport_0,"Ah, sweet relief!","Ah, sweet relief!"
vox_plr_2_screecher_teleport_1,Was it something I said?,Was it something I said?
vox_plr_2_screecher_teleport_2,"Oh no, it ruined my makeup.","Oh no, it ruined my makeup."
vox_plr_2_screecher_teleport_3,Where is he going?,Where is he going?
vox_plr_2_screecher_teleport_4,"Typical man, afraid to commit.","Typical man, afraid to commit."
vox_plr_2_spawn_hellhound_0,Wow! Those are the ugliest dogs I've ever seen!,Wow! Those are the ugliest dogs I've ever seen!
vox_plr_2_spawn_hellhound_1,"Aww, poor little doggies, I gotta kill you!","Aww, poor little doggies, I gotta kill you!"
vox_plr_2_spawn_hellhound_2,Devil Dogs are coming!,Devil Dogs are coming!
vox_plr_2_spawn_hellhound_3,"I don't like hurting animals, but I'll make an exception~for you!","I don't like hurting animals, but I'll make an exception~for you!"
vox_plr_2_spawn_hellhound_4,"Suck bullets, devildogs!","Suck bullets, devildogs!"
vox_plr_2_wpck_57_0,Time to pop some corks!,Time to pop some corks!
vox_plr_2_wpck_57_1,"I point, you die.","I point, you die."
vox_plr_2_wpck_57_2,From my trigger to your brain!,From my trigger to your brain!
vox_plr_2_wpck_chicom_0,"At the risk of sounding sexist, this is a girl's gun.","At the risk of sounding sexist, this is a girl's gun."
vox_plr_2_wpck_chicom_1,"Yeah, this is nice and all, but I prefer a shotgun next~time. Please.","Yeah, this is nice and all, but I prefer a shotgun next~time. Please."
vox_plr_2_wpck_chicom_2,"You'll do, little man. You'll do. No, Stuhlinger. I don't~mean you.","You'll do, little man. You'll do. No, Stuhlinger. I don't~mean you."
vox_plr_2_wpck_dsr50_0,What a fussy little thing.,What a fussy little thing.
vox_plr_2_wpck_dsr50_1,"Hmm, maybe I could throw it at him.","Hmm, maybe I could throw it at him."
vox_plr_2_wpck_dsr50_2,It's a lady's right to be choosy about her guns.,It's a lady's right to be choosy about her guns.
vox_plr_2_wpck_duel57_0,Whew! Two in the hand is worth one in the bush!,Whew! Two in the hand is worth one in the bush!
vox_plr_2_wpck_duel57_1,Time for you men to see what a real shooter looks like.,Time for you men to see what a real shooter looks like.
vox_plr_2_wpck_duel57_2,"Ah, got me some bang bang action.","Ah, got me some bang bang action."
vox_plr_2_wpck_emp_0,"Eh, I don't go in for this high-tech stuff so much.","Eh, I don't go in for this high-tech stuff so much."
vox_plr_2_wpck_emp_1,Kind of a big boys toys sort of thing.,Kind of a big boys toys sort of thing.
vox_plr_2_wpck_emp_2,"Eh, not my speed, but if it kills zombies, I'll take it.","Eh, not my speed, but if it kills zombies, I'll take it."
vox_plr_2_wpck_fal_0,"Anything's better than nothing, but not by much.","Anything's better than nothing, but not by much."
vox_plr_2_wpck_fal_1,This is kind of a clunker.,This is kind of a clunker.
vox_plr_2_wpck_fal_2,"Hey, anyone want to trade me a rake for this thing?","Hey, anyone want to trade me a rake for this thing?"
vox_plr_2_wpck_favorite_0,"You're nothing special, but you're mine.","You're nothing special, but you're mine."
vox_plr_2_wpck_favorite_1,This is the best thing I've seen all day.,This is the best thing I've seen all day.
vox_plr_2_wpck_favorite_2,"You are a sight for sore eyes, handsome.","You are a sight for sore eyes, handsome."
vox_plr_2_wpck_galil_0,Haha! It's time to unleash the Misty Fire! Yeah!,Haha! It's time to unleash the Misty Fire! Yeah!
vox_plr_2_wpck_galil_1,Ho ho! I'm gonna slick down the streets with blood!,Ho ho! I'm gonna slick down the streets with blood!
vox_plr_2_wpck_galil_2,"Oh, there's no stopping what I'm about to start.","Oh, there's no stopping what I'm about to start."
vox_plr_2_wpck_hamr_0,"Hey, never-ending fun time!","Hey, never-ending fun time!"
vox_plr_2_wpck_hamr_1,Woo-hoo! Got me a chatter gun!,Woo-hoo! Got me a chatter gun!
vox_plr_2_wpck_hamr_2,"Oh, start talking, never stop.","Oh, start talking, never stop."
vox_plr_2_wpck_judge_0,I loves me a shotgun! Especially a pocket-sized shotgun.,I loves me a shotgun! Especially a pocket-sized shotgun.
vox_plr_2_wpck_judge_1,"Oh, Spray and Pray!","Oh, Spray and Pray!"
vox_plr_2_wpck_judge_2,Full bore stop in action. Bite-sized version.,Full bore stop in action. Bite-sized version.
vox_plr_2_wpck_kap_0,"Nice one, Mr. Box.","Nice one, Mr. Box."
vox_plr_2_wpck_kap_1,"Breathe, relax, aim, squeeze.","Breathe, relax, aim, squeeze."
vox_plr_2_wpck_kap_2,This thing again!,This thing again!
vox_plr_2_wpck_knife_0,"Ooh, silent but deadly.","Ooh, silent but deadly."
vox_plr_2_wpck_knife_1,Ha ha! Spring-loaded and lethal!,Ha ha! Spring-loaded and lethal!
vox_plr_2_wpck_knife_2,SPRING! NING NING NING NING!,SPRING! NING NING NING NING!
vox_plr_2_wpck_m1216_0,Ah! Misty's Messmaker! Sweet!,Ah! Misty's Messmaker! Sweet!
vox_plr_2_wpck_m1216_1,"Oh my god, Mr. Box, you are the kindest fellow I know!","Oh my god, Mr. Box, you are the kindest fellow I know!"
vox_plr_2_wpck_m1216_2,"Oh, I am gonna kill so many Road Trotters with you, buddy!","Oh, I am gonna kill so many Road Trotters with you, buddy!"
vox_plr_2_wpck_m32_0,"Oh, this is gonna make a big ol' splash!","Oh, this is gonna make a big ol' splash!"
vox_plr_2_wpck_m32_1,"Boom, boom! That's the sound of doom!","Boom, boom! That's the sound of doom!"
vox_plr_2_wpck_m32_2,"Oh, I pull this trigger, I end you!","Oh, I pull this trigger, I end you!"
vox_plr_2_wpck_m8a1_0,This is the nicest thing any man or box has ever given me.,This is the nicest thing any man or box has ever given me.
vox_plr_2_wpck_m8a1_1,Woo! I am going to wet me some zombies!,Woo! I am going to wet me some zombies!
vox_plr_2_wpck_m8a1_2,"Ugh, time to grease some goons.","Ugh, time to grease some goons."
vox_plr_2_wpck_monkey_0,Hell yeah! This will ring some bells.,Hell yeah! This will ring some bells.
vox_plr_2_wpck_monkey_1,Tick Tock! I'm on the clock!,Tick Tock! I'm on the clock!
vox_plr_2_wpck_monkey_2,"Come and get it, dummies!","Come and get it, dummies!"
vox_plr_2_wpck_python_0,This is a gun for punks! Like Stuhlinger.,This is a gun for punks! Like Stuhlinger.
vox_plr_2_wpck_python_1,"Ugh, some kind of substitute penis, if you ask me.","Ugh, some kind of substitute penis, if you ask me."
vox_plr_2_wpck_python_2,It's like a replacement for something that's gone a little~soft.,It's like a replacement for something that's gone a little~soft.
vox_plr_2_wpck_ray_0,"Oh, bring them up, I'll put them down.","Oh, bring them up, I'll put them down."
vox_plr_2_wpck_ray_1,Now this is gonna bring the pain!,Now this is gonna bring the pain!
vox_plr_2_wpck_ray_2,Ha ha! Guts meet street. Street meet guts.,Ha ha! Guts meet street. Street meet guts.
vox_plr_2_wpck_rpd_0,This thing talks almost as much as I do.,This thing talks almost as much as I do.
vox_plr_2_wpck_rpd_1,"Hold down the trigger, clear out the town.","Hold down the trigger, clear out the town."
vox_plr_2_wpck_rpd_2,"Oh, this bad boy just rolls on and on and on!","Oh, this bad boy just rolls on and on and on!"
vox_plr_2_wpck_rpg_0,I prefer something with a touch more control.,I prefer something with a touch more control.
vox_plr_2_wpck_rpg_1,Slow to load and easy to kill myself with. Great.,Slow to load and easy to kill myself with. Great.
vox_plr_2_wpck_rpg_2,A gun that shoots bombs. What's next? A knife that shoots~spoons?,A gun that shoots bombs. What's next? A knife that shoots~spoons?
vox_plr_2_wpck_saiga12_0,"Oh, look what my daddy left me. I must have been good this~year.","Oh, look what my daddy left me. I must have been good this~year."
vox_plr_2_wpck_saiga12_1,Hey! Time to juice me up some zombies!,Hey! Time to juice me up some zombies!
vox_plr_2_wpck_saiga12_2,A hot cone of metal is just what I was looking for!,A hot cone of metal is just what I was looking for!
vox_plr_2_wpck_sidr_0,Might as well bake the zombies some cookies while you're~at it.,Might as well bake the zombies some cookies while you're~at it.
vox_plr_2_wpck_sidr_1,"Mr. Box, is it too late to trade you back?","Mr. Box, is it too late to trade you back?"
vox_plr_2_wpck_sidr_2,"Ugh, just like a man to leave me feeling cheated.","Ugh, just like a man to leave me feeling cheated."
vox_plr_2_wpck_type25_0,"Brappity dappity, let's kill some stuff.","Brappity dappity, let's kill some stuff."
vox_plr_2_wpck_type25_1,I love the smell of a freshly cleaned automatic rifle.,I love the smell of a freshly cleaned automatic rifle.
vox_plr_2_wpck_type25_2,Just where do all these guns come from? Mr. Box?,Just where do all these guns come from? Mr. Box?
vox_plr_2_wpck_x95l_0,"Ghoulie Ghoulies, here I come!","Ghoulie Ghoulies, here I come!"
vox_plr_2_wpck_x95l_1,"Open wide and say, AHHHH!","Open wide and say, AHHHH!"
vox_plr_2_wpck_x95l_2,"Flesh Gobblers, get ready to meet your blue-eyed makers!","Flesh Gobblers, get ready to meet your blue-eyed makers!"
vox_plr_3_ammo_low_0,"Oh, why did I fire off all my bullets?","Oh, why did I fire off all my bullets?"
vox_plr_3_ammo_low_1,"Bullet Conservation, Marlton. BULLET CONSERVATION!","Bullet Conservation, Marlton. BULLET CONSERVATION!"
vox_plr_3_ammo_low_2,I must marshal my ammunition more efficiently.,I must marshal my ammunition more efficiently.
vox_plr_3_ammo_low_3,Perhaps an ammunition barter is in order. Anyone?,Perhaps an ammunition barter is in order. Anyone?
vox_plr_3_ammo_low_4,"Perhaps it is Socialist Stuhlinger, but someone needs to~share ammo with me.","Perhaps it is Socialist Stuhlinger, but someone needs to~share ammo with me."
vox_plr_3_ammo_out_0,Ah! Why did I fire off all my bullets?,Ah! Why did I fire off all my bullets?
vox_plr_3_ammo_out_1,"How could you have forgotten to count your ammunition,~Marlton?","How could you have forgotten to count your ammunition,~Marlton?"
vox_plr_3_ammo_out_2,What a rookie errata!,What a rookie errata!
vox_plr_3_ammo_out_3,Out of ammunition? Disgusting! That means I will have to~engage these monstrosities with a blade.,Out of ammunition? Disgusting! That means I will have to~engage these monstrosities with a blade.
vox_plr_3_ammo_out_4,"Go ahead! Come at me! See if you end up regretting that~decision, fiends!","Go ahead! Come at me! See if you end up regretting that~decision, fiends!"
vox_plr_3_ammo_out_5,"Stand away, necrophages! I do not wish to engage in~physical activity with walking disease lockers!","Stand away, necrophages! I do not wish to engage in~physical activity with walking disease lockers!"
vox_plr_3_avogadro_above_0,That is no natural weather pattern!,That is no natural weather pattern!
vox_plr_3_avogadro_above_1,This signals the advent of something very unpleasant!,This signals the advent of something very unpleasant!
vox_plr_3_avogadro_above_2,The lightning is so intense!,The lightning is so intense!
vox_plr_3_avogadro_arrive_0,It must be some sort of retrograde evolutionary throwback~or a massive leap forward.,It must be some sort of retrograde evolutionary throwback~or a massive leap forward.
vox_plr_3_avogadro_arrive_1,Terminate the vicious monster!,Terminate the vicious monster!
vox_plr_3_avogadro_arrive_2,Destroy it!,Destroy it!
vox_plr_3_avogadro_atkbus_0,"Whoa, whoa, whoa! It is disabling our locomotion!~Termination is prioritized!","Whoa, whoa, whoa! It is disabling our locomotion!~Termination is prioritized!"
vox_plr_3_avogadro_atkbus_1,"Uh, indulge me if you will, uh, why is no one cooperating~to eliminate the threat to our transportation?!","Uh, indulge me if you will, uh, why is no one cooperating~to eliminate the threat to our transportation?!"
vox_plr_3_avogadro_atkbus_2,"It is attacking the bus, fools! Stop it!","It is attacking the bus, fools! Stop it!"
vox_plr_3_avogadro_attack_0,THIS IS DECIDEDLY PAINFUL!,THIS IS DECIDEDLY PAINFUL!
vox_plr_3_avogadro_attack_1,NO! MY ELECTRONICS! RUINED!,NO! MY ELECTRONICS! RUINED!
vox_plr_3_avogadro_attack_2,The amperes have hurt me to the quick!,The amperes have hurt me to the quick!
vox_plr_3_avogadro_flee_0,Now you run? Typical.,Now you run? Typical.
vox_plr_3_avogadro_flee_1,Outmatched by the awesome might of Marlton!,Outmatched by the awesome might of Marlton!
vox_plr_3_avogadro_flee_2,Haha! It is quite pleasing to me to see the monster so~heartily weakened!,Haha! It is quite pleasing to me to see the monster so~heartily weakened!
vox_plr_3_avogadro_onbus_0,"Attention, fellow passengers! We have an unwanted guest!","Attention, fellow passengers! We have an unwanted guest!"
vox_plr_3_avogadro_onbus_1,Dispatch it! Shuffle off its mortal coil!,Dispatch it! Shuffle off its mortal coil!
vox_plr_3_avogadro_onbus_2,"Ah, the heinous abnormality is back!","Ah, the heinous abnormality is back!"
vox_plr_3_avogadro_reveal_0,What type of creature could thrive in such an environment?,What type of creature could thrive in such an environment?
vox_plr_3_avogadro_reveal_1,Danger radiates from the creature's very being!,Danger radiates from the creature's very being!
vox_plr_3_avogadro_reveal_2,I feel safe in asserting that such monstrosities do not~typically live inside power cores.,I feel safe in asserting that such monstrosities do not~typically live inside power cores.
vox_plr_3_avogadro_stopbus_0,"Once again, I tried to encourage the correct path of~action.","Once again, I tried to encourage the correct path of~action."
vox_plr_3_avogadro_stopbus_1,"Oh no, why should anyone listen to Marlton? Fantastic.","Oh no, why should anyone listen to Marlton? Fantastic."
vox_plr_3_avogadro_stopbus_2,"I'm used to Russman being a fool. And Stuhlinger. But~Misty, you're doing fine. RUN!","I'm used to Russman being a fool. And Stuhlinger. But~Misty, you're doing fine. RUN!"
vox_plr_3_avogadro_storm_0,Russman! Run to the storm and see if you can measure the~gigawattage!,Russman! Run to the storm and see if you can measure the~gigawattage!
vox_plr_3_avogadro_storm_1,There's an unnatural phenomenon hovering in the distance!,There's an unnatural phenomenon hovering in the distance!
vox_plr_3_avogadro_wound_0,Yes! You are mortal! I have proof of your weakness!,Yes! You are mortal! I have proof of your weakness!
vox_plr_3_avogadro_wound_1,Pile on fellow travelers and we shall end this creature's~attacks!,Pile on fellow travelers and we shall end this creature's~attacks!
vox_plr_3_avogadro_wound_2,"Haha! Not to be a sadist, but your pain is music to my~ears!","Haha! Not to be a sadist, but your pain is music to my~ears!"
vox_plr_3_box_move_0,The Chaos Box has shifted once more!,The Chaos Box has shifted once more!
vox_plr_3_box_move_1,Perhaps I will try my luck with the Lying Box of Mystery.,Perhaps I will try my luck with the Lying Box of Mystery.
vox_plr_3_box_move_2,"The odds of me receiving what I want are extremely slim,~yet I keep trying.","The odds of me receiving what I want are extremely slim,~yet I keep trying."
vox_plr_3_box_move_3,"Ah, the telltale departure glow of the Chaos Box~illuminates the skies once more.","Ah, the telltale departure glow of the Chaos Box~illuminates the skies once more."
vox_plr_3_box_move_4,I can never get what I truly want from the Chaos Box be-~Hey! Where are you going?,I can never get what I truly want from the Chaos Box be-~Hey! Where are you going?
vox_plr_3_build_add_0,"My endeavors will aid all mankind. Well, me, primarily,~but through me, all mankind.","My endeavors will aid all mankind. Well, me, primarily,~but through me, all mankind."
vox_plr_3_build_add_1,This device will prove my mental superiority once and for~all.,This device will prove my mental superiority once and for~all.
vox_plr_3_build_add_2,"Others might build similar devices, but mine are superior~in all fashions. Thank you.","Others might build similar devices, but mine are superior~in all fashions. Thank you."
vox_plr_3_build_final_0,"If my calculations are correct, this should be the final~piece of this puzzle.","If my calculations are correct, this should be the final~piece of this puzzle."
vox_plr_3_build_final_1,"The only query now is, shall this construction operate~properly? And the answer is, indubitably!","The only query now is, shall this construction operate~properly? And the answer is, indubitably!"
vox_plr_3_build_final_2,"Haha, exemplary engineering, though I do say so myself.","Haha, exemplary engineering, though I do say so myself."
vox_plr_3_build_pck_bjetgun_0,The cyclonic forces contained herein shall make me~unstoppable!,The cyclonic forces contained herein shall make me~unstoppable!
vox_plr_3_build_pck_bshield_0,This will make a most formidable barrier. And I like~barriers.,This will make a most formidable barrier. And I like~barriers.
vox_plr_3_build_pck_btrap_0,One hot foot coming right up!,One hot foot coming right up!
vox_plr_3_build_pck_bturbine_0,"Portable Wind Generator, courtesy of your resident genius.","Portable Wind Generator, courtesy of your resident genius."
vox_plr_3_build_pck_bturret_0,"Haha, this will certainly chum the waters.","Haha, this will certainly chum the waters."
vox_plr_3_build_pck_wjetgun_0,What kind of poltroon would discard such fine engineering?,What kind of poltroon would discard such fine engineering?
vox_plr_3_build_pck_wshield_0,"You, my friend, are needed elsewhere. Huh, I have a~friend.","You, my friend, are needed elsewhere. Huh, I have a~friend."
vox_plr_3_build_pck_wtrap_0,I should work on grounding this device to reduce the risk~of accelerated fibrillation.,I should work on grounding this device to reduce the risk~of accelerated fibrillation.
vox_plr_3_build_pck_wturbine_0,I am conserving power in more ways than one.,I am conserving power in more ways than one.
vox_plr_3_build_pck_wturret_0,We should not let this type of equipment go to waste.,We should not let this type of equipment go to waste.
vox_plr_3_build_pickup_0,Aha! This could be transformed into a component of a much~larger project!,Aha! This could be transformed into a component of a much~larger project!
vox_plr_3_build_pickup_1,"Add this, and yes, a larger picture begins to resolve~itself.","Add this, and yes, a larger picture begins to resolve~itself."
vox_plr_3_build_pickup_2,If I were to combine this with a... Yes! That is it! I am~an indisputable genius!,If I were to combine this with a... Yes! That is it! I am~an indisputable genius!
vox_plr_3_build_plc_shield_0,This should be an ideal spot for you.,This should be an ideal spot for you.
vox_plr_3_build_plc_trap_0,This shall narrow their avenues of approach.,This shall narrow their avenues of approach.
vox_plr_3_build_plc_turbine_0,Now we see if my engineering prowess is prodigious or~merely adequate.,Now we see if my engineering prowess is prodigious or~merely adequate.
vox_plr_3_build_plc_turbine_1,This seems an ideal placement.,This seems an ideal placement.
vox_plr_3_build_plc_turbine_2,Here. Definitely here.,Here. Definitely here.
vox_plr_3_build_plc_turret_0,Open Fields of Fire are perfect!,Open Fields of Fire are perfect!
vox_plr_3_build_swap_0,"Ah, with limited carrying capacity, I must make difficult~choices.","Ah, with limited carrying capacity, I must make difficult~choices."
vox_plr_3_build_swap_1,"Prioritize, Marlton, prioritize!","Prioritize, Marlton, prioritize!"
vox_plr_3_build_swap_2,This is a more important component at this juncture.,This is a more important component at this juncture.
vox_plr_3_bus_down_0,"Woe is me, slain on the most plebeian of transportation by~a wretched group of reanimated husks.","Woe is me, slain on the most plebeian of transportation by~a wretched group of reanimated husks."
vox_plr_3_bus_down_1,"Ugh, this floor is disgusting.","Ugh, this floor is disgusting."
vox_plr_3_bus_down_2,Someone help me before I get septic shock from this~conveyance!,Someone help me before I get septic shock from this~conveyance!
vox_plr_3_bus_down_3,"Russman, I will not beg, but I would allow even you to~render aid!","Russman, I will not beg, but I would allow even you to~render aid!"
vox_plr_3_bus_down_4,"If you let me die, you're only dooming your own efforts at~success!","If you let me die, you're only dooming your own efforts at~success!"
vox_plr_3_bus_ride_0,"It is not the fastest means of locomotion, but it is~certainly better than walking.","It is not the fastest means of locomotion, but it is~certainly better than walking."
vox_plr_3_bus_ride_1,"Keep calm, Marlton. Claustrophobia is a trick of the mind.~It is the little death. Face your fear.","Keep calm, Marlton. Claustrophobia is a trick of the mind.~It is the little death. Face your fear."
vox_plr_3_bus_ride_2,I don't like being in small spaces near so many people.,I don't like being in small spaces near so many people.
vox_plr_3_bus_ride_3,Why would anyone ever automate an artificial driver?,Why would anyone ever automate an artificial driver?
vox_plr_3_bus_ride_4,"The technology at work here must seem like magic to a~troglodyte like you, Russman.","The technology at work here must seem like magic to a~troglodyte like you, Russman."
vox_plr_3_bus_stop_0,I am getting off!,I am getting off!
vox_plr_3_bus_stop_1,We have ceased our transit.,We have ceased our transit.
vox_plr_3_bus_stop_2,Get me out of this metal coffin!,Get me out of this metal coffin!
vox_plr_3_bus_stop_3,Let us disembark from this deadly TranZit!,Let us disembark from this deadly TranZit!
vox_plr_3_bus_stop_4,Destination achieved.,Destination achieved.
vox_plr_3_bus_zom_atk_0,Mindless beasts! Shall we put them down?,Mindless beasts! Shall we put them down?
vox_plr_3_bus_zom_atk_1,We should eliminate these wretches before they damage the~vehicle!,We should eliminate these wretches before they damage the~vehicle!
vox_plr_3_bus_zom_atk_2,Their sheer weight will encumber our conveyance!,Their sheer weight will encumber our conveyance!
vox_plr_3_bus_zom_atk_3,Eliminate the free radicals!,Eliminate the free radicals!
vox_plr_3_bus_zom_atk_4,Remove yourself from this transportation!,Remove yourself from this transportation!
vox_plr_3_bus_zom_chase_0,"Merrily, they lope along.","Merrily, they lope along."
vox_plr_3_bus_zom_chase_1,Execute them before they overwhelm us!,Execute them before they overwhelm us!
vox_plr_3_bus_zom_chase_2,"Doubtless they will continue to follow until we stop, so~execute them while you can!","Doubtless they will continue to follow until we stop, so~execute them while you can!"
vox_plr_3_bus_zom_chase_3,The pointlessness of their entire existence haunts me.,The pointlessness of their entire existence haunts me.
vox_plr_3_bus_zom_chase_4,"Apparently, they live only to give chase. What purity of~purpose.","Apparently, they live only to give chase. What purity of~purpose."
vox_plr_3_bus_zom_climb_0,What a revolting situation this has become.,What a revolting situation this has become.
vox_plr_3_bus_zom_climb_1,Is there literally nowhere these horrid things cannot~pursue us?,Is there literally nowhere these horrid things cannot~pursue us?
vox_plr_3_bus_zom_climb_2,If only there was a way to rid the entire world of all~these undead things!,If only there was a way to rid the entire world of all~these undead things!
vox_plr_3_bus_zom_climb_3,"Kill them or not, no one is listening to anything I say.","Kill them or not, no one is listening to anything I say."
vox_plr_3_bus_zom_climb_4,Their motor skills are pretty astounding considering the~degeneration of their medullas.,Their motor skills are pretty astounding considering the~degeneration of their medullas.
vox_plr_3_bus_zom_ent_0,"Oh, the necrophages have penetrated the perimeter!","Oh, the necrophages have penetrated the perimeter!"
vox_plr_3_bus_zom_ent_1,Muddler's in the bus!,Muddler's in the bus!
vox_plr_3_bus_zom_ent_2,Quickly! Beat off the zombies! Beat them off! What? Why~are you laughing at me?,Quickly! Beat off the zombies! Beat them off! What? Why~are you laughing at me?
vox_plr_3_bus_zom_ent_3,"Clearly they are hungry! Throw them, Russman!","Clearly they are hungry! Throw them, Russman!"
vox_plr_3_bus_zom_ent_4,Riding the bus seemed like such a good idea at the time!,Riding the bus seemed like such a good idea at the time!
vox_plr_3_bus_zom_none_0,Take your relaxation periods where you may.,Take your relaxation periods where you may.
vox_plr_3_bus_zom_none_1,"Quite the conundrum. No zombies on the bus, but inside the~bus the claustrophobia will kick in. Oh, what to do,|Marlton, what to do?","Quite the conundrum. No zombies on the bus, but inside the~bus the claustrophobia will kick in. Oh, what to do,|Marlton, what to do?"
vox_plr_3_bus_zom_none_2,A welcome respite from Constant Assault!,A welcome respite from Constant Assault!
vox_plr_3_bus_zom_roof_0,The undead have reached the apogee of our transport!,The undead have reached the apogee of our transport!
vox_plr_3_bus_zom_roof_1,They have crested the vehicle's pinnacle!,They have crested the vehicle's pinnacle!
vox_plr_3_bus_zom_roof_2,They have enshrouded the Parambulator's planchment!,They have enshrouded the Parambulator's planchment!
vox_plr_3_bus_zom_roof_3,The creatures have covered the Cherubang Spauldingan!,The creatures have covered the Cherubang Spauldingan!
vox_plr_3_bus_zom_roof_4,Grow a pair of eyes already! There are zombies on the damn~roof!,Grow a pair of eyes already! There are zombies on the damn~roof!
vox_plr_3_crawler_attack_0,Ugh! Wretched crawling thing! I said no touching!,Ugh! Wretched crawling thing! I said no touching!
vox_plr_3_crawler_attack_1,"Ugh! Masticate elsewhere, filth!","Ugh! Masticate elsewhere, filth!"
vox_plr_3_crawler_attack_2,I REQUIRE THESE LEGS FOR AMBULATION!,I REQUIRE THESE LEGS FOR AMBULATION!
vox_plr_3_crawler_attack_3,How dare you gnaw on my fibula!,How dare you gnaw on my fibula!
vox_plr_3_crawler_attack_4,"Oh, what does it take to dissuade you from assaulting me?","Oh, what does it take to dissuade you from assaulting me?"
vox_plr_3_crawler_kill_0,Woo! I believe you have been nailed.,Woo! I believe you have been nailed.
vox_plr_3_crawler_kill_1,What a piece of work is Zombie?,What a piece of work is Zombie?
vox_plr_3_crawler_kill_2,"A princely paragon of punishment, a princely paragon of~punishment, a princely paragon of punishment!","A princely paragon of punishment, a princely paragon of~punishment, a princely paragon of punishment!"
vox_plr_3_crawler_kill_3,Stay away from the feet! I need my feet!,Stay away from the feet! I need my feet!
vox_plr_3_crawler_kill_4,"Get thee to a cemetery, knave!","Get thee to a cemetery, knave!"
vox_plr_3_crawler_start_0,"Well, you have certainly become... awkwardly abled.","Well, you have certainly become... awkwardly abled."
vox_plr_3_crawler_start_1,There is no perambulation in your future.,There is no perambulation in your future.
vox_plr_3_crawler_start_2,Disabling the creature slows their mode of attack!,Disabling the creature slows their mode of attack!
vox_plr_3_crawler_start_3,If there were only some way to profit by crippling them.,If there were only some way to profit by crippling them.
vox_plr_3_crawler_start_4,"Your speed has been impeded! Oh yes, indeeded. Oh, I just~rhymed.","Your speed has been impeded! Oh yes, indeeded. Oh, I just~rhymed."
vox_plr_3_earn_acheivement_0,Proper study can always yield a good test score.,Proper study can always yield a good test score.
vox_plr_3_find_secret_0,Odd. I have never heard that before.,Odd. I have never heard that before.
vox_plr_3_heal_revived_0,"Phew, I almost shuffled off this mortal coil.","Phew, I almost shuffled off this mortal coil."
vox_plr_3_heal_revived_1,Thank you for reviving me. Now please step away.,Thank you for reviving me. Now please step away.
vox_plr_3_heal_revived_2,"You have resuscitated me, and I shall return the favor. At~some point, probably.","You have resuscitated me, and I shall return the favor. At~some point, probably."
vox_plr_3_heal_revived_3,I am extremely thankful. Or at least I will mimic that~emotion to your face.,I am extremely thankful. Or at least I will mimic that~emotion to your face.
vox_plr_3_heal_revived_4,"While I am grateful to not be dead, perhaps.","While I am grateful to not be dead, perhaps."
vox_plr_3_hr_resp_avogadro_attack_0,NO! Misty! BEWARE ITS ELECTROMAGNETIC FIELD!,NO! Misty! BEWARE ITS ELECTROMAGNETIC FIELD!
vox_plr_3_hr_resp_avogadro_attack_1,"Stop, horrid creature, before you make her angry!","Stop, horrid creature, before you make her angry!"
vox_plr_3_hr_resp_avogadro_attack_2,"Misty! Uh, while you're there, get me a sample!","Misty! Uh, while you're there, get me a sample!"
vox_plr_3_hr_resp_avogadro_attack_3,PLEASE DON'T DIE!,PLEASE DON'T DIE!
vox_plr_3_hr_resp_avogadro_attack_4,"Misty, watch your rear! I mean, stay in the clear!","Misty, watch your rear! I mean, stay in the clear!"
vox_plr_3_hr_resp_crawler_start_0,"Excellent marksmanship, Misty!","Excellent marksmanship, Misty!"
vox_plr_3_hr_resp_crawler_start_1,You really should give me some pointers sometime.,You really should give me some pointers sometime.
vox_plr_3_hr_resp_crawler_start_2,Perhaps we could train together. Never mind.,Perhaps we could train together. Never mind.
vox_plr_3_hr_resp_crawler_start_3,"That's so great, I could kiss you! No, I mean, kill~something! Yes.","That's so great, I could kiss you! No, I mean, kill~something! Yes."
vox_plr_3_hr_resp_crawler_start_4,Show me how to properly accomplish that!,Show me how to properly accomplish that!
vox_plr_3_hr_resp_kill_headshot_0,Yes! What an exceptional display of skill and acumen!,Yes! What an exceptional display of skill and acumen!
vox_plr_3_hr_resp_kill_headshot_1,"If I may say, your command of ballistic weaponry is~extremely exceptional.","If I may say, your command of ballistic weaponry is~extremely exceptional."
vox_plr_3_hr_resp_kill_headshot_2,"It is startling, and humbling, how much better you are at~these things than I am.","It is startling, and humbling, how much better you are at~these things than I am."
vox_plr_3_hr_resp_kill_headshot_3,You're perfect. Your aim is perfect.,You're perfect. Your aim is perfect.
vox_plr_3_hr_resp_kill_headshot_4,That was astounding!,That was astounding!
vox_plr_3_hr_resp_screecher_attack_0,"Misty! There's an animal on your head! Oh, right. I guess~you'd know that.","Misty! There's an animal on your head! Oh, right. I guess~you'd know that."
vox_plr_3_hr_resp_screecher_attack_1,Don't let it scratch your face! Your face is so... your~face.,Don't let it scratch your face! Your face is so... your~face.
vox_plr_3_hr_resp_screecher_attack_2,"If that horrid beast leaves a scar on you, I would~probably have to deal with that internally.","If that horrid beast leaves a scar on you, I would~probably have to deal with that internally."
vox_plr_3_hr_resp_screecher_attack_3,"Utilize your combat knife to extricate yourself! Huh, that~didn't sound very tough.","Utilize your combat knife to extricate yourself! Huh, that~didn't sound very tough."
vox_plr_3_hr_resp_screecher_attack_4,"Lacerate it! You know, deeply enough to sever an important~artery!","Lacerate it! You know, deeply enough to sever an important~artery!"
vox_plr_3_hr_resp_surrounded_0,"Misty, you have been encircled!","Misty, you have been encircled!"
vox_plr_3_hr_resp_surrounded_1,"You're surrounded, Misty!","You're surrounded, Misty!"
vox_plr_3_hr_resp_surrounded_2,Fear not! I shall endeavor to come to your assistance!,Fear not! I shall endeavor to come to your assistance!
vox_plr_3_hr_resp_surrounded_3,"Take shelter, fair maiden! Oh, who do you think you are,~Marlton, a paladin?","Take shelter, fair maiden! Oh, who do you think you are,~Marlton, a paladin?"
vox_plr_3_hr_resp_surrounded_4,I am on my way to rescue you.,I am on my way to rescue you.
vox_plr_3_hr_resp_wpck_monkey_0,Misty! What an opportunity!,Misty! What an opportunity!
vox_plr_3_hr_resp_wpck_monkey_1,I am certain you will use it to your best advantage.,I am certain you will use it to your best advantage.
vox_plr_3_hr_resp_wpck_monkey_2,"Wunderbar! That is Spanish, for you are lucky.","Wunderbar! That is Spanish, for you are lucky."
vox_plr_3_hr_resp_wpck_monkey_3,The probabilities have turned in your favor!,The probabilities have turned in your favor!
vox_plr_3_hr_resp_wpck_monkey_4,Let us team our efforts and use the weapon to its fullest~potential!,Let us team our efforts and use the weapon to its fullest~potential!
vox_plr_3_kill_close_0,That was an impressive close quarter battle result!,That was an impressive close quarter battle result!
vox_plr_3_kill_close_1,"Ah, wretched swine! You may have wounded me!","Ah, wretched swine! You may have wounded me!"
vox_plr_3_kill_close_2,"Please, respect my personal space.","Please, respect my personal space."
vox_plr_3_kill_close_3,Violence is unco- Why am I trying to reason with them?,Violence is unco- Why am I trying to reason with them?
vox_plr_3_kill_close_4,"Stay away from me! I don't like the touch of human flesh,~living or dead.","Stay away from me! I don't like the touch of human flesh,~living or dead."
vox_plr_3_kill_damaged_0,That spells the end of you.,That spells the end of you.
vox_plr_3_kill_damaged_1,Turnabout is fair play.,Turnabout is fair play.
vox_plr_3_kill_damaged_2,Dead for a ducat!,Dead for a ducat!
vox_plr_3_kill_damaged_3,"Lay on, McDuff!","Lay on, McDuff!"
vox_plr_3_kill_damaged_4,Have I mentioned I despise personal interaction?,Have I mentioned I despise personal interaction?
vox_plr_3_kill_explo_0,Chemical bonds being shattered in the most glorious~fashion!,Chemical bonds being shattered in the most glorious~fashion!
vox_plr_3_kill_explo_1,Fusion made portable!,Fusion made portable!
vox_plr_3_kill_explo_2,"That is indeed the explosive compound, Trinitrotoluene!","That is indeed the explosive compound, Trinitrotoluene!"
vox_plr_3_kill_explo_3,"Jellied Fuel will teach you to keep your distance,~wretches!","Jellied Fuel will teach you to keep your distance,~wretches!"
vox_plr_3_kill_explo_4,Done to death by SCIENCE!,Done to death by SCIENCE!
vox_plr_3_kill_headshot_0,Long distance killing is a proper conservation of effort.,Long distance killing is a proper conservation of effort.
vox_plr_3_kill_headshot_1,Better you bite the dust than bite me.,Better you bite the dust than bite me.
vox_plr_3_kill_headshot_2,Return from whence you came!,Return from whence you came!
vox_plr_3_kill_headshot_3,I am the very model of a modern Major General.,I am the very model of a modern Major General.
vox_plr_3_kill_headshot_4,"One shot, several kills if one is aiming correctly.","One shot, several kills if one is aiming correctly."
vox_plr_3_kill_headshot_5,"If you do not let them get close, then, well, they cannot~get close.","If you do not let them get close, then, well, they cannot~get close."
vox_plr_3_kill_headshot_6,I would rather avoid the splashing effluviant.,I would rather avoid the splashing effluviant.
vox_plr_3_kill_headshot_7,A visceral viscous evacuation of viscera!,A visceral viscous evacuation of viscera!
vox_plr_3_kill_headshot_8,Now I lay you down to sleep. Forever!,Now I lay you down to sleep. Forever!
vox_plr_3_kill_headshot_9,That's still too close. Living or dead.,That's still too close. Living or dead.
vox_plr_3_kill_insta_0,Ha! I did it!,Ha! I did it!
vox_plr_3_kill_insta_1,One Stop Shopping!,One Stop Shopping!
vox_plr_3_kill_insta_2,"I touch you, you touch the infinite! But I don't like~touching.","I touch you, you touch the infinite! But I don't like~touching."
vox_plr_3_kill_insta_3,Released from this mortal coil!,Released from this mortal coil!
vox_plr_3_kill_insta_4,Ashes to Ashes!,Ashes to Ashes!
vox_plr_3_kill_jet_0,Veritably a most impressive slaughter!,Veritably a most impressive slaughter!
vox_plr_3_kill_jet_1,More matter with less art.,More matter with less art.
vox_plr_3_kill_jet_2,The duct engine is the one to grind the enemies of~Marlton!,The duct engine is the one to grind the enemies of~Marlton!
vox_plr_3_kill_jet_3,Sweets to the sweet!,Sweets to the sweet!
vox_plr_3_kill_jet_4,So much technology all in one package. Like me.,So much technology all in one package. Like me.
vox_plr_3_kill_limb_0,You are lucky to still be ambulatory.,You are lucky to still be ambulatory.
vox_plr_3_kill_limb_1,"That was the last time you will ever hit this! Awkward,~lonely fellow.","That was the last time you will ever hit this! Awkward,~lonely fellow."
vox_plr_3_kill_limb_2,"Oh, not so tough without arms, are ya? High five! Oh,~wait.","Oh, not so tough without arms, are ya? High five! Oh,~wait."
vox_plr_3_kill_limb_3,"Fortune favors the bold, friend, not the armless.","Fortune favors the bold, friend, not the armless."
vox_plr_3_kill_limb_4,I shall prune you like an overgrown eastern redbud!,I shall prune you like an overgrown eastern redbud!
vox_plr_3_kill_monkey_0,A monkey! A monkey! My kingdom for a monkey!,A monkey! A monkey! My kingdom for a monkey!
vox_plr_3_kill_monkey_1,Slip loose the binds of your atoms!,Slip loose the binds of your atoms!
vox_plr_3_kill_monkey_2,"Oh, cursed spite, blown to pieces in the night.","Oh, cursed spite, blown to pieces in the night."
vox_plr_3_kill_monkey_3,It's just very comical to see these things destroyed so~thoroughly!,It's just very comical to see these things destroyed so~thoroughly!
vox_plr_3_kill_monkey_4,Tis their own greed which has done them in.,Tis their own greed which has done them in.
vox_plr_3_kill_ray_0,Advanced technology yields advanced results.,Advanced technology yields advanced results.
vox_plr_3_kill_ray_1,What is this feeling? Is this... fun?,What is this feeling? Is this... fun?
vox_plr_3_kill_ray_2,A glorious device!,A glorious device!
vox_plr_3_kill_ray_3,Gone in one fell swoop.,Gone in one fell swoop.
vox_plr_3_kill_ray_4,LET'S SLIP THE DOGS OF WAR!,LET'S SLIP THE DOGS OF WAR!
vox_plr_3_kill_streak_0,Yes! Who is the man? Tis moi. I believe I have proven~myself to be the man.,Yes! Who is the man? Tis moi. I believe I have proven~myself to be the man.
vox_plr_3_kill_streak_1,Indubitably a superior scoring.,Indubitably a superior scoring.
vox_plr_3_kill_streak_2,Luck is merely opportunity plus preparation.,Luck is merely opportunity plus preparation.
vox_plr_3_kill_streak_3,Veritably. My skills are unsurpassed!,Veritably. My skills are unsurpassed!
vox_plr_3_kill_streak_4,I move like liquid Quicksilver.,I move like liquid Quicksilver.
vox_plr_3_kill_streak_5,"Unstoppable! You see, based on Newton's first law of~motion... Ah, I can see I've lost you already.","Unstoppable! You see, based on Newton's first law of~motion... Ah, I can see I've lost you already."
vox_plr_3_kill_streak_6,"By the power of thought, I dispatch you!","By the power of thought, I dispatch you!"
vox_plr_3_kill_streak_7,Superior tactics yield superior results!,Superior tactics yield superior results!
vox_plr_3_kill_streak_8,"I don't mean to brag, and I don't like to boast, but I'm~alive and you're all toast.","I don't mean to brag, and I don't like to boast, but I'm~alive and you're all toast."
vox_plr_3_kill_streak_9,I put down chunks of you like assembly code! Ha!,I put down chunks of you like assembly code! Ha!
vox_plr_3_map_in_1forest1_0,"Ah, coniferous trees, native to the area, a multitude of~them to be exact.","Ah, coniferous trees, native to the area, a multitude of~them to be exact."
vox_plr_3_map_in_1forest2_0,More trees. I grow weary of them.,More trees. I grow weary of them.
vox_plr_3_map_in_1forest3_0,Feel the bark from moss. That is the north side of the~trees. Try not to get lost.,Feel the bark from moss. That is the north side of the~trees. Try not to get lost.
vox_plr_3_map_in_1forest4_0,"Ah, you know what they say, once you have been to a~forest, that is the extent of the experience.","Ah, you know what they say, once you have been to a~forest, that is the extent of the experience."
vox_plr_3_map_in_2forest1_0,"Hmm, deciduous trees this time.","Hmm, deciduous trees this time."
vox_plr_3_map_in_2forest2_0,"Hmm, perhaps I should start a pine cone collection.","Hmm, perhaps I should start a pine cone collection."
vox_plr_3_map_in_2forest3_0,"Russman, you take lead. Good boy. You can leave your guns~on the bus if you prefer.","Russman, you take lead. Good boy. You can leave your guns~on the bus if you prefer."
vox_plr_3_map_in_2forest4_0,More stumbling around without proper illumination~searching for some unknown goal. Exquisite.,More stumbling around without proper illumination~searching for some unknown goal. Exquisite.
vox_plr_3_map_in_bridge1_0,My word. That was close to being a calamitous collapse.,My word. That was close to being a calamitous collapse.
vox_plr_3_map_in_bridge2_0,We push our luck on this collapsing span again?~Terrifying!,We push our luck on this collapsing span again?~Terrifying!
vox_plr_3_map_in_bridge3_0,Exemplary example of a duplicative drive destined to end~in disaster.,Exemplary example of a duplicative drive destined to end~in disaster.
vox_plr_3_map_in_bridge4_0,Is this the trip across this rotten bridge which ends in a~plummet to our deaths?,Is this the trip across this rotten bridge which ends in a~plummet to our deaths?
vox_plr_3_map_in_bus1_0,"Some sort of public transportation tur- Oh, wait, we've~been here.","Some sort of public transportation tur- Oh, wait, we've~been here."
vox_plr_3_map_in_bus2_0,"Well, if you've seen one public service vehicle depot,~you've seen them all.","Well, if you've seen one public service vehicle depot,~you've seen them all."
vox_plr_3_map_in_bus3_0,Are we stopping here due to lack of inertia or because we~have a goal?,Are we stopping here due to lack of inertia or because we~have a goal?
vox_plr_3_map_in_bus4_0,"The bus station. Well now, this is completely shocking.","The bus station. Well now, this is completely shocking."
vox_plr_3_map_in_corn1_0,All I see is a grain crop going to waste with no one to~harvest it.,All I see is a grain crop going to waste with no one to~harvest it.
vox_plr_3_map_in_corn2_0,More wasted grain.,More wasted grain.
vox_plr_3_map_in_corn3_0,"Well, this looks like a location where lots of interesting~things are going to happen. Certainly not repetitive.","Well, this looks like a location where lots of interesting~things are going to happen. Certainly not repetitive."
vox_plr_3_map_in_corn4_0,"Ah, corn. Were I to eat it, perhaps I would be emotional.","Ah, corn. Were I to eat it, perhaps I would be emotional."
vox_plr_3_map_in_diner1_0,A fuel depot? I wonder if any fuel remains.,A fuel depot? I wonder if any fuel remains.
vox_plr_3_map_in_diner2_0,Was there something of value we returned to this location~for?,Was there something of value we returned to this location~for?
vox_plr_3_map_in_diner3_0,"Ugh, we are back. I am unsure why, but we are most~definitely back.","Ugh, we are back. I am unsure why, but we are most~definitely back."
vox_plr_3_map_in_diner4_0,"My blood pressure is spiking from all the excitement! No,~not really.","My blood pressure is spiking from all the excitement! No,~not really."
vox_plr_3_map_in_farm1_0,"Eh, rural living holds little romanticism for me.","Eh, rural living holds little romanticism for me."
vox_plr_3_map_in_farm2_0,What an amazing example of a mid-century crap hole!,What an amazing example of a mid-century crap hole!
vox_plr_3_map_in_farm3_0,Has anything ever happened on a farm? No. Then why are we~here?,Has anything ever happened on a farm? No. Then why are we~here?
vox_plr_3_map_in_farm4_0,"Back at the seat of higher learning and education. Oh,~wait, no. I mean a Hicks hillbilly cabin.","Back at the seat of higher learning and education. Oh,~wait, no. I mean a Hicks hillbilly cabin."
vox_plr_3_map_in_fog_0,Visibility here is near zero. What is the point?,Visibility here is near zero. What is the point?
vox_plr_3_map_in_fog_1,I cannot believe this is the best route to where we are~going.,I cannot believe this is the best route to where we are~going.
vox_plr_3_map_in_fog_2,The air is thick with the sounds of carnivorous beasts!,The air is thick with the sounds of carnivorous beasts!
vox_plr_3_map_in_fog_3,"Oh yes, great idea! Let us walk further into the blinding~mists which obscure all navigation!","Oh yes, great idea! Let us walk further into the blinding~mists which obscure all navigation!"
vox_plr_3_map_in_fog_4,"If I had wanted to die, I would have jumped off a bridge!","If I had wanted to die, I would have jumped off a bridge!"
vox_plr_3_map_in_power1_0,Perhaps there is something I can accomplish here with my~unique skill set.,Perhaps there is something I can accomplish here with my~unique skill set.
vox_plr_3_map_in_power2_0,Surely my skills could come in useful at an electrical~plant.,Surely my skills could come in useful at an electrical~plant.
vox_plr_3_map_in_power3_0,"Once again, our salvation lies completely with me.","Once again, our salvation lies completely with me."
vox_plr_3_map_in_power4_0,At least I know there is something to be accomplished~here.,At least I know there is something to be accomplished~here.
vox_plr_3_map_in_town1_0,Did anyone see a name for this town?,Did anyone see a name for this town?
vox_plr_3_map_in_town2_0,My word! Absolutely nothing has changed one iota! It is a~miracle!,My word! Absolutely nothing has changed one iota! It is a~miracle!
vox_plr_3_map_in_town3_0,Surely there must be something interesting to be had here.~But damned if I can find it.,Surely there must be something interesting to be had here.~But damned if I can find it.
vox_plr_3_map_in_town4_0,This never-ending cycle is beginning to be reminiscent of~Sartre.,This never-ending cycle is beginning to be reminiscent of~Sartre.
vox_plr_3_map_in_tunnel1_0,Darkened passageways seem like a bad place to get off the~lit vehicle.,Darkened passageways seem like a bad place to get off the~lit vehicle.
vox_plr_3_map_in_tunnel2_0,"Russman, go in there and see if anything is waiting to~attack us!","Russman, go in there and see if anything is waiting to~attack us!"
vox_plr_3_map_in_tunnel3_0,"Ah, the Aristotelian ideal of a dark hole in a mountain.","Ah, the Aristotelian ideal of a dark hole in a mountain."
vox_plr_3_map_in_tunnel4_0,A tunnel? Can it be? I had no idea such a thing existed!,A tunnel? Can it be? I had no idea such a thing existed!
vox_plr_3_map_out_1forest_0,Forest.,Forest.
vox_plr_3_map_out_2forest_0,I'm beginning to despise nature.,I'm beginning to despise nature.
vox_plr_3_map_out_bridge_0,"It is nice to not feel a target has been painted upon your~back, hearkening to my youth.","It is nice to not feel a target has been painted upon your~back, hearkening to my youth."
vox_plr_3_map_out_bus_0,"I, for one, will not miss it.","I, for one, will not miss it."
vox_plr_3_map_out_corn_0,Anywhere but in that cornfield. It just goes on and on and~on endlessly.,Anywhere but in that cornfield. It just goes on and on and~on endlessly.
vox_plr_3_map_out_diner_0,"Ugh, my stomach hurts just thinking of the dreck that~diner once served.","Ugh, my stomach hurts just thinking of the dreck that~diner once served."
vox_plr_3_map_out_farm_0,Good riddance to rural rubbish.,Good riddance to rural rubbish.
vox_plr_3_map_out_fog_0,"Phew! Finally, the fog is broken!","Phew! Finally, the fog is broken!"
vox_plr_3_map_out_fog_1,"And not a moment too soon, I could feel their breath on~the nape of my neck.","And not a moment too soon, I could feel their breath on~the nape of my neck."
vox_plr_3_map_out_fog_2,"Misty, please do not let me ever talk myself into walking~through that again.","Misty, please do not let me ever talk myself into walking~through that again."
vox_plr_3_map_out_fog_3,"Still with us, Russman? I'd hoped you'd been eaten in the~fog.","Still with us, Russman? I'd hoped you'd been eaten in the~fog."
vox_plr_3_map_out_fog_4,Not a trip that I wish to recreate anytime soon.,Not a trip that I wish to recreate anytime soon.
vox_plr_3_map_out_power_0,The only place I feel like fictitious is receding behind~me.,The only place I feel like fictitious is receding behind~me.
vox_plr_3_map_out_town_0,Moving on once more.,Moving on once more.
vox_plr_3_map_out_tunnel_0,It is nice to be back in what passes for light.,It is nice to be back in what passes for light.
vox_plr_3_nomoney_box_0,Currency is a fluid medium with no intrinsic value. That's~short for I'm broke.,Currency is a fluid medium with no intrinsic value. That's~short for I'm broke.
vox_plr_3_nomoney_generic_0,My incoming funds are not enough to support my deficit~spending.,My incoming funds are not enough to support my deficit~spending.
vox_plr_3_nomoney_generic_1,Currency is a fluid medium with no intrinsic value. That's~short for I'm broke.,Currency is a fluid medium with no intrinsic value. That's~short for I'm broke.
vox_plr_3_nomoney_generic_2,I have no medium of exchange for goods or services.,I have no medium of exchange for goods or services.
vox_plr_3_nomoney_perk_0,My incoming funds are not enough to support my deficit~spending.,My incoming funds are not enough to support my deficit~spending.
vox_plr_3_nomoney_weapon_0,I have no medium of exchange for goods or services.,I have no medium of exchange for goods or services.
vox_plr_3_oh_shit_0,Please respect my personal space!,Please respect my personal space!
vox_plr_3_oh_shit_1,I do not have enough soap to clean off this much~germ-filled gore.,I do not have enough soap to clean off this much~germ-filled gore.
vox_plr_3_oh_shit_10,Just as long as Russman does not see me expire.,Just as long as Russman does not see me expire.
vox_plr_3_oh_shit_11,I refuse to admit defeat in the face of overwhelming~force!,I refuse to admit defeat in the face of overwhelming~force!
vox_plr_3_oh_shit_12,Unrealistic expectations of victory abound!,Unrealistic expectations of victory abound!
vox_plr_3_oh_shit_13,"I will probably make it through this, and if not, I will~die.","I will probably make it through this, and if not, I will~die."
vox_plr_3_oh_shit_14,"Shamble toward me then, creatures, and end this veil of~tears.","Shamble toward me then, creatures, and end this veil of~tears."
vox_plr_3_oh_shit_2,Exposure Therapy!,Exposure Therapy!
vox_plr_3_oh_shit_3,Misty would be so disappointed in me if I were to die now.,Misty would be so disappointed in me if I were to die now.
vox_plr_3_oh_shit_4,"Disgusting necrophages! I will dispatch you for daring to~touch me! Oh, they touched me.","Disgusting necrophages! I will dispatch you for daring to~touch me! Oh, they touched me."
vox_plr_3_oh_shit_5,I shall not perish at the hands of such filth!,I shall not perish at the hands of such filth!
vox_plr_3_oh_shit_6,"Undead wretches, I shall flagellate you back into your~graves!","Undead wretches, I shall flagellate you back into your~graves!"
vox_plr_3_oh_shit_7,I may have overestimated my combat abilities.,I may have overestimated my combat abilities.
vox_plr_3_oh_shit_8,"In truth, I am definitely in over my head.","In truth, I am definitely in over my head."
vox_plr_3_oh_shit_9,This does not have much chance of ending well!,This does not have much chance of ending well!
vox_plr_3_pap_arm_0,"Oh, well, that is an improvement I might not have~considered.","Oh, well, that is an improvement I might not have~considered."
vox_plr_3_pap_arm_1,"Indubitably, this is a much improved weapon.","Indubitably, this is a much improved weapon."
vox_plr_3_pap_arm_2,Yes! This is a reward worth waiting for!,Yes! This is a reward worth waiting for!
vox_plr_3_pap_arm_3,And here I worried that a machine could not make exotic~refinements.,And here I worried that a machine could not make exotic~refinements.
vox_plr_3_pap_arm_4,Science. It makes the world better.,Science. It makes the world better.
vox_plr_3_pap_arm2_0,Extraordinary! This is far superior to the original!,Extraordinary! This is far superior to the original!
vox_plr_3_pap_arm2_1,The engineering complications overcome must have been~incredible. Fascinating.,The engineering complications overcome must have been~incredible. Fascinating.
vox_plr_3_pap_arm2_2,Pre-collapse society must have been a glorious place to~live!,Pre-collapse society must have been a glorious place to~live!
vox_plr_3_pap_arm2_3,I'm afraid this technology is so far beyond my wildest~dreams of comprehension that it saddens me.,I'm afraid this technology is so far beyond my wildest~dreams of comprehension that it saddens me.
vox_plr_3_pap_arm2_4,Contemplating what we have lost as a species would make me~cry if I allowed emotion to affect my behavior.,Contemplating what we have lost as a species would make me~cry if I allowed emotion to affect my behavior.
vox_plr_3_pap_hint_0,"Ah, this must be the sensation they call deja vu.","Ah, this must be the sensation they call deja vu."
vox_plr_3_pap_hint_1,"Oh, I have an odd sensory impingement. A union~synchronicity, if you will.","Oh, I have an odd sensory impingement. A union~synchronicity, if you will."
vox_plr_3_pap_hint_2,I have a funny feeling about this place. No doubt some~animal instinct left over from evolution.,I have a funny feeling about this place. No doubt some~animal instinct left over from evolution.
vox_plr_3_pap_wait_0,They asked me to leave? I was the one reporting the~disgusting behavior. Makes no sense.,They asked me to leave? I was the one reporting the~disgusting behavior. Makes no sense.
vox_plr_3_pap_wait_1,"At times like this, I like to stop and smell the genitals~of plants. Flowers, pervert.","At times like this, I like to stop and smell the genitals~of plants. Flowers, pervert."
vox_plr_3_pap_wait_2,"I used to be a man of learning, now all I ever do is shoot~things! Thanks a ton, Russman!","I used to be a man of learning, now all I ever do is shoot~things! Thanks a ton, Russman!"
vox_plr_3_pap_wait_3,"When you want something to get better, you had better work~to make it better.","When you want something to get better, you had better work~to make it better."
vox_plr_3_pap_wait_4,"Well, it is nice not to have to do all the engineering~work for once.","Well, it is nice not to have to do all the engineering~work for once."
vox_plr_3_pap_wait2_0,What an interminable weight.,What an interminable weight.
vox_plr_3_pap_wait2_1,This has taken so much time that Russman's sins have~finally caught up with him.,This has taken so much time that Russman's sins have~finally caught up with him.
vox_plr_3_pap_wait2_2,Just because one is different is not a valid excuse to~simply banish him.,Just because one is different is not a valid excuse to~simply banish him.
vox_plr_3_pap_wait2_3,"While I very much enjoy the results of the machine, I do~wish it took fewer cycles to complete.","While I very much enjoy the results of the machine, I do~wish it took fewer cycles to complete."
vox_plr_3_pap_wait2_4,"Once again, we hurry up and wait. Disappointing.","Once again, we hurry up and wait. Disappointing."
vox_plr_3_perk_doubletap_0,Something odd is going on with my perception of time.,Something odd is going on with my perception of time.
vox_plr_3_perk_jugga_0,I feel like a virile ox.,I feel like a virile ox.
vox_plr_3_perk_revive_0,My diagnostic skills seem greatly enhanced.,My diagnostic skills seem greatly enhanced.
vox_plr_3_perk_speed_0,My coordination is greatly enhanced!,My coordination is greatly enhanced!
vox_plr_3_perk_stamine_0,I can sense the longevity!,I can sense the longevity!
vox_plr_3_perk_tombstone_0,"I cannot be sure what just happened, but I feel as though~I need to vomit.","I cannot be sure what just happened, but I feel as though~I need to vomit."
vox_plr_3_power_core_0,What an intriguing show of ball lightning!,What an intriguing show of ball lightning!
vox_plr_3_power_core_1,Great Tesla Coils!,Great Tesla Coils!
vox_plr_3_power_core_2,Behold the glory of science! Beautiful.,Behold the glory of science! Beautiful.
vox_plr_3_power_off_0,This seems like an obvious challenge.,This seems like an obvious challenge.
vox_plr_3_power_off_1,There must be a rational explanation for the power being~out.,There must be a rational explanation for the power being~out.
vox_plr_3_power_off_2,I should investigate the inner workings of the lighting~systems.,I should investigate the inner workings of the lighting~systems.
vox_plr_3_power_off_3,"Finally, all of my electrical engineering studies will~yield results.","Finally, all of my electrical engineering studies will~yield results."
vox_plr_3_power_off_4,"Repairing this location should take no time at all for~Marlton, dun dun dun, Engineer of Destiny.","Repairing this location should take no time at all for~Marlton, dun dun dun, Engineer of Destiny."
vox_plr_3_power_on_0,"And Marlton said, let there be light! With light, of~course, comes heat and stray neutrinos.","And Marlton said, let there be light! With light, of~course, comes heat and stray neutrinos."
vox_plr_3_power_on_1,Thou mayest bow down and worship the skills on display.,Thou mayest bow down and worship the skills on display.
vox_plr_3_power_on_2,Education soars to the rescue once more!,Education soars to the rescue once more!
vox_plr_3_powerup_ammo_0,Haha! I have accumulated maximum ammunition!,Haha! I have accumulated maximum ammunition!
vox_plr_3_powerup_ammo_1,I am burdened with the means of destruction!,I am burdened with the means of destruction!
vox_plr_3_powerup_ammo_2,"I have no more carrying capacity for ammunition. Ooh, that~is a good thing!","I have no more carrying capacity for ammunition. Ooh, that~is a good thing!"
vox_plr_3_powerup_carp_0,A fantastic implementation of carpentry skills!,A fantastic implementation of carpentry skills!
vox_plr_3_powerup_carp_1,I welcome the respite.,I welcome the respite.
vox_plr_3_powerup_carp_2,A much-valued pause in the action.,A much-valued pause in the action.
vox_plr_3_powerup_double_0,"Indubitably, I now have the opportunity to accumulate~great gobs of points!","Indubitably, I now have the opportunity to accumulate~great gobs of points!"
vox_plr_3_powerup_double_1,Ha ha ha ha! I cannot believe my luck!,Ha ha ha ha! I cannot believe my luck!
vox_plr_3_powerup_double_2,Death to you! Double points to me! An equitable~accommodation!,Death to you! Double points to me! An equitable~accommodation!
vox_plr_3_powerup_firesale_0,"For once, the statistics are in my favor.","For once, the statistics are in my favor."
vox_plr_3_powerup_firesale_1,Bulk Purchasing Engaged.,Bulk Purchasing Engaged.
vox_plr_3_powerup_firesale_2,Fire Sale! Most unexpected and most welcomed.,Fire Sale! Most unexpected and most welcomed.
vox_plr_3_powerup_firesale_3,Prepare for a one-man shopping spree!,Prepare for a one-man shopping spree!
vox_plr_3_powerup_insta_0,Ha! I have been granted the power of death!,Ha! I have been granted the power of death!
vox_plr_3_powerup_insta_1,I shall engage in a killing spree.,I shall engage in a killing spree.
vox_plr_3_powerup_insta_2,"Line them up, and I shall take them out!","Line them up, and I shall take them out!"
vox_plr_3_powerup_nuke_0,Atomic Fission!,Atomic Fission!
vox_plr_3_powerup_nuke_1,Lick the atomic light!,Lick the atomic light!
vox_plr_3_powerup_nuke_2,"Fission, Fusion, you're dead either way.","Fission, Fusion, you're dead either way."
vox_plr_3_rebuild_boards_0,Common labor. Where is Russman when you need him?,Common labor. Where is Russman when you need him?
vox_plr_3_riv_resp_avogadro_attack_0,"Tis a pity, but sometimes the weak must die so the~superior can thrive.","Tis a pity, but sometimes the weak must die so the~superior can thrive."
vox_plr_3_riv_resp_avogadro_attack_1,You are a bad man in this lifetime! No one will miss you~in death!,You are a bad man in this lifetime! No one will miss you~in death!
vox_plr_3_riv_resp_avogadro_attack_2,I almost feel pity for you. I almost feel a lot of things.,I almost feel pity for you. I almost feel a lot of things.
vox_plr_3_riv_resp_avogadro_attack_3,"With you dead and gone, perhaps I could return to the...","With you dead and gone, perhaps I could return to the..."
vox_plr_3_riv_resp_avogadro_attack_4,"Die! Die! Die! And take your shame with you to the grave,~Russman!","Die! Die! Die! And take your shame with you to the grave,~Russman!"
vox_plr_3_riv_resp_crawler_start_0,"The goal is to finish them off, not to waste ammunition~making them shorter!","The goal is to finish them off, not to waste ammunition~making them shorter!"
vox_plr_3_riv_resp_crawler_start_1,"It is still not dead, old man!","It is still not dead, old man!"
vox_plr_3_riv_resp_crawler_start_2,Seriously? You are the worst shot I have ever witnessed!,Seriously? You are the worst shot I have ever witnessed!
vox_plr_3_riv_resp_crawler_start_3,Stop toying with it! Do you want to run out of bullets?,Stop toying with it! Do you want to run out of bullets?
vox_plr_3_riv_resp_crawler_start_4,I hope it bites your ankle once you turn your back!,I hope it bites your ankle once you turn your back!
vox_plr_3_riv_resp_kill_headshot_0,"Oh look, Russman displays violent behavior! How~extraordinary.","Oh look, Russman displays violent behavior! How~extraordinary."
vox_plr_3_riv_resp_kill_headshot_1,"Yes, well, violence has always been your milieu, Russman.","Yes, well, violence has always been your milieu, Russman."
vox_plr_3_riv_resp_kill_headshot_2,A thug being thuggish? Surprise!,A thug being thuggish? Surprise!
vox_plr_3_riv_resp_kill_headshot_3,"The skill is intriguing. The personality behind it is~really, really, really, really, really, really not.","The skill is intriguing. The personality behind it is~really, really, really, really, really, really not."
vox_plr_3_riv_resp_kill_headshot_4,"Congratulations! What, am I supposed to clap and dance~like a court jester?","Congratulations! What, am I supposed to clap and dance~like a court jester?"
vox_plr_3_riv_resp_screecher_attack_0,Perhaps it'll choke him out!,Perhaps it'll choke him out!
vox_plr_3_riv_resp_screecher_attack_1,Interesting. I've never witnessed an attack this closely~before.,Interesting. I've never witnessed an attack this closely~before.
vox_plr_3_riv_resp_screecher_attack_2,"Oh no, I do not want to interfere. It would not be~scientific. But good luck!","Oh no, I do not want to interfere. It would not be~scientific. But good luck!"
vox_plr_3_riv_resp_screecher_attack_3,Let evolution determine who is the superior being here.~Me.,Let evolution determine who is the superior being here.~Me.
vox_plr_3_riv_resp_screecher_attack_4,"Natural selection often means the weakest must die,~Russman.","Natural selection often means the weakest must die,~Russman."
vox_plr_3_riv_resp_surrounded_0,"Goodbye, Russman! Our relationship has not been worthy of~reminiscence!","Goodbye, Russman! Our relationship has not been worthy of~reminiscence!"
vox_plr_3_riv_resp_surrounded_1,"Corrode quickly, Russman! I have a paucity of time.","Corrode quickly, Russman! I have a paucity of time."
vox_plr_3_riv_resp_surrounded_2,"Everyone's misdeeds catch up to them eventually,~miscreant. It seems today it is your turn.","Everyone's misdeeds catch up to them eventually,~miscreant. It seems today it is your turn."
vox_plr_3_riv_resp_surrounded_3,My greatest regret is that you can only be eaten once!,My greatest regret is that you can only be eaten once!
vox_plr_3_riv_resp_surrounded_4,"Perhaps I will almost let you die, then resuscitate you,~then watch as the necrophages finish you off!","Perhaps I will almost let you die, then resuscitate you,~then watch as the necrophages finish you off!"
vox_plr_3_riv_resp_wpck_monkey_0,"Well, when one is lacking in subtlety, one needs~explosives.","Well, when one is lacking in subtlety, one needs~explosives."
vox_plr_3_riv_resp_wpck_monkey_1,Russman and his little explosions. Pathetic.,Russman and his little explosions. Pathetic.
vox_plr_3_riv_resp_wpck_monkey_2,Too much firepower delivered to too small of a brain.,Too much firepower delivered to too small of a brain.
vox_plr_3_riv_resp_wpck_monkey_3,I am sure Russman will fail to grasp how to properly~deploy it.,I am sure Russman will fail to grasp how to properly~deploy it.
vox_plr_3_riv_resp_wpck_monkey_4,Ah! Most impressive! The Chaos Box seems to pity the~elderly.,Ah! Most impressive! The Chaos Box seems to pity the~elderly.
vox_plr_3_screecher_attack_0,Must protect precious corneas!,Must protect precious corneas!
vox_plr_3_screecher_attack_1,"Ah, remain calm! A scratch this deep can easily lead to~sepsis!","Ah, remain calm! A scratch this deep can easily lead to~sepsis!"
vox_plr_3_screecher_attack_2,SOMEONE HELP ME EXTRICATE MY CRANIUM!,SOMEONE HELP ME EXTRICATE MY CRANIUM!
vox_plr_3_screecher_attack_3,My face! My beautiful face! No! Wait! Why are you all~laughing?,My face! My beautiful face! No! Wait! Why are you all~laughing?
vox_plr_3_screecher_attack_4,It's touching me! It's touching me! It's touching me!,It's touching me! It's touching me! It's touching me!
vox_plr_3_screecher_cut_0,Slit you up a treat!,Slit you up a treat!
vox_plr_3_screecher_cut_1,"Here, endure some non-elective surgery!","Here, endure some non-elective surgery!"
vox_plr_3_screecher_cut_2,Better to cut than to be cut!,Better to cut than to be cut!
vox_plr_3_screecher_cut_3,It's difficult to slash something clinging to your own~head!,It's difficult to slash something clinging to your own~head!
vox_plr_3_screecher_cut_4,YOU PUSHED ME TO THIS?!,YOU PUSHED ME TO THIS?!
vox_plr_3_screecher_flee_0,Odd. I seem to have frightened it off somehow.,Odd. I seem to have frightened it off somehow.
vox_plr_3_screecher_flee_1,"Yes, cowards! You should flee from the might of Marlton!","Yes, cowards! You should flee from the might of Marlton!"
vox_plr_3_screecher_flee_2,"Fly away home, wretched thing! Fly, fly, fly!","Fly away home, wretched thing! Fly, fly, fly!"
vox_plr_3_screecher_flee_3,"The next we meet, I shall be prepared!","The next we meet, I shall be prepared!"
vox_plr_3_screecher_flee_4,One of them has escaped to breed!,One of them has escaped to breed!
vox_plr_3_screecher_kill_0,"I would have left you in peace, but you angered me!","I would have left you in peace, but you angered me!"
vox_plr_3_screecher_kill_1,Your life is ended.,Your life is ended.
vox_plr_3_screecher_kill_2,Oh! Someone gather the corpse for an anatomical study!,Oh! Someone gather the corpse for an anatomical study!
vox_plr_3_screecher_kill_3,Another cadaver for my collection. What? That is not~weird!,Another cadaver for my collection. What? That is not~weird!
vox_plr_3_screecher_kill_4,"Oh, I believe I disassociated from my own violent actions~for a moment.","Oh, I believe I disassociated from my own violent actions~for a moment."
vox_plr_3_screecher_off_0,"Oh, sweet relief.","Oh, sweet relief."
vox_plr_3_screecher_off_1,I was approaching suffocation!,I was approaching suffocation!
vox_plr_3_screecher_off_2,Oxygen and nitrogen have never smelled so sweet!,Oxygen and nitrogen have never smelled so sweet!
vox_plr_3_screecher_off_3,"Another second of that, and I might have started~screaming.","Another second of that, and I might have started~screaming."
vox_plr_3_screecher_off_4,Ha! I was just about out of patience.,Ha! I was just about out of patience.
vox_plr_3_screecher_teleport_0,Huh? Something has decidedly changed!,Huh? Something has decidedly changed!
vox_plr_3_screecher_teleport_1,"Well, I'll be discombobulated!","Well, I'll be discombobulated!"
vox_plr_3_screecher_teleport_2,The sheer tenacity of the creatures is to be admired.,The sheer tenacity of the creatures is to be admired.
vox_plr_3_screecher_teleport_3,Anyone? Anyone? Where did it go?,Anyone? Anyone? Where did it go?
vox_plr_3_screecher_teleport_4,Russman! THAT CREATURE WAS ONLY HALF AS IRRITATING AS YOU!,Russman! THAT CREATURE WAS ONLY HALF AS IRRITATING AS YOU!
vox_plr_3_wpck_57_0,"Uh, not my favorite weapon, but it will suffice.","Uh, not my favorite weapon, but it will suffice."
vox_plr_3_wpck_57_1,I see the pickings have grown quite slim indeed.,I see the pickings have grown quite slim indeed.
vox_plr_3_wpck_57_2,"A lightweight polymer-based semi-automatic pistol with a~20-round magazine capacity, ambidextrous controls, low|recoil, and the ability to penetrate soft body armor or~zombie skulls. It'll do.","A lightweight polymer-based semi-automatic pistol with a~20-round magazine capacity, ambidextrous controls, low|recoil, and the ability to penetrate soft body armor or~zombie skulls. It'll do."
vox_plr_3_wpck_chicom_0,This should clear my path. Somewhat.,This should clear my path. Somewhat.
vox_plr_3_wpck_chicom_1,"You cannot always get what you desire, but sometimes you~get what you need.","You cannot always get what you desire, but sometimes you~get what you need."
vox_plr_3_wpck_chicom_2,"900 rounds a minute, 40 round magazine, bullpup. Most~auspicious.","900 rounds a minute, 40 round magazine, bullpup. Most~auspicious."
vox_plr_3_wpck_dsr50_0,The DSR-50. 50 caliber bolt action sniper rifle with a~detachable four round ammunition clip. No one will get|close to me with you in my arms.,The DSR-50. 50 caliber bolt action sniper rifle with a~detachable four round ammunition clip. No one will get|close to me with you in my arms.
vox_plr_3_wpck_dsr50_1,I dispense life and death with the twitch of my finger.,I dispense life and death with the twitch of my finger.
vox_plr_3_wpck_dsr50_2,"Lo, I am become death, destroyer of worlds.","Lo, I am become death, destroyer of worlds."
vox_plr_3_wpck_duel57_0,"Ah, well, luckily I am ambidextrous.","Ah, well, luckily I am ambidextrous."
vox_plr_3_wpck_duel57_1,A gun for each hand and a bullet for every zombie.,A gun for each hand and a bullet for every zombie.
vox_plr_3_wpck_duel57_2,A highly effective combination of speed and accuracy.,A highly effective combination of speed and accuracy.
vox_plr_3_wpck_emp_0,Electromagnetic Pulse Weaponry? Impressive!,Electromagnetic Pulse Weaponry? Impressive!
vox_plr_3_wpck_emp_1,I feel myself being bathed in science's holy light.,I feel myself being bathed in science's holy light.
vox_plr_3_wpck_emp_2,Spectrum! Mighty Spectrum!,Spectrum! Mighty Spectrum!
vox_plr_3_wpck_fal_0,"Oh yes, The Fall. First designed in 1947, this decrepit~old thing is simply missing the I in its name, which would|make it more accurately spell FAIL.","Oh yes, The Fall. First designed in 1947, this decrepit~old thing is simply missing the I in its name, which would|make it more accurately spell FAIL."
vox_plr_3_wpck_fal_1,"Cursed probability tables, I have the base fortune of an~Untouchable!","Cursed probability tables, I have the base fortune of an~Untouchable!"
vox_plr_3_wpck_fal_2,"Uh, yeah. This equipment is subpar, to be polite.","Uh, yeah. This equipment is subpar, to be polite."
vox_plr_3_wpck_favorite_0,Yes! Your arrival has come at a most fortuitous moment!,Yes! Your arrival has come at a most fortuitous moment!
vox_plr_3_wpck_favorite_1,You're the only thing I could ever cradle in my arms~without vomiting.,You're the only thing I could ever cradle in my arms~without vomiting.
vox_plr_3_wpck_favorite_2,Let us go forth together and you can keep all of them away~from me.,Let us go forth together and you can keep all of them away~from me.
vox_plr_3_wpck_galil_0,Now I will be able to carry my share of our burden. You're~welcome.,Now I will be able to carry my share of our burden. You're~welcome.
vox_plr_3_wpck_galil_1,A veritable chopping machine.,A veritable chopping machine.
vox_plr_3_wpck_galil_2,"Yes, this will enable me to process a great many~consergers.","Yes, this will enable me to process a great many~consergers."
vox_plr_3_wpck_hamr_0,"Oh yes, the hammer. It automatically modulates itself from~a closed bolt accuracy specialist to an open bolt firing|system to bleed off excess heat. Splendiferous.","Oh yes, the hammer. It automatically modulates itself from~a closed bolt accuracy specialist to an open bolt firing|system to bleed off excess heat. Splendiferous."
vox_plr_3_wpck_hamr_1,I believe it is go time. Is that how one says such things?,I believe it is go time. Is that how one says such things?
vox_plr_3_wpck_hamr_2,"It is time for me to rule this roost. Ooh, look, I'm alpha~mailing. All right.","It is time for me to rule this roost. Ooh, look, I'm alpha~mailing. All right."
vox_plr_3_wpck_judge_0,Not exactly a subtle weapon. I'd have to get much too~close to something to use it.,Not exactly a subtle weapon. I'd have to get much too~close to something to use it.
vox_plr_3_wpck_judge_1,"The Executioner. A hand-carried, five-chambered, 410~shotgun pistol? Really? I should execute you, you cuboid|of chaos, for giving me this unwieldy thing!","The Executioner. A hand-carried, five-chambered, 410~shotgun pistol? Really? I should execute you, you cuboid|of chaos, for giving me this unwieldy thing!"
vox_plr_3_wpck_judge_2,"Oh sure, now this would be fine for painting a barn, but~it's pointless for more subtle use.","Oh sure, now this would be fine for painting a barn, but~it's pointless for more subtle use."
vox_plr_3_wpck_kap_0,"Well, the supposedly random box has cheated me once again.","Well, the supposedly random box has cheated me once again."
vox_plr_3_wpck_kap_1,"The cap, a pistol with the recoil system of a rifle. The~designer was indecisive and has crafted a subpar weapon.","The cap, a pistol with the recoil system of a rifle. The~designer was indecisive and has crafted a subpar weapon."
vox_plr_3_wpck_kap_2,"Cap? Yeah, I'll be lucky if this thing will allow me to~cap myself when I get swarmed by the shamblers!","Cap? Yeah, I'll be lucky if this thing will allow me to~cap myself when I get swarmed by the shamblers!"
vox_plr_3_wpck_knife_0,"The rate of fire is quite slow, but you cannot argue with~its lethality.","The rate of fire is quite slow, but you cannot argue with~its lethality."
vox_plr_3_wpck_knife_1,"Oh, I prefer to stand off a bit more when engaging an~opponent.","Oh, I prefer to stand off a bit more when engaging an~opponent."
vox_plr_3_wpck_knife_2,"Ooh, a melee weapon, but from a distance. I like it.","Ooh, a melee weapon, but from a distance. I like it."
vox_plr_3_wpck_m1216_0,My ears are still ringing! Hello?,My ears are still ringing! Hello?
vox_plr_3_wpck_m1216_1,"Oh, the M1216 Full Automatic Shotgun with the detachable~16-round high-capacity magazine. Misty will be most|jealous.","Oh, the M1216 Full Automatic Shotgun with the detachable~16-round high-capacity magazine. Misty will be most|jealous."
vox_plr_3_wpck_m1216_2,Shotguns are the province of those who do not like to aim.,Shotguns are the province of those who do not like to aim.
vox_plr_3_wpck_m32_0,And now what would I do with a lightweight 40mm~semi-automatic 6-shot grenade launcher? Highly inaccurate|weapon.,And now what would I do with a lightweight 40mm~semi-automatic 6-shot grenade launcher? Highly inaccurate|weapon.
vox_plr_3_wpck_m32_1,"Uh, yeah, using this thing in close quarters combat is a~physics nightmare.","Uh, yeah, using this thing in close quarters combat is a~physics nightmare."
vox_plr_3_wpck_m32_2,"Well, perhaps I should simply shoot myself now and get~this over with.","Well, perhaps I should simply shoot myself now and get~this over with."
vox_plr_3_wpck_m8a1_0,"The M8A1 Automatic. It's about as exciting as a 5.56~automatic rifle with a 32-round magazine could be, which|is to say that it's fine, I suppose.","The M8A1 Automatic. It's about as exciting as a 5.56~automatic rifle with a 32-round magazine could be, which|is to say that it's fine, I suppose."
vox_plr_3_wpck_m8a1_1,"Russman, I need to test this weapon's rate of fire. Hold~still.","Russman, I need to test this weapon's rate of fire. Hold~still."
vox_plr_3_wpck_m8a1_2,"Loud and obnoxious just like Stu, but effective.","Loud and obnoxious just like Stu, but effective."
vox_plr_3_wpck_monkey_0,"Fascinating. C4, insulated wiring, cheap toy, and blammo,~crude, yet effective.","Fascinating. C4, insulated wiring, cheap toy, and blammo,~crude, yet effective."
vox_plr_3_wpck_monkey_1,This should decimate some ghouls.,This should decimate some ghouls.
vox_plr_3_wpck_monkey_2,I predict a homo necrosis spatter pattern of about 20~meters.,I predict a homo necrosis spatter pattern of about 20~meters.
vox_plr_3_wpck_python_0,"Yes, seems like a penile substitute for someone like~Russman.","Yes, seems like a penile substitute for someone like~Russman."
vox_plr_3_wpck_python_1,"The Python 357 Magnum Revolver. No, thank you. I have~reproductive organs of my own.","The Python 357 Magnum Revolver. No, thank you. I have~reproductive organs of my own."
vox_plr_3_wpck_python_2,This seems like a weapon for men with small penises.~Paging Russman!,This seems like a weapon for men with small penises.~Paging Russman!
vox_plr_3_wpck_ray_0,Kinetic Energy Delivery! Ha ha ha ha! Brilliant!,Kinetic Energy Delivery! Ha ha ha ha! Brilliant!
vox_plr_3_wpck_ray_1,Let the power of science rebuke you!,Let the power of science rebuke you!
vox_plr_3_wpck_ray_2,"But you see, to any undeveloped mind, science is~indistinguishable from magic.","But you see, to any undeveloped mind, science is~indistinguishable from magic."
vox_plr_3_wpck_rpd_0,This much ammo tests one's restraint.,This much ammo tests one's restraint.
vox_plr_3_wpck_rpd_1,"Ah, the Soviet RPD light machine gun with a 100 round~7.62mm drum magazine. I will not be changing clips very|often.","Ah, the Soviet RPD light machine gun with a 100 round~7.62mm drum magazine. I will not be changing clips very|often."
vox_plr_3_wpck_rpd_2,I love the smell of Chordite.,I love the smell of Chordite.
vox_plr_3_wpck_rpg_0,"Whoa, whoa, whoa, wait. I need a different weapon if I'm~to achieve statistical perfection.","Whoa, whoa, whoa, wait. I need a different weapon if I'm~to achieve statistical perfection."
vox_plr_3_wpck_rpg_1,"Only an explosives-happy simpleton would be pleased by~this. Yeah, I've got someone in mind.","Only an explosives-happy simpleton would be pleased by~this. Yeah, I've got someone in mind."
vox_plr_3_wpck_rpg_2,Explosions are the parlance of the inefficient.,Explosions are the parlance of the inefficient.
vox_plr_3_wpck_saiga12_0,"Oh, the Saiga 12-gauge semi-automatic shotgun.","Oh, the Saiga 12-gauge semi-automatic shotgun."
vox_plr_3_wpck_saiga12_1,"Ah, I would not trade this for all the tea in China. If~there even is a China anymore.","Ah, I would not trade this for all the tea in China. If~there even is a China anymore."
vox_plr_3_wpck_saiga12_2,"More force than I typically deploy, but it will accomplish~my goals.","More force than I typically deploy, but it will accomplish~my goals."
vox_plr_3_wpck_sidr_0,"Hmm, better to strip this down to parts and refactor into~something more effective.","Hmm, better to strip this down to parts and refactor into~something more effective."
vox_plr_3_wpck_sidr_1,"Ah, a bullpup automatic rifle. If I had wanted a .308~semi-automatic rifle, I would have built my own.","Ah, a bullpup automatic rifle. If I had wanted a .308~semi-automatic rifle, I would have built my own."
vox_plr_3_wpck_sidr_2,"If nothing else is available, I suppose I shall endure it.","If nothing else is available, I suppose I shall endure it."
vox_plr_3_wpck_type25_0,My life may have just peaked.,My life may have just peaked.
vox_plr_3_wpck_type25_1,"Well, well, the Type 25 Bullpup fully automatic 30-round~box magazine. Now my day is complete.","Well, well, the Type 25 Bullpup fully automatic 30-round~box magazine. Now my day is complete."
vox_plr_3_wpck_type25_2,I am now ready to fulfill my purpose in life.,I am now ready to fulfill my purpose in life.
vox_plr_3_wpck_x95l_0,"Compact, high velocity, and decent capacity. I feel... I~feel...","Compact, high velocity, and decent capacity. I feel... I~feel..."
vox_plr_3_wpck_x95l_1,"The X-95L. Ingenious design. Carbine size, but rifle~muzzle velocity. Perfect for urban combat.","The X-95L. Ingenious design. Carbine size, but rifle~muzzle velocity. Perfect for urban combat."
vox_plr_3_wpck_x95l_2,The engineering on this weapon is... it's marvelous.,The engineering on this weapon is... it's marvelous.
