alias,mature,safe,range
vox_plr_0_activate_bomb_0,"Whoa! I don't know what just went down, but I almost~feel... younger.","Whoa! I don't know what just went down, but I almost~feel... younger.",1250
vox_plr_0_activate_bomb_1,Something's not right here. I feel like we're doing stuff~over again.,Something's not right here. I feel like we're doing stuff~over again.,1250
vox_plr_0_activate_bomb_2,Did we just get zapped like we do with the teleporters?,Did we just get zapped like we do with the teleporters?,1250
vox_plr_0_ammo_drop_0,Even a little extra ammo is better than nothing.,Even a little extra ammo is better than nothing.,1250
vox_plr_0_ammo_drop_1,"They say good things come in small packages. Well, that~one was really small.","They say good things come in small packages. Well, that~one was really small.",1250
vox_plr_0_ammo_drop_2,Even a little bit of ammo can go a long way. If you use it~right.,Even a little bit of ammo can go a long way. If you use it~right.,1250
vox_plr_0_ammo_low_0,How am I supposed to kick ass without bullets?,How am I supposed to kick butt without bullets?,1250
vox_plr_0_ammo_low_1,I need ammo like Stu needs a shrink.,I need ammo like Stu needs a shrink.,1250
vox_plr_0_ammo_low_2,Ain't much a man can do without ammo.,Ain't much a man can do without ammo.,1250
vox_plr_0_ammo_low_3,Why do I keep running low?,Why do I keep running low?,1250
vox_plr_0_ammo_low_4,Someone oughta snag us one of them Max Ammo things!,Someone oughta snag us one of them Max Ammo things!,1250
vox_plr_0_ammo_out_0,Out already? How much ammo I been using?,Out already? How much ammo I been using?,1250
vox_plr_0_ammo_out_1,Shit! My guns need a refill!,My guns need a refill.,1250
vox_plr_0_ammo_out_2,Looks like I'm all out.,Looks like I'm all out.,1250
vox_plr_0_ammo_out_3,I ain't got so much as a single bullet.,I ain't got so much as a single bullet.,1250
vox_plr_0_ammo_out_4,Fun's over. Least until I find more bullets.,Fun's over. Least until I find more bullets.,1250
vox_plr_0_ammo_out_5,"I need some ammo, dammit!",I need some ammo now!,1250
vox_plr_0_ammo_switch_0,Maybe I ought to try my other gun.,Maybe I ought to try my other gun.,1250
vox_plr_0_ammo_switch_1,No joy here. I should probably switch weapons.,No joy here. I should probably switch weapons.,1250
vox_plr_0_ammo_switch_2,Now would be a good time to use my other gun.,Now would be a good time to use my other gun.,1250
vox_plr_0_ammo_switch_3,I sure hope my other weapon's locked and loaded.,I sure hope my other weapon's locked and loaded.,1250
vox_plr_0_ammo_switch_4,I really should try out my other gun.,I really should try out my other gun.,1250
vox_plr_0_bank_deposit_0,"I never really trusted banks. Unfortunately, my mattress~is a long way from here.","I never really trusted banks. Unfortunately, my mattress~is a long way from here.",1250
vox_plr_0_bank_deposit_1,Don't be getting any ideas. I know exactly how much is~here.,Don't be getting any ideas. I know exactly how much is~here.,1250
vox_plr_0_bank_withdrawl_0,I'm a little short today. I need to make a withdrawal.,I'm a little short today. I need to make a withdrawal.,1250
vox_plr_0_bank_withdrawl_1,Glad to see the bank wasn't robbed while I was gone.,Glad to see the bank wasn't robbed while I was gone.,1250
vox_plr_0_box_move_0,I do not find this in the least bit amusing.,I do not find this in the least bit amusing.,1250
vox_plr_0_box_move_1,Now you gonna make me mad!,Now you gonna make me mad!,1250
vox_plr_0_box_move_2,"I don't appreciate your little disappearing act, box.","I don't appreciate your little disappearing act, box.",1250
vox_plr_0_box_move_3,Now where in the hell did you go?,Now where did you go?,1250
vox_plr_0_box_move_4,"You're just trying to throw me off my game, ain't ya?","You're just trying to throw me off my game, ain't ya?",1250
vox_plr_0_box_move_5,"Believe me, Box, Russman knows how to hold a grudge.","Believe me, Box, Russman knows how to hold a grudge.",1250
vox_plr_0_box_move_6,I'll find you. Don't doubt it for a second.,I'll find you. Don't doubt it for a second.,1250
vox_plr_0_build_add_0,I don't even know for sure what I'm making here.,I don't even know for sure what I'm making here.,1250
vox_plr_0_build_add_1,That looks right. I guess.,That looks right. I guess.,1250
vox_plr_0_build_add_2,Guess I'll know what it is soon enough.,Guess I'll know what it is soon enough.,1250
vox_plr_0_build_add_3,This is a lot of work. It better be worth it.,This is a lot of work. It better be worth it.,1250
vox_plr_0_build_add_4,Sometimes it's hard being a working man.,Sometimes it's hard being a working man.,1250
vox_plr_0_build_add_5,This better be something special when it's done.,This better be something special when it's done.,1250
vox_plr_0_build_add_6,"Come on, hands! Don't fail me now!","Come on, hands! Don't fail me now!",1250
vox_plr_0_build_add_7,Looks like it's starting to come together.,Looks like it's starting to come together.,1250
vox_plr_0_build_add_8,I shouldn't have to work this hard. I'm retired.,I shouldn't have to work this hard. I'm retired.,1250
vox_plr_0_build_add_9,I hope this is nearly done.,I hope this is nearly done.,1250
vox_plr_0_build_drop_shield_0,I don't think I even need this.,I don't think I even need this.,1250
vox_plr_0_build_hc_drop_0,I'm done with this for now.,I'm done with this for now.,1250
vox_plr_0_build_hc_final_0,This looks like it'll be a whole lot of fun.,This looks like it'll be a whole lot of fun.,1250
vox_plr_0_build_hc_pickup_0,This is just too good to leave laying around.,This is just too good to leave laying around.,1250
vox_plr_0_build_hc_take_0,Let's go chop some liver.,Let's go chop some liver.,1250
vox_plr_0_build_need_part_0,I'd better find the other pieces.,I'd better find the other pieces.,1250
vox_plr_0_build_need_part_1,"Hmm, I must have missed something somewhere.","Hmm, I must have missed something somewhere.",1250
vox_plr_0_build_need_part_2,I suppose I'm not done looking for parts just yet.,I suppose I'm not done looking for parts just yet.,1250
vox_plr_0_build_pickup_0,I found... something.,I found... something.,1250
vox_plr_0_build_pickup_1,I'm keeping this.,I'm keeping this.,1250
vox_plr_0_build_pickup_10,This one's a keeper.,This one's a keeper.,1250
vox_plr_0_build_pickup_11,Nobody else want this?,Nobody else want this?,1250
vox_plr_0_build_pickup_12,I'm keeping this for later.,I'm keeping this for later.,1250
vox_plr_0_build_pickup_13,"Who knows what this is for? Nobody, that's who.","Who knows what this is for? Nobody, that's who.",1250
vox_plr_0_build_pickup_14,Am I the only one carrying things?,Am I the only one carrying things?,1250
vox_plr_0_build_pickup_15,"Every time I pick something up, I feel like my back's~gonna give out. Again.","Every time I pick something up, I feel like my back's~gonna give out. Again.",1250
vox_plr_0_build_pickup_16,Anyone know what this is for?,Anyone know what this is for?,1250
vox_plr_0_build_pickup_2,Maybe this'll come in useful later.,Maybe this'll come in useful later.,1250
vox_plr_0_build_pickup_3,Hmm. Wonder what this is.,Hmm. Wonder what this is.,1250
vox_plr_0_build_pickup_4,"Ooh, this may be important.","Ooh, this may be important.",1250
vox_plr_0_build_pickup_5,"I'm takin' this, just in case.","I'm takin' this, just in case.",1250
vox_plr_0_build_pickup_6,This is a bit of something.,This is a bit of something.,1250
vox_plr_0_build_pickup_7,Now why was this just sitting here?,Now why was this just sitting here?,1250
vox_plr_0_build_pickup_8,I don't even know why I'm taking this.,I don't even know why I'm taking this.,1250
vox_plr_0_build_pickup_9,"We may need this. Can't imagine how, though.","We may need this. Can't imagine how, though.",1250
vox_plr_0_build_stm_drop_0,My back is killing me right now.,My back is killing me right now.,1250
vox_plr_0_build_stm_final_0,This is starting to look familiar and dangerous.,This is starting to look familiar and dangerous.,1250
vox_plr_0_build_stm_pickup_0,"I'm taking this for now, but don't be surprised if I throw~it off a cliff.","I'm taking this for now, but don't be surprised if I throw~it off a cliff.",1250
vox_plr_0_build_stm_take_0,"All right, let's see what we can do with this.","All right, let's see what we can do with this.",1250
vox_plr_0_build_sw_drop_0,This thing's just too damn heavy.,This thing's just too damn heavy.,1250
vox_plr_0_build_sw_final_0,I'm still none the wiser as to what this actually is.,I'm still none the wiser as to what this actually is.,1250
vox_plr_0_build_sw_pickup_0,I suppose I should take this with me.,I suppose I should take this with me.,1250
vox_plr_0_build_sw_take_0,Let's see if we can find a use for this.,Let's see if we can find a use for this.,1250
vox_plr_0_build_swap_0,I'm bored with this. Give me that.,I'm bored with this. Give me that.,1250
vox_plr_0_build_swap_1,I suppose I can't carry everything.,I suppose I can't carry everything.,1250
vox_plr_0_build_swap_2,This is all just junk to me anyhow.,This is all just junk to me anyhow.,1250
vox_plr_0_build_swap_3,I'm gonna switch these two.,I'm gonna switch these two.,1250
vox_plr_0_build_swap_4,I guess I can change my mind later.,I guess I can change my mind later.,1250
vox_plr_0_build_swap_5,Give me that other thing.,Give me that other thing.,1250
vox_plr_0_build_swap_6,Swapping these is a no-brainer.,Swapping these is a no-brainer.,1250
vox_plr_0_build_swap_7,This is just a means to an end.,This is just a means to an end.,1250
vox_plr_0_build_swap_8,How the heck am I supposed to know which is more~important?,How the heck am I supposed to know which is more~important?,1250
vox_plr_0_build_swap_9,I'm gonna swap these two around.,I'm gonna swap these two around.,1250
vox_plr_0_build_take_shield_0,Looks like I built a ride for my own back.,Looks like I built a ride for my own back.,1250
vox_plr_0_build_trb_drop_0,I take it no one minds if I just leave this here.,I take it no one minds if I just leave this here.,1250
vox_plr_0_build_trb_final_0,I'll be glad when this is done.,I'll be glad when this is done.,1250
vox_plr_0_build_trb_pickup_0,I think I can put this to use.,I think I can put this to use.,1250
vox_plr_0_build_trb_take_0,This thing is useful for several reasons. I can't be~bothered explaining them right now.,This thing is useful for several reasons. I can't be~bothered explaining them right now.,1250
vox_plr_0_build_wrong_part_0,I guess I'd better find something else for this.,I guess I'd better find something else for this.,1250
vox_plr_0_build_wrong_part_1,What do you mean it don't fit?,What do you mean it don't fit?,1250
vox_plr_0_build_wrong_part_2,Looks like I got the wrong component this time.,Looks like I got the wrong component this time.,1250
vox_plr_0_crawler_attack_0,"If you're gonna attack me, you better make sure you finish~the job.","If you're gonna attack me, you better make sure you finish~the job.",1250
vox_plr_0_crawler_attack_1,Now you're just being a pain in the ass.,Now you're just being a pain in the rumpus.,1250
vox_plr_0_crawler_attack_2,You should be glad we ain't killed you yet.,You should be glad we ain't killed you yet.,1250
vox_plr_0_crawler_attack_3,"You're not in any position to make demands, little guy.","You're not in any position to make demands, little guy.",1250
vox_plr_0_crawler_attack_4,Why don't you go and annoy Misty?,Why don't you go and annoy Misty?,1250
vox_plr_0_crawler_attack_5,I got tough boots. You ain't gonna hit flesh for a while.,I got tough boots. You ain't gonna hit flesh for a while.,1250
vox_plr_0_crawler_attack_6,Now why'd you want to go and do something stupid like~that?,Now why'd you want to go and do something stupid like~that?,1250
vox_plr_0_crawler_kill_0,Time I shut you up for good.,Time I shut you up for good.,1250
vox_plr_0_crawler_kill_1,That's enough out of you!,That's enough out of you!,1250
vox_plr_0_crawler_kill_2,You're lucky you lasted as long as you did.,You're lucky you lasted as long as you did.,1250
vox_plr_0_crawler_kill_3,Work much of a life for you anyhow.,Work much of a life for you anyhow.,1250
vox_plr_0_crawler_kill_4,You was just a damn abomination on this earth.,You was just a ugly abomination on this earth.,1250
vox_plr_0_crawler_kill_5,That's for all the times it chewed my boots.,That's for all the times it chewed my boots.,1250
vox_plr_0_crawler_kill_6,Shut up. We're done talking.,Shut up. We're done talking.,1250
vox_plr_0_crawler_start_0,Those little run slinger like a bad fart.,Those little run slinger like a bad fart.,1250
vox_plr_0_crawler_start_1,"Y'all being stubborn little sons of bitches, ain't ya?","Y'all being stubborn little critters, ain't ya?",1250
vox_plr_0_crawler_start_2,Don't nobody breathe easy just yet. He ain't quite done.,Don't nobody breathe easy just yet. He ain't quite done.,1250
vox_plr_0_crawler_start_3,You need me to tell you again?,You need me to tell you again?,1250
vox_plr_0_crawler_start_4,Fuck! That little meat nugget's still going!,That little meat nugget's still going!,1250
vox_plr_0_crawler_start_5,"We keep the little ones alive, you know, for practice.","We keep the little ones alive, you know, for practice.",1250
vox_plr_0_crawler_start_6,"You got some nerve staying alive, little guy.","You got some nerve staying alive, little guy.",1250
vox_plr_0_crawler_start_7,"You might as well quit right now, Stumpy.","You might as well quit right now, Stumpy.",1250
vox_plr_0_earn_acheivement_0,What exactly happened just now?,What exactly happened just now?,1250
vox_plr_0_earn_acheivement_1,"Should I be pleased? And if so, why?","Should I be pleased? And if so, why?",1250
vox_plr_0_fall_down_hole_0,"Oh, mama! Darn near splintered my bones on landing!","Oh, mama! Almost splintered my bones on landing!",1250
vox_plr_0_fall_response_0,You hurt yourself?,You hurt yourself?,1250
vox_plr_0_favorite_wall_buy_0,Don't anybody go wasting time on the box. The RPG's right~here.,Don't anybody go wasting time on the box. The RPG's right~here.,1250
vox_plr_0_favorite_wall_buy_1,Russman is more than happy to pay for this.,Russman is more than happy to pay for this.,1250
vox_plr_0_favorite_wall_buy_2,I don't see the box. Give me nothing better.,I don't see the box. Give me nothing better.,1250
vox_plr_0_favorite_wall_buy_3,Does Russman like a rocket-propelled grenade?~Abso-fucking-lutely!,Does Russman like a rocket-propelled grenade? Absolutely!,1250
vox_plr_0_favorite_wall_buy_4,I hold a special place in my heart for things that go~BOOM!,I hold a special place in my heart for things that go~BOOM!,1250
vox_plr_0_find_secret_0,Music ain't a big thing to me. I prefer the sounds of~combat.,Music ain't a big thing to me. I prefer the sounds of~combat.,1250
vox_plr_0_find_town_0,How'd a sweet little place like this come to get buried~underground?,How'd a sweet little place like this come to get buried~underground?,1250
vox_plr_0_game_start_0,That's more than a hole in the ground. That's the rift.,That's more than a hole in the ground. That's the rift.,1250
vox_plr_0_generic_wall_buy_0,Time is tight. Just gimme this.,Time is tight. Just gimme this.,1250
vox_plr_0_generic_wall_buy_1,This is all I need.,This is all I need.,1250
vox_plr_0_generic_wall_buy_2,Least I know what I'm paying for.,Least I know what I'm paying for.,1250
vox_plr_0_generic_wall_buy_3,"I don't like surprises, so I'll just take this.","I don't like surprises, so I'll just take this.",1250
vox_plr_0_generic_wall_buy_4,I need something in a hurry.,I need something in a hurry.,1250
vox_plr_0_ghost_damage_0,Ouch! How can this be happening?,Ouch! How can this be happening?,1250
vox_plr_0_ghost_damage_1,Where are you? I wanna kill you again!,Where are you? I wanna kill you again!,1250
vox_plr_0_ghost_damage_2,"When I'm dead, I'm gonna haunt you!","When I'm dead, I'm gonna haunt you!",1250
vox_plr_0_ghost_theft_0,"Hey, keep your paws off Russman's pocketbook.","Hey, keep your paws off Russman's pocketbook.",1250
vox_plr_0_ghost_theft_1,How dare you take my money?,How dare you take my money?,1250
vox_plr_0_ghost_theft_2,"What the hell do you want with my money, ghost?","What do you want with my money, ghost?",1250
vox_plr_0_gunshop_chalk_0,I wanted a weapon and you give me chalk. Am I supposed to~draw one myself?,I wanted a weapon and you give me chalk. Am I supposed to~draw one myself?,1250
vox_plr_0_gunshop_chalk_1,Now this here's a puzzler. There's question marks where~there should be whippins. Then you give me chalk?,Now this here's a puzzler. There's question marks where~there should be whippins. Then you give me chalk?,1250
vox_plr_0_heal_revived_0,What do you want? A medal?,What do you want? A medal?,1250
vox_plr_0_heal_revived_1,Thanks. Now I can get back to business.,Thanks. Now I can get back to business.,1250
vox_plr_0_heal_revived_2,Don't think this changes things between us.,Don't think this changes things between us.,1250
vox_plr_0_heal_revived_3,I remember that you did right by Russman.,I remember that you did right by Russman.,1250
vox_plr_0_heal_revived_4,Bastards just got lucky. You hear what I'm saying?,Freaks just got lucky. You hear what I'm saying?,1250
vox_plr_0_hr_resp_kill_headshot_0,"That's it, Stu. I told you it was easy.","That's it, Stu. I told you it was easy.",1250
vox_plr_0_hr_resp_kill_headshot_1,"Good to see you can hold your own, Stu.","Good to see you can hold your own, Stu.",1250
vox_plr_0_hr_resp_surrounded_0,"Don't matter what the others say, Stu. I got faith in you.","Don't matter what the others say, Stu. I got faith in you.",1250
vox_plr_0_hr_resp_surrounded_1,"Come on, Stu! Remember your training! I did train you,~didn't I?","Come on, Stu! Remember your training! I did train you,~didn't I?",1250
vox_plr_0_in_maze_0,I'm too old to be walking any distance that ain't entirely~necessary.,I'm too old to be walking any distance that ain't entirely~necessary.,1250
vox_plr_0_in_maze_1,"Stu, you around? It might be a good idea for us to stick~together.","Stu, you around? It might be a good idea for us to stick~together.",1250
vox_plr_0_in_maze_2,"If I was younger, I'd just climb over the damn thing.",If I was younger I'd just climb over the thing.,1250
vox_plr_0_in_maze_3,"Suppose if I get lost, I could just set up camp for the~night.","Suppose if I get lost, I could just set up camp for the~night.",1250
vox_plr_0_invisible_collision_0,"Oh, what was that? I nearly split my poor old head open.","Oh, what was that? I nearly split my poor old head open.",1250
vox_plr_0_invisible_collision_1,Why am I always bumping into things?,Why am I always bumping into things?,1250
vox_plr_0_kill_close_0,Don't ever get that close to me again.,Don't ever get that close to me again.,1250
vox_plr_0_kill_close_1,"Couldn't resist getting close, could ya?","Couldn't resist getting close, could ya?",1250
vox_plr_0_kill_close_2,"Ain't nothing for you around here, freak!","Ain't nothing for you around here, freak!",1250
vox_plr_0_kill_close_3,What made you think you'd get away with that?,What made you think you'd get away with that?,1250
vox_plr_0_kill_close_4,"You brought that on yourself, you dumb bastard!","You brought that on yourself, you dumb freak!",1250
vox_plr_0_kill_close_5,I think you was confusing me with someone else.,I think you was confusing me with someone else.,1250
vox_plr_0_kill_close_6,I'll make damn sure you see the error your ways.,I'll make plenty sure you see the error of your ways.,1250
vox_plr_0_kill_damaged_0,You done gone and waken the sleeping giant.,You done gone and waken the sleeping giant.,1250
vox_plr_0_kill_damaged_1,Don't you ever try that again!,Don't you ever try that again!,1250
vox_plr_0_kill_damaged_2,This is for that thing you done.,This is for that thing you done.,1250
vox_plr_0_kill_damaged_3,I don't need much provocation.,I don't need much provocation.,1250
vox_plr_0_kill_damaged_4,All you did was give me an excuse!,All you did was give me an excuse!,1250
vox_plr_0_kill_damaged_5,Didn't you know? I'm king of the fucking ass kickers.,Didn't you know? I'm king of the butt kickers!,1250
vox_plr_0_kill_damaged_6,No one ever explained that you get what you deserve.,No one ever explained that you get what you deserve.,1250
vox_plr_0_kill_damaged_7,I don't let revenge fester. I act on it.,I don't let revenge fester. I act on it.,1250
vox_plr_0_kill_damaged_8,"You got slapped, bitch.","You got slapped, punk!",1250
vox_plr_0_kill_damaged_9,Nobody made you fuck with me.,Nobody made you mess with me.,1250
vox_plr_0_kill_headchopper_0,"Hey, I think you lost something. Head shaped.","Hey, I think you lost something. Head shaped.",1250
vox_plr_0_kill_headchopper_1,I think it's fair to say you lost a little bit of face~there.,I think it's fair to say you lost a little bit of face~there.,1250
vox_plr_0_kill_headchopper_2,There's something real fun about watching you freaks lose~your heads.,There's something real fun about watching you freaks lose~your heads.,1250
vox_plr_0_kill_headchopper_3,You should have paid more attention to where you was~walking.,You should have paid more attention to where you was~walking.,1250
vox_plr_0_kill_headchopper_4,Sure is fun to watch you freaks lose your heads.,Sure is fun to watch you freaks lose your heads.,1250
vox_plr_0_kill_headshot_0,"Ha ha! Like shooting the wings off a fly! I can do that~too, you know!","Ha ha! Like shooting the wings off a fly! I can do that~too, you know!",1250
vox_plr_0_kill_headshot_1,You can keep the bullet!,You can keep the bullet!,1250
vox_plr_0_kill_headshot_10,Damn right you better keep your distance!,"That's right, you better keep your distance.",1250
vox_plr_0_kill_headshot_11,What can I tell you? My trigger finger's always itching.,What can I tell you? My trigger finger's always itching.,1250
vox_plr_0_kill_headshot_2,"Now's the right time to fall down, freak!","Now's the right time to fall down, freak!",1250
vox_plr_0_kill_headshot_3,Why waste rounds when a headshot's all you need?,Why waste rounds when a headshot's all you need?,1250
vox_plr_0_kill_headshot_4,Ain't nobody gonna miss that face.,Ain't nobody gonna miss that face.,1250
vox_plr_0_kill_headshot_5,I got skills you freaks can't even imagine.,I got skills you freaks can't even imagine.,1250
vox_plr_0_kill_headshot_6,"You see that, Misty? Russman ain't fucking around.","You see that, Misty? Russman ain't messing around.",1250
vox_plr_0_kill_headshot_7,"Least I made it quick, Slug Bucket.","Least I made it quick, Slug Bucket.",1250
vox_plr_0_kill_headshot_8,You just lost your appetite. Along with your head.,You just lost your appetite. Along with your head.,1250
vox_plr_0_kill_headshot_9,"Yup, that was me. Who the hell else you think it could~have been?","Yep, that was me. Who else you think it could have been?",1250
vox_plr_0_kill_insta_0,"Eat this, freak!","Eat this, freak!",1250
vox_plr_0_kill_insta_1,You don't got a chance. I've been taking my vitamins.,You don't got a chance. I've been taking my vitamins.,1250
vox_plr_0_kill_insta_2,I will cut you down!,I will cut you down!,1250
vox_plr_0_kill_insta_3,"You should know by now, I'm good at this!","You should know by now, I'm good at this!",1250
vox_plr_0_kill_insta_4,There's power in these hands!,There's power in these hands!,1250
vox_plr_0_kill_insta_5,"Too dumb, too slow, dead too.","Too dumb, too slow, dead too.",1250
vox_plr_0_kill_insta_6,Least you dying is something we can agree on.,Least you dying is something we can agree on.,1250
vox_plr_0_kill_insta_7,You was one of the lucky ones.,You was one of the lucky ones.,1250
vox_plr_0_kill_limb_0,Blowing off your arm is my way of giving you fair warning.,Blowing off your arm is my way of giving you fair warning.,1250
vox_plr_0_kill_limb_1,That's just for starters. I might blow your legs off next.,That's just for starters. I might blow your legs off next.,1250
vox_plr_0_kill_limb_2,"You're getting your wings clipped, bitch!",You're getting your wings clipped now!,1250
vox_plr_0_kill_limb_3,"I'd ask for a show of hands, but you're already down one.","I'd ask for a show of hands, but you're already down one.",1250
vox_plr_0_kill_limb_4,"Your slapping days are over, Buster.","Your slapping days are over, Buster.",1250
vox_plr_0_kill_monkey_0,"You see that, Marlton? So simple even a monkey can do it.","You see that, Marlton? So simple even a monkey can do it.",1250
vox_plr_0_kill_monkey_1,You just got bitch slapped by a damn monkey.,You just got slapped by a monkey.,1250
vox_plr_0_kill_monkey_2,That was one brave little monkey.,That was one brave little monkey.,1250
vox_plr_0_kill_monkey_3,You just know someone's getting hurt when the monkey stops~dancing.,You just know someone's getting hurt when the monkey stops~dancing.,1250
vox_plr_0_kill_monkey_4,Exploding monkeys are the best kind of monkeys.,Exploding monkeys are the best kind of monkeys.,1250
vox_plr_0_kill_paralyzer_0,"Don't know what to do now, do ya?","Don't know what to do now, do ya?",1250
vox_plr_0_kill_paralyzer_1,"That sure took the wind out of your sails, didn't it?","That sure took the wind out of your sails, didn't it?",1250
vox_plr_0_kill_paralyzer_2,You dumb freaks got the stupidest looks on your faces. You~have no idea what's going on.,You dumb freaks got the stupidest looks on your faces. You~have no idea what's going on.,1250
vox_plr_0_kill_paralyzer_3,Try and make a move. I dare ya!,Try and make a move. I dare ya!,1250
vox_plr_0_kill_paralyzer_4,You ain't going nowhere now.,You ain't going nowhere now.,1250
vox_plr_0_kill_ray_0,Y'all learning what this gun can do?,Y'all learning what this gun can do?,1250
vox_plr_0_kill_ray_1,Some folks just don't realize when they're outgunned.,Some folks just don't realize when they're outgunned.,1250
vox_plr_0_kill_ray_2,I have the means to vanquish y'all right now.,I have the means to vanquish y'all right now.,1250
vox_plr_0_kill_ray_3,Who knew a pussy-ass looking gun could do so much damage?,Who knew such a little gun could do so much damage?,1250
vox_plr_0_kill_ray_4,I'm barely lifting a finger.,I'm barely lifting a finger.,1250
vox_plr_0_kill_ray_5,I don't even care how this works!,I don't even care how this works!,1250
vox_plr_0_kill_ray_6,I kinda wish I could pump this gun up even more.,I kinda wish I could pump this gun up even more.,1250
vox_plr_0_kill_raymk2_0,"All right, this Mark II sure is a big step up.","All right, this Mark II sure is a big step up.",1250
vox_plr_0_kill_raymk2_1,This feel any different to you? Does it hurt more?,This feel any different to you? Does it hurt more?,1250
vox_plr_0_kill_raymk2_2,Y'all getting quick fried today.,Y'all getting quick fried today.,1250
vox_plr_0_kill_raymk2_3,"I'd rather y'all exploded or something, but I suppose I~shouldn't complain.","I'd rather y'all exploded or something, but I suppose I~shouldn't complain.",1250
vox_plr_0_kill_raymk2_4,I reckon I could really grow to like this thing.,I reckon I could really grow to like this thing.,1250
vox_plr_0_kill_six_shooter_0,I think yelling yee-haw is entirely appropriate about now.,I think yelling yee-haw is entirely appropriate about now.,1250
vox_plr_0_kill_six_shooter_1,Russman is the fastest gun in the West.,Russman is the fastest gun in the West.,1250
vox_plr_0_kill_six_shooter_2,"Too fast for you, ain't I?","Too fast for you, ain't I?",1250
vox_plr_0_kill_six_shooter_3,This is my kind of shootout now.,This is my kind of shootout now.,1250
vox_plr_0_kill_six_shooter_4,It's like I'm living on the frontiers of the old west.,It's like I'm living on the frontiers of the old west.,1250
vox_plr_0_kill_streak_0,I sure know how to make this look easy.,I sure know how to make this look easy.,1250
vox_plr_0_kill_streak_1,Take your punk-ass asses back to hell!,Take your punk butt butts back home!,1250
vox_plr_0_kill_streak_10,You rock gobblers getting bored yet? Nope! Me neither!,You rock gobblers getting bored yet? Nope! Me neither!,1250
vox_plr_0_kill_streak_11,Sometimes I feel like I'm the only one pulling my weight.,Sometimes I feel like I'm the only one pulling my weight.,1250
vox_plr_0_kill_streak_12,"No matter how dark it is, my shots still find their mark.","No matter how dark it is, my shots still find their mark.",1250
vox_plr_0_kill_streak_13,Only thing stopping this going on forever is limited~ammunition.,Only thing stopping this going on forever is limited~ammunition.,1250
vox_plr_0_kill_streak_14,Didn't nobody tell you? I'm an ass-kicking machine!,Didn't nobody tell you? I'm a butt-kicking machine!,1250
vox_plr_0_kill_streak_15,"Whoop-ass don't come in cans no more, but you're getting~some all the same.","Whoop-ass don't come in cans no more, but you're getting~some all the same.",1250
vox_plr_0_kill_streak_16,All you idiots watching ought to be taking notes.,All you idiots watching ought to be taking notes.,1250
vox_plr_0_kill_streak_2,"You watching this, boy? This is how a man takes care of~business.","You watching this, boy? This is how a man takes care of~business.",1250
vox_plr_0_kill_streak_3,"If you slug buckets had any sense, you'd have quit a long~time ago.","If you slug buckets had any sense, you'd have quit a long~time ago.",1250
vox_plr_0_kill_streak_4,"You see what happens, freaks? Russman will fuck you up!","You see what happens, freaks? Russman will mess you up!",1250
vox_plr_0_kill_streak_5,I'll still be standing long after you're gone.,I'll still be standing long after you're gone.,1250
vox_plr_0_kill_streak_6,"Keep coming, skin nibblers. I'm in a fighting mood today.","Keep coming, skin nibblers. I'm in a fighting mood today.",1250
vox_plr_0_kill_streak_7,Who ain't life a joy when shit goes right?,"Oh, we love a joy when things go right.",1250
vox_plr_0_kill_streak_8,"I got the good stuff! Right here, bitches!","I got the good stuff right here, ladies.",1250
vox_plr_0_kill_streak_9,I hope someone's keeping track. Don't want Misty getting~credit for my doing.,I hope someone's keeping track. Don't want Misty getting~credit for my doing.,1250
vox_plr_0_kill_subwoofer_0,"I will blow your house down, little pigs.","I will blow your house down, little pigs.",1250
vox_plr_0_kill_subwoofer_1,Y'all got blown away like leaves.,Y'all got blown away like leaves.,1250
vox_plr_0_kill_subwoofer_2,"I don't know exactly what this is, but I sure like what it~does.","I don't know exactly what this is, but I sure like what it~does.",1250
vox_plr_0_kill_subwoofer_3,"I told y'all before, if I tell you to lie down, you really~ought to lie down.","I told y'all before, if I tell you to lie down, you really~ought to lie down.",1250
vox_plr_0_kill_subwoofer_4,Y'all like Russman's new gizmo? I didn't think so.,Y'all like Russman's new gizmo? I didn't think so.,1250
vox_plr_0_money_drop_0,"It may just be pennies, but I ain't gonna say no.","It may just be pennies, but I ain't gonna say no.",1250
vox_plr_0_money_drop_1,"Well, that was the smallest jackpot I ever hit.","Well, that was the smallest jackpot I ever hit.",1250
vox_plr_0_money_drop_2,I feel we got a little short-changed with that one.,I feel we got a little short-changed with that one.,1250
vox_plr_0_nomoney_generic_0,Shouldn't I get a discount on account of my age?,Shouldn't I get a discount on account of my age?,1250
vox_plr_0_nomoney_generic_1,How do I know for sure it's even worth it?,How do I know for sure it's even worth it?,1250
vox_plr_0_nomoney_generic_2,I'll be back. You'll see.,I'll be back. You'll see.,1250
vox_plr_0_nomoney_generic_3,You already know I'm broke. No need to rub my nose in it.,You already know I'm broke. No need to rub my nose in it.,1250
vox_plr_0_nomoney_generic_4,What? You're serious about this money thing?,What? You're serious about this money thing?,1250
vox_plr_0_oh_shit_0,"You better keep looking me in the eyes, fools.","You better keep looking me in the eyes, fools.",1250
vox_plr_0_oh_shit_1,Finally figured you can't take me alone?,Finally figured you can't take me alone?,1250
vox_plr_0_oh_shit_10,"Well, this is getting real interesting.","Well, this is getting real interesting.",1250
vox_plr_0_oh_shit_11,"Don't matter how many of you there are, my money's still~on me!","Don't matter how many of you there are, my money's still~on me!",1250
vox_plr_0_oh_shit_12,Don't think this means you got the upper hand.,Don't think this means you got the upper hand.,1250
vox_plr_0_oh_shit_13,"You wanna rush me? Sure, why the fuck not?","You wanna rush me? Sure, why not?",1250
vox_plr_0_oh_shit_14,"Pull your finger out your ass and come and help me, Stu!","Pull your finger out your anatomy and come and help me,~Stu!",1250
vox_plr_0_oh_shit_15,"Quit sitting around and come help me, Stu!","Quit sitting around and come help me, Stu!",1250
vox_plr_0_oh_shit_16,"Out of all of us, you should probably pick on Marlton.","Out of all of us, you should probably pick on Marlton.",1250
vox_plr_0_oh_shit_2,You think I ain't ready for ya?,You think I ain't ready for ya?,1250
vox_plr_0_oh_shit_3,"Oh, it's on now!","Oh, it's on now!",1250
vox_plr_0_oh_shit_4,"So it's a fight you want, huh?","So it's a fight you want, huh?",1250
vox_plr_0_oh_shit_5,"Strength in numbers ain't gonna save you, skin nibblers.","Strength in numbers ain't gonna save you, skin nibblers.",1250
vox_plr_0_oh_shit_6,"I'll give you three to get the hell out of here. One, two.~You really don't take a hint, do you?","I'll give you three to get out of here. One, two. You~really don't take a hint, do you?",1250
vox_plr_0_oh_shit_7,Each one of you is uglier than the last.,Each one of you is uglier than the last.,1250
vox_plr_0_oh_shit_8,How come my buddies ain't never around when I need them?,How come my buddies ain't never around when I need them?,1250
vox_plr_0_oh_shit_9,Anyone want to help an old man down on his luck?,Anyone want to help an old man down on his luck?,1250
vox_plr_0_pap_arm_0,This looks to be an improvement. I'll know for sure once I~try it out.,This looks to be an improvement. I'll know for sure once I~try it out.,1250
vox_plr_0_pap_arm_1,This looks like the cat's whiskers.,This looks like the cat's whiskers.,1250
vox_plr_0_pap_arm_2,I reckon I got something real special now.,I reckon I got something real special now.,1250
vox_plr_0_pap_arm_3,"Once I raise sufficient funds, I may just try this again.","Once I raise sufficient funds, I may just try this again.",1250
vox_plr_0_pap_arm_4,"Who knows how this works? Don't bother trying to tell me,~Marlton. I was being rhetorical.","Who knows how this works? Don't bother trying to tell me,~Marlton. I was being rhetorical.",1250
vox_plr_0_pap_arm2_0,Glad to see you're finally giving Russman the kind of~weapons he deserves.,Glad to see you're finally giving Russman the kind of~weapons he deserves.,1250
vox_plr_0_pap_arm2_1,"Now, if only you could do that for a third time.","Now, if only you could do that for a third time.",1250
vox_plr_0_pap_arm2_2,"It better be as powerful as it looks. Otherwise, I'll be~pissed.","It better be as powerful as it looks. Otherwise, I'll be~annoyed.",1250
vox_plr_0_pap_arm2_3,"I don't know if this is magic or science. Frankly, I don't~really care.","I don't know if this is magic or science. Frankly, I don't~really care.",1250
vox_plr_0_pap_arm2_4,My only regret is that this don't come with unlimited~ammunition.,My only regret is that this don't come with unlimited~ammunition.,1250
vox_plr_0_pap_wait_0,How do we know that these voices ain't leading us on a~wild goose chase?,How do we know that these voices ain't leading us on a~wild goose chase?,1250
vox_plr_0_pap_wait_1,"Ever since this started, I've had a weird feeling of deja~vu.","Ever since this started, I've had a weird feeling of deja~vu.",1250
vox_plr_0_pap_wait_2,Maybe Stu isn't even hearing that voice. The poor dumb~soul may just have lost his mind.,Maybe Stu isn't even hearing that voice. The poor dumb~soul may just have lost his mind.,1250
vox_plr_0_pap_wait_3,It's like we're being guided by unseen forces. I do not~like not being in control of my destiny.,It's like we're being guided by unseen forces. I do not~like not being in control of my destiny.,1250
vox_plr_0_pap_wait_4,I reckon these things must have been put here by other~travelers. Don't see no other explanation.,I reckon these things must have been put here by other~travelers. Don't see no other explanation.,1250
vox_plr_0_pap_wait2_0,Now we'll see just what this machine is really capable of.,Now we'll see just what this machine is really capable of.,1250
vox_plr_0_pap_wait2_1,What if Stu's changing more than I realize? I sure hope he~ain't gonna become one of... them.,What if Stu's changing more than I realize? I sure hope he~ain't gonna become one of... them.,1250
vox_plr_0_pap_wait2_2,"Hurry it up, will ya? Russman ain't got the patience for~being patient.","Hurry it up, will ya? Russman ain't got the patience for~being patient.",1250
vox_plr_0_pap_wait2_3,I'm gonna be disappointed if this don't spit out the~greatest whippin' I ever laid eyes on.,I'm gonna be disappointed if this don't spit out the~greatest whippin' I ever laid eyes on.,1250
vox_plr_0_pap_wait2_4,"Oh man, I can feel myself getting old just waiting for~this.","Oh man, I can feel myself getting old just waiting for~this.",1250
vox_plr_0_perk_doubletap_0,Huh. I still don't know exactly what this is supposed to~do.,Huh. I still don't know exactly what this is supposed to~do.,1250
vox_plr_0_perk_jugga_0,"This don't taste like nothing at all. Mind you, I can't~really taste much of anything.","This don't taste like nothing at all. Mind you, I can't~really taste much of anything.",1250
vox_plr_0_perk_mule_0,"Ah, this thing sure helps with the old payload.","Ah, this thing sure helps with the old payload.",1250
vox_plr_0_perk_revive_0,"Oh, don't know if helping the others matters that much to~me.","Oh, don't know if helping the others matters that much to~me.",1250
vox_plr_0_perk_speed_0,I feel like I'm 75. It's like I'm young again.,I feel like I'm 75. It's like I'm young again.,1250
vox_plr_0_perk_stamine_0,"Oh, I thought my running days was over. Maybe I still got~the legs for it.","Oh, I thought my running days was over. Maybe I still got~the legs for it.",1250
vox_plr_0_perk_vulture_0,"I gotta be honest, my eyesight's never been the best.","I gotta be honest, my eyesight's never been the best.",1250
vox_plr_0_pickup_bomb_0,I want something I can hurt them with.,I want something I can hurt them with.,1250
vox_plr_0_pickup_bomb_1,I came for a gun and you give me this?,I came for a gun and you give me this?,1250
vox_plr_0_pickup_bomb_2,What am I supposed to do with this?,What am I supposed to do with this?,1250
vox_plr_0_pickup_booze_0,"I'll take the booze, even though my wild partying days are~long gone.","I'll take the booze, even though my wild partying days are~long gone.",1250
vox_plr_0_pickup_booze_1,"I'll take the bottle. If worse comes to worse, I can~always break it over someone's head.","I'll take the bottle. If worse comes to worse, I can~always break it over someone's head.",1250
vox_plr_0_pickup_booze_2,"I'll take it, even though I ain't even thirsty.","I'll take it, even though I ain't even thirsty.",1250
vox_plr_0_pickup_candy_0,I ain't tasted candy in a long time. Don't think I cared~for her.,I ain't tasted candy in a long time. Don't think I cared~for her.,1250
vox_plr_0_pickup_candy_1,I don't think I'll eat it. I already lost most of my~teeth.,I don't think I'll eat it. I already lost most of my~teeth.,1250
vox_plr_0_pickup_candy_2,Maybe someone else has a sweet tooth.,Maybe someone else has a sweet tooth.,1250
vox_plr_0_pickup_key_0,"Maybe I could use this key to lock up that whiny little~bitch, Marlton.",Maybe I can use this key to lock up that whiny little~sissy Marlton.,1250
vox_plr_0_pickup_key_1,Hey! I found us a key!,Hey! I found us a key!,1250
vox_plr_0_pickup_key_2,This'll help us if we run into any locked doors.,This'll help us if we run into any locked doors.,1250
vox_plr_0_pickup_raymk2_0,I don't get why these fancy guns always look like a darn~toy.,I don't get why these fancy guns always look like a toy.,1250
vox_plr_0_pickup_raymk2_1,Wonder what makes the Mark II so special. Guess I'll find~out soon enough.,Wonder what makes the Mark II so special. Guess I'll find~out soon enough.,1250
vox_plr_0_pickup_raymk2_2,I hope this one makes a much bigger noise. I find it helps~intimidate the empathy.,I hope this one makes a much bigger noise. I find it helps~intimidate the empathy.,1250
vox_plr_0_pickup_raymk2_3,I'd always figured the Ray Gun was a Marlton kind of~thing. Maybe this version will change my mind.,I'd always figured the Ray Gun was a Marlton kind of~thing. Maybe this version will change my mind.,1250
vox_plr_0_pickup_raymk2_4,I like to think the old ones are the best. Maybe this will~be an exception.,I like to think the old ones are the best. Maybe this will~be an exception.,1250
vox_plr_0_pickup_six_shooter_0,"Well, look at that. A good old fashioned six shooter.","Well, look at that. A good old fashioned six shooter.",1250
vox_plr_0_pickup_six_shooter_1,"Oh, I'm going to have some fun with this.","Oh, I'm going to have some fun with this.",1250
vox_plr_0_pickup_six_shooter_2,I ain't seen one of these since I was a boy.,I ain't seen one of these since I was a boy.,1250
vox_plr_0_place_hc_0,It should do some damage if I put it right here.,It should do some damage if I put it right here.,1250
vox_plr_0_place_sw_0,This looks like a good place to fire this up.,This looks like a good place to fire this up.,1250
vox_plr_0_place_ts_0,I think I want this right about here.,I think I want this right about here.,1250
vox_plr_0_place_turbine_0,"I'm setting up a turbine, folks!","I'm setting up a turbine, folks!",1250
vox_plr_0_power_on_0,Maybe things will be a little bit easier with the power~on.,Maybe things will be a little bit easier with the power~on.,1250
vox_plr_0_power_on_1,Now we got ourselves some power.,Now we got ourselves some power.,1250
vox_plr_0_powerup_ammo_0,How long I been asking for this?,How long I been asking for this?,1250
vox_plr_0_powerup_ammo_1,"Whoever's in charge, just keep them ammo drops coming.","Whoever's in charge, just keep them ammo drops coming.",1250
vox_plr_0_powerup_ammo_2,Any chance I can have Misty's share?,Any chance I can have Misty's share?,1250
vox_plr_0_powerup_ammo_3,About time you dropped us some ammo!,About time you dropped us some ammo!,1250
vox_plr_0_powerup_carp_0,"Just cause we take your help, don't mean we appreciate it.","Just cause we take your help, don't mean we appreciate it.",1250
vox_plr_0_powerup_carp_1,Saves me the trouble of boring them up.,Saves me the trouble of boring them up.,1250
vox_plr_0_powerup_carp_2,"We got a little help. And when I say little, I mean real~little.","We got a little help. And when I say little, I mean real~little.",1250
vox_plr_0_powerup_double_0,This should help line our pockets.,This should help line our pockets.,1250
vox_plr_0_powerup_double_1,Double what? I couldn't hear too well over all the noise.,Double what? I couldn't hear too well over all the noise.,1250
vox_plr_0_powerup_double_2,Now we got a fighting chance.,Now we got a fighting chance.,1250
vox_plr_0_powerup_double_3,Time to get a little more buck for our bang.,Time to get a little more buck for our bang.,1250
vox_plr_0_powerup_firesale_0,"Hey, that one's good news. Let's go find the box.","Hey, that one's good news. Let's go find the box.",1250
vox_plr_0_powerup_firesale_1,Notice it never comes when we got time on our hands.,Notice it never comes when we got time on our hands.,1250
vox_plr_0_powerup_firesale_2,It's high time we rearmed appropriately.,It's high time we rearmed appropriately.,1250
vox_plr_0_powerup_insta_0,Roll up your sleeves and get stuck in!,Roll up your sleeves and get stuck in!,1250
vox_plr_0_powerup_insta_1,Let's hunt them down!,Let's hunt them down!,1250
vox_plr_0_powerup_insta_2,"I was already dangerous, now I'm just dangerousier.","I was already dangerous, now I'm just dangerousier.",1250
vox_plr_0_powerup_insta_3,See these hands? These are fighting hands!,See these hands? These are fighting hands!,1250
vox_plr_0_powerup_nuke_0,"Happiness, thy name is Kaboom!","Happiness, thy name is Kaboom!",1250
vox_plr_0_powerup_nuke_1,That'll shut them up for a few seconds.,That'll shut them up for a few seconds.,1250
vox_plr_0_powerup_nuke_2,Ain't nobody walking away from that one.,Ain't nobody walking away from that one.,1250
vox_plr_0_powerup_nuke_3,That may be my favorite thing in this whole dumb world.,That may be my favorite thing in this whole dumb world.,1250
vox_plr_0_react_stink_0,What's the problem? I don't smell nothing.,What's the problem? I don't smell nothing.,1250
vox_plr_0_react_stink_1,"Just so you know, I don't always smell like this.","Just so you know, I don't always smell like this.",1250
vox_plr_0_react_stink_2,Might want to keep your distance. I ain't smelling too~sweet.,Might want to keep your distance. I ain't smelling too~sweet.,1250
vox_plr_0_react_stink_3,What? I can't smell nothing.,What? I can't smell nothing.,1250
vox_plr_0_rebuild_boards_0,"Of all the things we do, this may be the most futile.","Of all the things we do, this may be the most futile.",1250
vox_plr_0_rebuild_boards_1,"Yes, it's worth it. Even if it only buys us a little time.","Yes, it's worth it. Even if it only buys us a little time.",1250
vox_plr_0_respond_ghost_0,Who's that whispering in my ear?,Who's that whispering in my ear?,1250
vox_plr_0_respond_ghost_1,I don't scare easily.,I don't scare easily.,1250
vox_plr_0_respond_stuhlinger_0,"Stu, you may want to think before you speak. People are~going to start thinking you're not altogether right in the|head.","Stu, you may want to think before you speak. People are~going to start thinking you're not altogether right in the|head.",1250
vox_plr_0_respond_stuhlinger_1,Any chance you and your imaginary friend could just talk~in private for a while?,Any chance you and your imaginary friend could just talk~in private for a while?,1250
vox_plr_0_respond_stuhlinger_2,"Listening to voices only you can hear ain't a good idea,~Stu. I talk from experience.","Listening to voices only you can hear ain't a good idea,~Stu. I talk from experience.",1250
vox_plr_0_respond_stuhlinger_3,"Probably best to just keep it to yourself, Stu. You sound~like a damn crazy man.","Probably best to keep it to yourself, Stu. You sound like~a crazy man.",1250
vox_plr_0_response_stink_0,Something around here don't smell too good.,Something around here don't smell too good.,1250
vox_plr_0_response_stink_1,What the hell is that disgusting smell?,What is that disgusting smell?,1250
vox_plr_0_riv_resp_kill_headshot_0,"How in the hell you managed to pull that one off, Marlton?","How'd you manage to pull that one off, Marlton?",1250
vox_plr_0_sloth_1st_bottle_0,You sure look like you could use a drink.,You sure look like you could use a drink.,1250
vox_plr_0_sloth_clears_path_0,"Damn, he's a destructive son of a bitch. I think I like~him.",He's a destructive son of a gun. I think I like him.,1250
vox_plr_0_sloth_crawler_0,Someone get the big fella. He can deal with the little~ones.,Someone get the big fella. He can deal with the little~ones.,1250
vox_plr_0_sloth_crawler_1,Little ones need to be taught a lesson. Where's our~friend?,Little ones need to be taught a lesson. Where's our~friend?,1250
vox_plr_0_sloth_crawler_2,"Hey Stumpy, you're headed for a world of hurt when the big~fella gets his mitts on ya.","Hey Stumpy, you're headed for a world of hurt when the big~fella gets his mitts on ya.",1250
vox_plr_0_sloth_encounter_0,Whoa! Check out the huge dude!,Whoa! Check out the huge dude!,1250
vox_plr_0_sloth_encounter_1,We could just use the key.,We could just use the key.,1250
vox_plr_0_sloth_generic_feed_0,"There you go, big fella.","There you go, big fella.",1250
vox_plr_0_sloth_generic_feed_1,"I got what you want, buddy.","I got what you want, buddy.",1250
vox_plr_0_sloth_generic_feed_2,"Take this, then do your stuff, okay?","Take this, then do your stuff, okay?",1250
vox_plr_0_sloth_retreat_cell_0,"Where are you going, boy? Don't get so spooked.","Where are you going, boy? Don't get so spooked.",1250
vox_plr_0_sloth_run_0,Whoa! That boy sure can move!,Whoa! That boy sure can move!,1250
vox_plr_0_sloth_unlocked_0,"Hey, big guy. There's something you need?","Hey, big guy. There's something you need?",1250
vox_plr_0_stay_topside_0,It's a mining operation of some kind. Who knows if it's~still operational.,It's a mining operation of some kind. Who knows if it's~still operational.,1250
vox_plr_0_stuhlinger_madness_0,Oh boy. I guess the world's not getting healed anytime~soon.,Oh boy. I guess the world's not getting healed anytime~soon.,1250
vox_plr_0_throw_bomb_0,"Oh, I was really hoping it would blow up.","Oh, I was really hoping it would blow up.",1250
vox_plr_0_throw_bomb_1,"Well, color me disappointed.","Well, color me disappointed.",1250
vox_plr_0_throw_bomb_2,There's gotta be a secondary triggering mechanism.,There's gotta be a secondary triggering mechanism.,1250
vox_plr_0_wall_withdrawl_0,Time to bring out the big guns!,Time to bring out the big guns!,1250
vox_plr_0_wall_withdrawl_1,Ain't no special occasion. I just need something reliable.,Ain't no special occasion. I just need something reliable.,1250
vox_plr_0_wall_withdrawl_2,Sure was a smart idea leaving this here.,Sure was a smart idea leaving this here.,1250
vox_plr_0_weapon_storage_0,Now I'm trusting that this is gonna still be here when I~come back.,Now I'm trusting that this is gonna still be here when I~come back.,1250
vox_plr_0_weapon_storage_1,I normally only mount trophies on walls.,I normally only mount trophies on walls.,1250
vox_plr_0_weapon_storage_2,I'll be back for this later.,I'll be back for this later.,1250
vox_plr_0_weapon_storage_3,At least I'll know where to come when I want this back.,At least I'll know where to come when I want this back.,1250
vox_plr_0_weapon_storage_4,This better work the way I think it does.,This better work the way I think it does.,1250
vox_plr_0_weapon_storage_5,"Even as a boy, I kept my firearms safely locked up. Guess~old habits die hard.","Even as a boy, I kept my firearms safely locked up. Guess~old habits die hard.",1250
vox_plr_0_weapon_storage_6,I'm trusting you to take real good care of this.,I'm trusting you to take real good care of this.,1250
vox_plr_0_wpck_57_0,Just one this time? Don't make no difference to me. I'll~still be kicking ass.,Just one this time? Don't make no difference to me. I'll~still be kicking hiney.,1250
vox_plr_0_wpck_57_1,"Ain't terrible, but I can think of a whole bunch of~pistols better than this one.","Ain't terrible, but I can think of a whole bunch of~pistols better than this one.",1250
vox_plr_0_wpck_57_2,"Russman's got shit to do, so just give me my fucking gun.","Russman's got things to do, so just give me my gun~already!",1250
vox_plr_0_wpck_dsr50_0,"Don't see this being much use, unless I can find the~tactical high ground.","Don't see this being much use, unless I can find the~tactical high ground.",1250
vox_plr_0_wpck_dsr50_1,"If this don't put them down in one shot, I'll be back for~a refund.","If this don't put them down in one shot, I'll be back for~a refund.",1250
vox_plr_0_wpck_dsr50_2,Scoped rifles? You making some sort of comment about my~eyesight?,Scoped rifles? You making some sort of comment about my~eyesight?,1250
vox_plr_0_wpck_duel57_0,You do realize that I've got arthritis in both hands.,You do realize that I've got arthritis in both hands.,1250
vox_plr_0_wpck_duel57_1,It takes a man to know how to wield two pistols. Just~letting you know so you don't waste these on Marlton.,It takes a man to know how to wield two pistols. Just~letting you know so you don't waste these on Marlton.,1250
vox_plr_0_wpck_duel57_2,I'll take them both. Don't bother to gift wrap them.,I'll take them both. Don't bother to gift wrap them.,1250
vox_plr_0_wpck_fal_0,"If it was good enough for our military, then it's good~enough for me.","If it was good enough for our military, then it's good~enough for me.",1250
vox_plr_0_wpck_fal_1,"Looking on the bright side, I suppose semi-autos do help~conserve ammo.","Looking on the bright side, I suppose semi-autos do help~conserve ammo.",1250
vox_plr_0_wpck_fal_2,"If something's classified as high damage, feel free to~send it my way.","If something's classified as high damage, feel free to~send it my way.",1250
vox_plr_0_wpck_galil_0,"One word, reliability. You can knock the shit out of this~and it still won't miss a beat.","One word, reliability. Don't matter how much you bang it~up, it still won't miss a beat.",1250
vox_plr_0_wpck_galil_1,I'm gonna educate the freaks. Old school.,I'm gonna educate the freaks. Old school.,1250
vox_plr_0_wpck_galil_2,I like the simple things. That's probably why I get on so~well with Stu.,I like the simple things. That's probably why I get on so~well with Stu.,1250
vox_plr_0_wpck_hamr_0,Don't tell me no bullshit about heat adaptive modular~technology. I just want it to shoot straight.,Don't tell me no lies about heat adaptive modular~technology. I just wanted to shoot straight.,1250
vox_plr_0_wpck_hamr_1,This is right in my wheelhouse.,This is right in my wheelhouse.,1250
vox_plr_0_wpck_hamr_2,Alternating fire? That mean it hits some but misses~others?,Alternating fire? That mean it hits some but misses~others?,1250
vox_plr_0_wpck_judge_0,"This may be Stu's favorite, but I ain't entirely sure he~can be trusted with it.","This may be Stu's favorite, but I ain't entirely sure he~can be trusted with it.",1250
vox_plr_0_wpck_judge_1,"Okay, Executioner. Russman's gonna help you live up to~your name.","Okay, Executioner. Russman's gonna help you live up to~your name.",1250
vox_plr_0_wpck_judge_2,Some nice firepower here. I've seen these things blast~right through a refrigerator door.,Some nice firepower here. I've seen these things blast~right through a refrigerator door.,1250
vox_plr_0_wpck_kap_0,"I got lucky with this one. Not only is it a fine looking~pistol, but it's full auto too.","I got lucky with this one. Not only is it a fine looking~pistol, but it's full auto too.",1250
vox_plr_0_wpck_kap_1,"Don't go boring me with any details, Marlton. I judge my~firearms only by results.","Don't go boring me with any details, Marlton. I judge my~firearms only by results.",1250
vox_plr_0_wpck_kap_2,Least I know where I am with this. Hang on a minute. Where~am I?,Least I know where I am with this. Hang on a minute. Where~am I?,1250
vox_plr_0_wpck_knife_0,"Unless it explodes on impact, I can't say I see the point~of this.","Unless it explodes on impact, I can't say I see the point~of this.",1250
vox_plr_0_wpck_knife_1,"Whenever someone comes up with a knife that fires blades,~you just know they had too much time on their hands.","Whenever someone comes up with a knife that fires blades,~you just know they had too much time on their hands.",1250
vox_plr_0_wpck_knife_2,"If you ask me, I'd tell you these things are dumber than a~bag of rocks.","If you ask me, I'd tell you these things are dumber than a~bag of rocks.",1250
vox_plr_0_wpck_m1216_0,"That girl swears by these things. Saying that, she swears~a lot, potty-mouthed little bitch.","That girl swears by these things. Saying that, she swears~a lot, potty mouth.",1250
vox_plr_0_wpck_m1216_1,Now I can show that stupid girl exactly how these should~be used.,Now I can show that stupid girl exactly how these should~be used.,1250
vox_plr_0_wpck_m1216_2,I remember the good old days. Back when shotguns weren't~so overcomplicated.,I remember the good old days. Back when shotguns weren't~so overcomplicated.,1250
vox_plr_0_wpck_m32_0,Feels like I've been waiting a lifetime to lay my hands on~this.,"Coincidentally, I'm thinking of changing my name to War~Machine. It's got a good ring to it.",1250
vox_plr_0_wpck_m32_1,Heavy fire powers never felt so light.,Heavy fire powers never felt so light.,1250
vox_plr_0_wpck_m32_2,"Now that I got this, I can die a happy man.","Now that I got this, I can die a happy man.",1250
vox_plr_0_wpck_m82a1_0,At least it's American. Just saying.,At least it's American. Just saying.,1250
vox_plr_0_wpck_m82a1_1,Those freaks make a habit of getting up close and~personal. I could just stab them with it.,Those freaks make a habit of getting up close and~personal. I could just stab them with it.,1250
vox_plr_0_wpck_m82a1_2,That it? Maybe you ought to try spinning again.,That it? Maybe you ought to try spinning again.,1250
vox_plr_0_wpck_monkey_0,"Hey, monkey boy, how about you skip the little dance and~go straight to the boom?","Hey, monkey boy, how about you skip the little dance and~go straight to the boom?",1250
vox_plr_0_wpck_monkey_1,"You'll get your moment in the spotlight real soon, little~monkey.","You'll get your moment in the spotlight real soon, little~monkey.",1250
vox_plr_0_wpck_monkey_2,Never thought I'd find myself being so happy to see a~monkey.,Never thought I'd find myself being so happy to see a~monkey.,1250
vox_plr_0_wpck_mtar_0,Marlton never shuts up about this. Can't see what he finds~so damn appealing.,My Arthur never shuts up about this. Can't see what he~finds so appealing.,1250
vox_plr_0_wpck_mtar_1,This does what it says on the tin. Not that guns ever~actually come in tins.,This does what it says on the tin. Not that guns ever~actually come in tins.,1250
vox_plr_0_wpck_mtar_2,Sometimes basic is better. Most of those fancy pants guns~are too darn unreliable.,"Sometimes, basic is better. Most of those fancy pants guns~are too unreliable.",1250
vox_plr_0_wpck_paralyzer_0,I ain't gonna worry about how this works. The fact that it~fucks them up is all I need to know.,I ain't gonna worry about how this works. The fact that it~kills them good is all I need to know.,1250
vox_plr_0_wpck_paralyzer_1,Unlimited ammo? This sounds too good to be true!,Unlimited ammo? This sounds too good to be true!,1250
vox_plr_0_wpck_paralyzer_2,I get the feeling that this should stop them dead in their~tracks.,I get the feeling that this should stop them dead in their~tracks.,1250
vox_plr_0_wpck_python_0,"This pistol hits hard, like an iron fist.","This pistol hits hard, like an iron fist.",1250
vox_plr_0_wpck_python_1,This here python's gonna knock those bastards right off~their feet.,This here python's gonna knock them right off their feet.,1250
vox_plr_0_wpck_python_2,Those bone sacks won't be so sprightly after a few pops~from this.,Those bone sacks won't be so sprightly after a few pops~from this.,1250
vox_plr_0_wpck_ray_0,I only wish your design was a little more intimidating.,I only wish your design was a little more intimidating.,1250
vox_plr_0_wpck_ray_1,"Can't judge on looks alone. Take the girl. She's easy~enough on the eye, but boy, is she a pain in the butt.","Can't judge on looks alone. Take the girl. She's easy~enough on the eye, but boy, is she a pain in the butt.",1250
vox_plr_0_wpck_ray_2,"I still don't know if this is powered by science or magic.~Frankly, I don't fucking care.","I still don't know if this is powered by science or magic.~Frankly, I don't care.",1250
vox_plr_0_wpck_rpg_0,"Oh yeah, about time you handed me some explosives.","Oh yeah, about time you handed me some explosives.",1250
vox_plr_0_wpck_rpg_1,My fondness for big explosions may explain why my~hearing's so fucked up.,My fondness for big explosions may explain why my~hearing's so messed up.,1250
vox_plr_0_wpck_rpg_2,Very appealing. Very appealing indeed.,Very appealing. Very appealing indeed.,1250
vox_plr_0_wpck_saiga12_0,"I know just what to do with this, and it ain't gonna be~pretty.","I know just what to do with this, and it ain't gonna be~pretty.",1250
vox_plr_0_wpck_saiga12_1,"I always liked shotguns, ever since I was knee-high to a~bone sack.","I always liked shotguns, ever since I was knee-high to a~bone sack.",1250
vox_plr_0_wpck_saiga12_2,You'd better come with Russman. We got work to do.,You'd better come with Russman. We got work to do.,1250
vox_plr_0_wpck_smr_0,"Now we're talking! At least I am, anyway.","Now we're talking! At least I am, anyway.",1250
vox_plr_0_wpck_smr_1,This thing ain't exactly got the best range. Though I~suppose you could say the same thing about these old legs.,This thing ain't exactly got the best range. Though I~suppose you could say the same thing about these old legs.,1250
vox_plr_0_wpck_smr_2,"I ain't ever gonna say no to a rifle, especially if it's~pointed at me.","I ain't ever gonna say no to a rifle, especially if it's~pointed at me.",1250
vox_plr_1_activate_bomb_0,Wow! That was amazing! What happened?,Wow! That was amazing! What happened?,1250
vox_plr_1_activate_bomb_1,"Oh, something weird is going on!","Oh, something weird is going on!",1250
vox_plr_1_activate_bomb_2,That was strange. Hey anyone else got itchy teeth? No?,That was strange. Hey anyone else got itchy teeth? No?,1250
vox_plr_1_ammo_drop_0,"What was that, like six bullets?","What was that, like six bullets?",1250
vox_plr_1_ammo_drop_1,I suppose beggars can't be choosers.,I suppose beggars can't be choosers.,1250
vox_plr_1_ammo_drop_2,"I don't mean to sound ungrateful, but that was hardly~worth my time.","I don't mean to sound ungrateful, but that was hardly~worth my time.",1250
vox_plr_1_ammo_low_0,Nothing says you're fucked like low ammo.,Nothing says you're screwed like low ammo.,1250
vox_plr_1_ammo_low_1,"I'm almost out? Well, this just keeps getting better and~better.","I'm almost out? Well, this just keeps getting better and~better.",1250
vox_plr_1_ammo_low_2,"If I ain't got bullets, my options are pretty limited.","If I ain't got bullets, my options are pretty limited.",1250
vox_plr_1_ammo_low_3,"Bullets almost gone. What else could go wrong? Actually,~don't tell me.","Bullets almost gone. What else could go wrong? Actually,~don't tell me.",1250
vox_plr_1_ammo_low_4,Getting a little low in the old bullet department.,Getting a little low in the old bullet department.,1250
vox_plr_1_ammo_out_0,"Maybe if I keep pulling the trigger, the clicks will scare~him off!","Maybe if I keep pulling the trigger, the clicks will scare~him off!",1250
vox_plr_1_ammo_out_1,"I may be all in, but I'm all out!","I may be all in, but I'm all out!",1250
vox_plr_1_ammo_out_2,I wish I'd practice my CQC exercises.,I wish I'd practice my CQC exercises.,1250
vox_plr_1_ammo_out_3,What am I? The leadless fucking horseman?,What am I? The leadless horseman?,1250
vox_plr_1_ammo_out_4,"Well, had to run out sometime. Why now?","Well, had to run out sometime. Why now?",1250
vox_plr_1_ammo_out_5,"If things were different, I'd have bullets. Sadly, they're~not.","If things were different, I'd have bullets. Sadly, they're~not.",1250
vox_plr_1_ammo_switch_0,This click-clicking would stop if I just switched weapons!,This click-clicking would stop if I just switched weapons!,1250
vox_plr_1_ammo_switch_1,Now would be a good time to switch to my other weapon!,Now would be a good time to switch to my other weapon!,1250
vox_plr_1_ammo_switch_2,Maybe I should swap to my secondary!,Maybe I should swap to my secondary!,1250
vox_plr_1_ammo_switch_3,Maybe my other weapon has some bullets!,Maybe my other weapon has some bullets!,1250
vox_plr_1_ammo_switch_4,There's really no point to holding this when it's empty.,There's really no point to holding this when it's empty.,1250
vox_plr_1_ammo_switch_5,This ain't good. I really ought to switch weapons.,This ain't good. I really ought to switch weapons.,1250
vox_plr_1_bank_deposit_0,"A bank? Like, who trusts banks?","A bank? Like, who trusts banks?",1250
vox_plr_1_bank_deposit_1,I'm only leaving this here because I have holes in my~pockets.,I'm only leaving this here because I have holes in my~pockets.,1250
vox_plr_1_bank_withdrawl_0,Wow! It's still here? I half expected it to be invested in~some bullshit scheme.,Wow! It's still here? I half expected it to be invested in~some stupid scheme!,1250
vox_plr_1_bank_withdrawl_1,"Shouldn't you give me something for being a loyal~customer? You know, a pen or anything?","Shouldn't you give me something for being a loyal~customer? You know, a pen or anything?",1250
vox_plr_1_box_move_0,"Did you fuck around with the box, Marlton?","Did you mess around with the box, Marlton?",1250
vox_plr_1_box_move_1,"I can still hear you laughing, you know!","I can still hear you laughing, you know!",1250
vox_plr_1_box_move_2,"Wait, I thought we had an understanding here. I mean, I~paid you and all.","Wait, I thought we had an understanding here. I mean, I~paid you and all.",1250
vox_plr_1_box_move_3,I hate when I pay good money just to have a runoff. It's~like my 21st birthday all over again.,I hate when I pay good money just to have a runoff. It's~like my 21st birthday all over again.,1250
vox_plr_1_box_move_4,"You know what? Fuck you, box! That's what!","You really don't like me, do you?",1250
vox_plr_1_build_add_0,I'm good with my hands. Shame I'm the only one who really~knows that.,I'm good with my hands. Shame I'm the only one who really~knows that.,1250
vox_plr_1_build_add_1,"I got no clue what I'm making here, but it sure ain't a~cake.","I got no clue what I'm making here, but it sure ain't a~cake.",1250
vox_plr_1_build_add_2,"Oh, it's something all right. Anyone got any idea what?","Oh, it's something all right. Anyone got any idea what?",1250
vox_plr_1_build_add_3,"It's really taking shape! Hang on, hang on. Is that right?","It's really taking shape! Hang on, hang on. Is that right?",1250
vox_plr_1_build_add_4,"Looking good, this little project I got going.","Looking good, this little project I got going.",1250
vox_plr_1_build_add_5,"Hey guys, you will tell me if they're sneaking up on me,~right?","Hey guys, you will tell me if they're sneaking up on me,~right?",1250
vox_plr_1_build_add_6,This would be a whole lot easier if it came with~directions!,This would be a whole lot easier if it came with~directions!,1250
vox_plr_1_build_add_7,"Well, I still don't know what it is.","Well, I still don't know what it is.",1250
vox_plr_1_build_add_8,I am putting a lot of effort in here. I sure hope it's~worth it.,I am putting a lot of effort in here. I sure hope it's~worth it.,1250
vox_plr_1_build_add_9,Huh. I guess I'll know what it is when it's done.,Huh. I guess I'll know what it is when it's done.,1250
vox_plr_1_build_hc_drop_0,Almost threw my back out lugging this around!,Almost threw my back out lugging this around!,1250
vox_plr_1_build_hc_final_0,"Hey, is this for cutting hair?","Hey, is this for cutting hair?",1250
vox_plr_1_build_hc_pickup_0,Why would anyone leave such a dangerous thing just lying~around?,Why would anyone leave such a dangerous thing just lying~around?,1250
vox_plr_1_build_hc_take_0,"Oh, I think I know just who to chop with this!","Oh, I think I know just who to chop with this!",1250
vox_plr_1_build_need_part_0,What? It's not done yet!,What? It's not done yet!,1250
vox_plr_1_build_need_part_1,"Honestly, it's always something.","Honestly, it's always something.",1250
vox_plr_1_build_need_part_2,So I gotta go look for more junk?,So I gotta go look for more junk?,1250
vox_plr_1_build_pickup_0,This may be important. Or not.,This may be important. Or not.,1250
vox_plr_1_build_pickup_1,Think I'm gonna hold on to this for a while.,Think I'm gonna hold on to this for a while.,1250
vox_plr_1_build_pickup_10,One day I might find out what this is.,One day I might find out what this is.,1250
vox_plr_1_build_pickup_11,"Hey, does this belong to anybody? No? Okay, I'll keep it.","Hey, does this belong to anybody? No? Okay, I'll keep it.",1250
vox_plr_1_build_pickup_12,"With a little imagination, I may be able to- Nah, I~haven't got a clue.","With a little imagination, I may be able to- Nah, I~haven't got a clue.",1250
vox_plr_1_build_pickup_13,I'm keeping this!,I'm keeping this!,1250
vox_plr_1_build_pickup_14,Is this supposed to be useful? I don't see how.,Is this supposed to be useful? I don't see how.,1250
vox_plr_1_build_pickup_15,I'm gonna keep this! If no one else wants it!,I'm gonna keep this! If no one else wants it!,1250
vox_plr_1_build_pickup_16,Finders Keepers.,Finders Keepers.,1250
vox_plr_1_build_pickup_2,This looks like a part of some kind.,This looks like a part of some kind.,1250
vox_plr_1_build_pickup_3,Wonder where I can stick this!,Wonder where I can stick this!,1250
vox_plr_1_build_pickup_4,Wish I could fit this in my pocket.,Wish I could fit this in my pocket.,1250
vox_plr_1_build_pickup_5,Maybe I'll need this later.,Maybe I'll need this later.,1250
vox_plr_1_build_pickup_6,"I know what this is. Oh, no, no. I thought it was~something else.","I know what this is. Oh, no, no. I thought it was~something else.",1250
vox_plr_1_build_pickup_7,Huh. I should probably hang on to this.,Huh. I should probably hang on to this.,1250
vox_plr_1_build_pickup_8,I used to collect buttons. Nothing serious. Just a hobby.,I used to collect buttons. Nothing serious. Just a hobby.,1250
vox_plr_1_build_pickup_9,I don't even know what this is!,I don't even know what this is!,1250
vox_plr_1_build_stm_drop_0,"Nah, I'm leaving this here. I don't even like the damn~thing.","Nah, I'm leaving this here. I don't even like this silly~thing.",1250
vox_plr_1_build_stm_final_0,I think I know what this is. It's a fucking death trap is~what-,"I think I know what this is. It's a death trap, that's~what!",1250
vox_plr_1_build_stm_pickup_0,"I should really keep this, even though I don't really want~it.","I should really keep this, even though I don't really want~it.",1250
vox_plr_1_build_stm_take_0,I don't like to use these myself. They make me kind of~queasy.,I don't like to use these myself. They make me kind of~queasy.,1250
vox_plr_1_build_sw_drop_0,I'm getting bored carrying this!,I'm getting bored carrying this!,1250
vox_plr_1_build_sw_final_0,"Is this one of your, uh, hi-fi systems or something?","Is this one of your, uh, hi-fi systems or something?",1250
vox_plr_1_build_sw_pickup_0,Maybe I should hang on to this. Just in case.,Maybe I should hang on to this. Just in case.,1250
vox_plr_1_build_sw_take_0,"Hey, maybe if I just pretend I know what it is, the others~will think I'm smart!","Hey, maybe if I just pretend I know what it is, the others~will think I'm smart!",1250
vox_plr_1_build_swap_0,"On second thought, I'll take this!","On second thought, I'll take this!",1250
vox_plr_1_build_swap_1,"Can't I have both? I mean, why do I have to choose?","Can't I have both? I mean, why do I have to choose?",1250
vox_plr_1_build_swap_2,I have to pick one?,I have to pick one?,1250
vox_plr_1_build_swap_3,I suppose I'd rather take this.,I suppose I'd rather take this.,1250
vox_plr_1_build_swap_4,I'll trade this for that.,I'll trade this for that.,1250
vox_plr_1_build_swap_5,"Uh, I think I'm gonna switch these two.","Uh, I think I'm gonna switch these two.",1250
vox_plr_1_build_swap_6,I hate making decisions. I really do.,I hate making decisions. I really do.,1250
vox_plr_1_build_swap_7,"Whoa, whoa, whoa, wait a second. I think I'd like this.","Whoa, whoa, whoa, wait a second. I think I'd like this.",1250
vox_plr_1_build_swap_8,So how am I supposed to know which one's more important?,So how am I supposed to know which one's more important?,1250
vox_plr_1_build_swap_9,I'm gonna leave this and I'll take this one instead.,I'm gonna leave this and I'll take this one instead.,1250
vox_plr_1_build_trb_drop_0,"I, uh, I think I should leave this right here.","I, uh, I think I should leave this right here.",1250
vox_plr_1_build_trb_final_0,Have I seen this before? It sure looks familiar.,Have I seen this before? It sure looks familiar.,1250
vox_plr_1_build_trb_pickup_0,"Okay, maybe this is too important to just leave laying~around.","Okay, maybe this is too important to just leave laying~around.",1250
vox_plr_1_build_trb_take_0,"Oh yeah, I remember this. It's for the, uh, air con,~right?","Oh yeah, I remember this. It's for the, uh, air con,~right?",1250
vox_plr_1_build_wrong_part_0,You mean I wasted my time hauling this over here?,You mean I wasted my time hauling this over here?,1250
vox_plr_1_build_wrong_part_1,"Don't suppose I can force it together? Nope, didn't think~so.","Don't suppose I can force it together? Nope, didn't think~so.",1250
vox_plr_1_build_wrong_part_2,So what am I supposed to do with this then?,So what am I supposed to do with this then?,1250
vox_plr_1_crawler_attack_0,Are we keeping this one alive for a reason?,Are we keeping this one alive for a reason?,1250
vox_plr_1_crawler_attack_1,"There's other ways to get my attention, you know.","There's other ways to get my attention, you know.",1250
vox_plr_1_crawler_attack_2,Someone throw this little turd a bone!,Someone throw this little turd a bone!,1250
vox_plr_1_crawler_attack_3,"You know, I'd pity you more IF YOU WEREN'T TRYING TO KILL~ME!","You know, I'd pity you more IF YOU WEREN'T TRYING TO KILL~ME!",1250
vox_plr_1_crawler_attack_4,AHH! GO BUG SOMEONE ELSE!,AHH! GO BUG SOMEONE ELSE!,1250
vox_plr_1_crawler_attack_5,"Any chance you'll just, I don't know, die on your own?","Any chance you'll just, I don't know, die on your own?",1250
vox_plr_1_crawler_attack_6,"Ah, fuck me! Don't you ever quit!",Don't you ever quit!,1250
vox_plr_1_crawler_kill_0,"Even if you'd lived, it wouldn't have been a very~fulfilling life.","Even if you'd lived, it wouldn't have been a very~fulfilling life.",1250
vox_plr_1_crawler_kill_1,I'm through giving warnings!,I'm through giving warnings!,1250
vox_plr_1_crawler_kill_2,Why am I always cleaning up other people's messes?,Why am I always cleaning up other people's messes?,1250
vox_plr_1_crawler_kill_3,Time to go!,Time to go!,1250
vox_plr_1_crawler_kill_4,"You know, no one's gonna miss ya!","You know, no one's gonna miss ya!",1250
vox_plr_1_crawler_kill_5,Don't care what you had to say! Your voice was just too~fucking annoying!,Don't care what you had to say! Your voice was just too~annoying!,1250
vox_plr_1_crawler_start_0,Something's still moving!,Something's still moving!,1250
vox_plr_1_crawler_start_1,Snap! That's the sound your fucking spine just made.,Snap! That's the sound your spine just made!,1250
vox_plr_1_crawler_start_2,"Is it dead? Is it? Ah, fuck!","Is it dead? Is it? Oh, no!",1250
vox_plr_1_crawler_start_3,Now you know what broken feels like!,Now you know what broken feels like!,1250
vox_plr_1_crawler_start_4,"Oh, are you in pain, little guy?","Oh, are you in pain, little guy?",1250
vox_plr_1_crawler_start_5,He's weak! Quick! Kill him!,He's weak! Quick! Kill him!,1250
vox_plr_1_crawler_start_6,You look confused! Don't you remember getting cut in half?,You look confused! Don't you remember getting cut in half?,1250
vox_plr_1_earn_acheivement_0,Wow! Did you see what I did? I didn't!,Wow! Did you see what I did? I didn't!,1250
vox_plr_1_earn_acheivement_1,I'm really not sure what that meant.,I'm really not sure what that meant.,1250
vox_plr_1_fall_down_hole_0,Ow! Damn it! That hurt! Someone should put a sign up~there! Ouch!,Ow! That hurt! Someone should put a sign up there! Ouch!,1250
vox_plr_1_fall_response_0,Hey! You okay down there?,Hey! You okay down there?,1250
vox_plr_1_favorite_wall_buy_0,Have you always been able to buy this from the wall? I had~no idea!,Have you always been able to buy this from the wall? I had~no idea!,1250
vox_plr_1_favorite_wall_buy_1,I ain't ever been so happy to see a six-shooter!,I ain't ever been so happy to see a six-shooter!,1250
vox_plr_1_favorite_wall_buy_2,"Oh, this is awesome! Now I don't have to fuck around with~the box!","Oh, this is awesome! Now I don't have to mess around with~the box!",1250
vox_plr_1_favorite_wall_buy_3,Sweet! Six shooters are among my all-time favorite~weapons!,Sweet! Six shooters are among my all-time favorite~weapons!,1250
vox_plr_1_favorite_wall_buy_4,I've got all I need right here in this gun.,I've got all I need right here in this gun.,1250
vox_plr_1_find_secret_0,Music soothes the savage beast? Do any of these beasts~look soothed to you? I don't think so.,Music soothes the savage beast? Do any of these beasts~look soothed to you? I don't think so.,1250
vox_plr_1_game_start_0,We came all this way to look at a big hole in the earth?,We came all this way to look at a big hole in the earth?,1250
vox_plr_1_generic_wall_buy_0,"Oh, for Christ- JUST GIVE ME A FUCKING GUN ALREADY!",Just give me a gun already!,1250
vox_plr_1_generic_wall_buy_1,The box is too much of a gamble for me. I'll make do with~this.,The box is too much of a gamble for me. I'll make do with~this.,1250
vox_plr_1_generic_wall_buy_2,Works for me!,Works for me!,1250
vox_plr_1_generic_wall_buy_3,"Sometimes, you just gotta go with what's closest at hand.","Sometimes, you just gotta go with what's closest at hand.",1250
vox_plr_1_generic_wall_buy_4,Here's my money!,Here's my money!,1250
vox_plr_1_ghost_damage_0,Ah! I thought ghosts couldn't hurt you!,Ah! I thought ghosts couldn't hurt you!,1250
vox_plr_1_ghost_damage_1,Ouch! I'm being attacked by a polter... ghost!,Ouch! I'm being attacked by a polter... ghost!,1250
vox_plr_1_ghost_damage_2,"Ah! Leave me alone, you spooky bastard! That really hurt!",Leave me alone! That really hurts!,1250
vox_plr_1_ghost_theft_0,"Hey, that's mine!","Hey, that's mine!",1250
vox_plr_1_ghost_theft_1,What? These ghosts are thieves!,What? These ghosts are thieves!,1250
vox_plr_1_ghost_theft_2,"Whoa, wait a minute. Where'd my money go?","Whoa, wait a minute. Where'd my money go?",1250
vox_plr_1_gunshop_chalk_0,"What the fuck am I supposed to do with this? Huh? Draw my~own weapons? Hey, that's not a bad idea.",I guess this is magic chalk! Wanna throw in some beans~too?,1250
vox_plr_1_heal_revived_0,"Okay, okay! I fucked up!","Okay, okay, I messed up.",1250
vox_plr_1_heal_revived_1,"Well, I guess I got myself to blame for that.","Well, I guess I got myself to blame for that.",1250
vox_plr_1_heal_revived_2,That was unfortunate. Especially the part where I needed~help.,That was unfortunate. Especially the part where I needed~help.,1250
vox_plr_1_heal_revived_3,"I am eternally grateful! For the next few seconds, anyway.","I am eternally grateful! For the next few seconds, anyway.",1250
vox_plr_1_heal_revived_4,I don't want to talk about it. Not now. Not ever.,I don't want to talk about it. Not now. Not ever.,1250
vox_plr_1_hr_resp_surrounded_0,"Aw, what happened, Russman?","Aw, what happened, Russman?",1250
vox_plr_1_in_maze_0,"Ugh, a maze? Great. I fucking hate mazes!",A maze? Great! I absolutely hate mazes!,1250
vox_plr_1_in_maze_1,"Hey, this looks like a real good place to get ambushed!","Hey, this looks like a real good place to get ambushed!",1250
vox_plr_1_in_maze_2,"Left, right, left, right. I don't have a route in mind~here. I'm just concentrating on walking.","Left, right, left, right. I don't have a route in mind~here. I'm just concentrating on walking.",1250
vox_plr_1_in_maze_3,Hmm. Wonder if there's a little food court in the middle.,Hmm. Wonder if there's a little food court in the middle.,1250
vox_plr_1_invisible_collision_0,Ow! What the hell was that?,Ow! What on earth was that?,1250
vox_plr_1_invisible_collision_1,"Ah, dammit! I just banged my stupid head on a stupid~invisible wall!",What? I just banged my stupid head on a stupid invisible~wall.,1250
vox_plr_1_kill_close_0,Whoa! You was right on my ass!,Whoa! You was right on my rear!,1250
vox_plr_1_kill_close_1,"It was me or you, pal? Easy question if you ask me.","It was me or you, pal? Easy question if you ask me.",1250
vox_plr_1_kill_close_2,"I can handle myself, believe me!","I can handle myself, believe me!",1250
vox_plr_1_kill_close_3,"You smell a whole lot fucking better when you've been~heated up a little, pal!","You smell a whole lot better when you've been heated up a~little, pal.",1250
vox_plr_1_kill_close_4,"Aw, you ain't pushing me around!","Aw, you ain't pushing me around!",1250
vox_plr_1_kill_close_5,"Woo! That was a close one, all right!","Woo! That was a close one, all right!",1250
vox_plr_1_kill_close_6,"Oh, didn't you know? I WILL FUCK YOU UP!","Oh, didn't you know? I WILL MESS YOU UP!",1250
vox_plr_1_kill_damaged_0,"You scratch my back, I'll fucking snap yours!","You scratch my back, I'll snap yours!",1250
vox_plr_1_kill_damaged_1,You don't exactly act like you want help!,You don't exactly act like you want help!,1250
vox_plr_1_kill_damaged_2,Whose vengeance is it? MINE!,Whose vengeance is it? MINE!,1250
vox_plr_1_kill_damaged_3,GOT MY WAR FACE ON NOW!,GOT MY WAR FACE ON NOW!,1250
vox_plr_1_kill_damaged_4,What? You think there wouldn't be consequences?,What? You think there wouldn't be consequences?,1250
vox_plr_1_kill_damaged_5,Don't try and get all up in my face.,Don't try and get all up in my face.,1250
vox_plr_1_kill_damaged_6,"You asked for it, I delivered.","You asked for it, I delivered.",1250
vox_plr_1_kill_damaged_7,"Nobody's gonna miss ya, especially not me!","Nobody's gonna miss ya, especially not me!",1250
vox_plr_1_kill_damaged_8,"Oh, don't even try biting me! I got a bigger appetite than~you!","Oh, don't even try biting me! I got a bigger appetite than~you!",1250
vox_plr_1_kill_damaged_9,No one likes a sore loser!,No one likes a sore loser!,1250
vox_plr_1_kill_headchopper_0,I wonder why they call this the Head Chopper.,I wonder why they call this the Head Chopper.,1250
vox_plr_1_kill_headchopper_1,How's that for a chopped salad? Obviously it's not~vegetarian.,How's that for a chopped salad? Obviously it's not~vegetarian.,1250
vox_plr_1_kill_headchopper_2,Hey! You might wanna mind your head! Nope! Too late!,Hey! You might wanna mind your head! Nope! Too late!,1250
vox_plr_1_kill_headchopper_3,"You know the saying, don't lose your head? Could have~saved your life if you'd listened.","You know the saying, don't lose your head? Could have~saved your life if you'd listened.",1250
vox_plr_1_kill_headchopper_4,"Your heads are like big, ugly meatballs! Yum!","Your heads are like big, ugly meatballs! Yum!",1250
vox_plr_1_kill_headshot_0,Wow! I can't believe I made that shot!,Wow! I can't believe I made that shot!,1250
vox_plr_1_kill_headshot_1,That's enough from you today!,That's enough from you today!,1250
vox_plr_1_kill_headshot_10,I'm gonna remember that one!,I'm gonna remember that one!,1250
vox_plr_1_kill_headshot_11,That's gonna leave a mark!,That's gonna leave a mark!,1250
vox_plr_1_kill_headshot_12,You can't tell me you saw that one coming!,You can't tell me you saw that one coming!,1250
vox_plr_1_kill_headshot_2,"Ooh, that one had your name on it!","Ooh, that one had your name on it!",1250
vox_plr_1_kill_headshot_3,"How's that for a headshot, baby?","How's that for a headshot, baby?",1250
vox_plr_1_kill_headshot_4,Why don't you just lie down over there? There you go.,Why don't you just lie down over there? There you go.,1250
vox_plr_1_kill_headshot_5,"Word to the wise, you should have worn a fucking helmet!","Word to the wise, you shoulda worn a helmet!",1250
vox_plr_1_kill_headshot_6,"No cigar, buddy! Not even close!","No cigar, buddy! Not even close!",1250
vox_plr_1_kill_headshot_7,"Well, THAT was pretty damn efficient!","Well, that was pretty efficient.",1250
vox_plr_1_kill_headshot_8,"Two heads are better than one. Sadly, you are too short.","Two heads are better than one. Sadly, you are too short.",1250
vox_plr_1_kill_headshot_9,I CAN'T HEAR YOU!,I CAN'T HEAR YOU!,1250
vox_plr_1_kill_insta_0,"You get it? Yeah, I think you get it.","You get it? Yeah, I think you get it.",1250
vox_plr_1_kill_insta_1,I got the goods right here!,I got the goods right here!,1250
vox_plr_1_kill_insta_2,No second chances! Not anymore!,No second chances! Not anymore!,1250
vox_plr_1_kill_insta_3,"Oh, when you see me coming, you ought to run!","Oh, when you see me coming, you ought to run!",1250
vox_plr_1_kill_insta_4,Slap that look off your face! It's an improvement.,Slap that look off your face! It's an improvement.,1250
vox_plr_1_kill_insta_5,Watch out! Don't want anyone slipping on all that...~stuff!,Watch out! Don't want anyone slipping on all that...~stuff!,1250
vox_plr_1_kill_insta_6,"Oh, don't you know? I GOT FUCKING POWERS, MAN!","Oh, don't you know? I GOT FUCKING POWERS, MAN!",1250
vox_plr_1_kill_insta_7,"Oh, don't fuck with me! I'm a desperate man!",Don't you mess with me! I am a desperate man!,1250
vox_plr_1_kill_limb_0,I'll take you down one limb at a time if I have to!,I'll take you down one limb at a time if I have to!,1250
vox_plr_1_kill_limb_1,"Oh, how can you not notice your arm being shot off?","Oh, how can you not notice your arm being shot off?",1250
vox_plr_1_kill_limb_2,"Hey, you've still got one arm left. How many do you need,~right?","Hey, you've still got one arm left. How many do you need,~right?",1250
vox_plr_1_kill_limb_3,"I'm guessing that wasn't enough to make you bleed out,~huh?","I'm guessing that wasn't enough to make you bleed out,~huh?",1250
vox_plr_1_kill_limb_4,"Really can't be much fun for you, having bits shot off~like that.","Really can't be much fun for you, having bits shot off~like that.",1250
vox_plr_1_kill_monkey_0,"Thanks, Monkey! You did good!","Thanks, Monkey! You did good!",1250
vox_plr_1_kill_monkey_1,"Got a little too close to my monkey, didn't ya?","Got a little too close to my monkey, didn't ya?",1250
vox_plr_1_kill_monkey_2,"I'm gonna miss you, little monkey.","I'm gonna miss you, little monkey.",1250
vox_plr_1_kill_monkey_3,And that's what we call Monkey Mayhem!,And that's what we call Monkey Mayhem!,1250
vox_plr_1_kill_monkey_4,I'm glad that monkey finally shut up. That tune was~driving me nuts!,I'm glad that monkey finally shut up. That tune was~driving me nuts!,1250
vox_plr_1_kill_paralyzer_0,What's the matter? Cat got your feet?,What's the matter? Cat got your feet?,1250
vox_plr_1_kill_paralyzer_1,"Not too fast now, are ya?","Not too fast now, are ya?",1250
vox_plr_1_kill_paralyzer_2,"Kinda feels like molasses, don't it?","Kinda feels like molasses, don't it?",1250
vox_plr_1_kill_paralyzer_3,"Whoa, whoa, whoa, hold tight! I'll kill you in a minute.","Whoa, whoa, whoa, hold tight! I'll kill you in a minute.",1250
vox_plr_1_kill_paralyzer_4,Ain't no point trying to wriggle free! I got you locked~down!,Ain't no point trying to wriggle free! I got you locked~down!,1250
vox_plr_1_kill_ray_0,Woo-hoo-hoo-hoo! This is fun while it lasts!,Woo-hoo-hoo-hoo! This is fun while it lasts!,1250
vox_plr_1_kill_ray_1,Ain't you burning in hell already?,Ain't you burning already?,1250
vox_plr_1_kill_ray_2,Don't you see what I got here?,Don't you see what I got here?,1250
vox_plr_1_kill_ray_3,Woo! You smell good when you're cooking!,Woo! You smell good when you're cooking!,1250
vox_plr_1_kill_ray_4,"Zing! That's me making that sound, not the gun. FYI.","Zing! That's me making that sound, not the gun. FYI.",1250
vox_plr_1_kill_ray_5,"Whatcha gonna do now, huh?","Whatcha gonna do now, huh?",1250
vox_plr_1_kill_ray_6,"Oh, wait. Do I smell bacon?","Oh, wait. Do I smell bacon?",1250
vox_plr_1_kill_raymk2_0,"Hey, hey! This really is an improvement on the original!","Hey, hey! This really is an improvement on the original!",1250
vox_plr_1_kill_raymk2_1,"You goofbags are among the first to experience dying from~this. Pretty cool, huh?","You goofbags are among the first to experience dying from~this. Pretty cool, huh?",1250
vox_plr_1_kill_raymk2_2,"Man, you cook so quickly. Smell so good.","Man, you cook so quickly. Smell so good.",1250
vox_plr_1_kill_raymk2_3,I suppose science is okay for some things. Weapons mainly.,I suppose science is okay for some things. Weapons mainly.,1250
vox_plr_1_kill_raymk2_4,"Oh, I can't even begin to tell you how much I like this~new Ray Gun!","Oh, I can't even begin to tell you how much I like this~new Ray Gun!",1250
vox_plr_1_kill_six_shooter_0,I'm the fastest gun there is!,I'm the fastest gun there is!,1250
vox_plr_1_kill_six_shooter_1,You see how good I am at this?,You see how good I am at this?,1250
vox_plr_1_kill_six_shooter_2,Why is it that all the fun things in life make your arm~tired?,Why is it that all the fun things in life make your arm~tired?,1250
vox_plr_1_kill_six_shooter_3,Don't let the fact that I don't have a hat confuse you.~I'm still a cowboy at heart!,Don't let the fact that I don't have a hat confuse you.~I'm still a cowboy at heart!,1250
vox_plr_1_kill_six_shooter_4,You freaks are no match for my trusty little six-shooter!~Pew-pew!,You freaks are no match for my trusty little six-shooter!~Pew-pew!,1250
vox_plr_1_kill_streak_0,I'M GONNA PRETEND I CAN'T HEAR YOUR TORMENTED SCREAMS!,I'M GONNA PRETEND I CAN'T HEAR YOUR TORMENTED SCREAMS!,1250
vox_plr_1_kill_streak_1,I'm just trying to end this for all of us!,I'm just trying to end this for all of us!,1250
vox_plr_1_kill_streak_10,I AM THE FUCKING MASTER!,I AM THE MASTER!,1250
vox_plr_1_kill_streak_11,"Hey, just because I ain't keeping count, don't mean I suck~at math!","Hey, just because I ain't keeping count, don't mean I suck~at math!",1250
vox_plr_1_kill_streak_12,That's it! Just keep sticking your goofy heads out!,That's it! Just keep sticking your goofy heads out!,1250
vox_plr_1_kill_streak_13,"I know, I know. I got a lot of issues to work through.","I know, I know. I got a lot of issues to work through.",1250
vox_plr_1_kill_streak_14,I am kicking ass and taking names! What'd you say yours~was?,I am kicking butt and taking names! What'd you say yours~was?,1250
vox_plr_1_kill_streak_15,"WHO'S NEXT?! Seriously, put up your hand, I can't choose!","WHO'S NEXT?! Seriously, put up your hand, I can't choose!",1250
vox_plr_1_kill_streak_16,"A wise man once said something about the- Ah, fuck, it's~gone now!","A wise man once said something about the- Ah, no, it's~gone now.",1250
vox_plr_1_kill_streak_2,I feel really uncomfortable with all this killing!~Honestly!,I feel really uncomfortable with all this killing!~Honestly!,1250
vox_plr_1_kill_streak_3,"When I got up this morning, I had no idea I'd be this~badass.","When I got up this morning, I had no idea I'd be this bad.",1250
vox_plr_1_kill_streak_4,You all met your end! Your ass end!,YOU ALL MET YOUR END! YOUR CRASS END!,1250
vox_plr_1_kill_streak_5,"For a big group, you didn't really fare all that well, did~you, huh?","For a big group, you didn't really fare all that well, did~you, huh?",1250
vox_plr_1_kill_streak_6,There's no other way this was gonna end for you!,There's no other way this was gonna end for you!,1250
vox_plr_1_kill_streak_7,"This is how you get shit done! Hope you're taking notes,~Misty!","This is how you get stuff done. Hope you're taking notes,~Misty!",1250
vox_plr_1_kill_streak_8,You're dead! Again! Again!,You're dead! Again! Again!,1250
vox_plr_1_kill_streak_9,"Hey, don't panic! I won't tell your pals how much you~suck!","Hey, don't panic! I won't tell your pals how much you~suck!",1250
vox_plr_1_kill_subwoofer_0,Be thankful it wasn't in stereo!,Be thankful it wasn't in stereo!,1250
vox_plr_1_kill_subwoofer_1,I'm bowling a perfect game here!,I'm bowling a perfect game here!,1250
vox_plr_1_kill_subwoofer_2,That was a particularly nasty fall!,That was a particularly nasty fall!,1250
vox_plr_1_kill_subwoofer_3,Anyone watching this? It's fun watching them get blown~around like ragdolls!,Anyone watching this? It's fun watching them get blown~around like ragdolls!,1250
vox_plr_1_kill_subwoofer_4,"Oh, what's the matter? You tired? You need to lie down,~huh?","Oh, what's the matter? You tired? You need to lie down,~huh?",1250
vox_plr_1_money_drop_0,"Well, there goes early retirement.","Well, there goes early retirement.",1250
vox_plr_1_money_drop_1,"What? Money don't go very far around here, you know.","What? Money don't go very far around here, you know.",1250
vox_plr_1_money_drop_2,"Next time, just give me a blank check.","Next time, just give me a blank check.",1250
vox_plr_1_nomoney_generic_0,You're telling me my credit's no good?,You're telling me my credit's no good?,1250
vox_plr_1_nomoney_generic_1,"Oh, come on, won't you take pity on the poor?","Oh, come on, won't you take pity on the poor?",1250
vox_plr_1_nomoney_generic_2,I ain't paying for something that should be free!,I ain't paying for something that should be free!,1250
vox_plr_1_nomoney_generic_3,"How much? Oh, you gotta be fucking kidding me!","How much? Oh, you gotta be kidding me!",1250
vox_plr_1_nomoney_generic_4,This makes about as much sense as chocolate pants!,This makes about as much sense as chocolate pants!,1250
vox_plr_1_oh_shit_0,"You ain't touching me with a shitty stick! You don't have~one, do you?","You ain't touching me with a stick! You don't have one, do~you?",1250
vox_plr_1_oh_shit_1,"Trying to back me into a corner, ain't ya?","Trying to back me into a corner, ain't ya?",1250
vox_plr_1_oh_shit_10,"If you really want to talk to me, can't we do it over the~phone?","If you really want to talk to me, can't we do it over the~phone?",1250
vox_plr_1_oh_shit_11,Can't we negotiate a peaceful solution?,Can't we negotiate a peaceful solution?,1250
vox_plr_1_oh_shit_12,"Nobody told me it was gonna be easy, but they never said~it was gonna be this hard!","Nobody told me it was gonna be easy, but they never said~it was gonna be this hard!",1250
vox_plr_1_oh_shit_13,"Okay, let me think this through. All right. I have no idea~what to do!","Okay, let me think this through. All right. I have no idea~what to do!",1250
vox_plr_1_oh_shit_14,Can this day get any worse?,Can this day get any worse?,1250
vox_plr_1_oh_shit_15,"So, you're not gonna back down.","So, you're not gonna back down.",1250
vox_plr_1_oh_shit_16,"Go bother someone else! How about that little bitch,~Marlton?","Don't bother someone else! How about that little punk,~Marlton?",1250
vox_plr_1_oh_shit_2,Shoo! Shoo! Nope. Didn't work.,Shoo! Shoo! Nope. Didn't work.,1250
vox_plr_1_oh_shit_3,Stop giving me lemons! I don't even like lemonade!,Stop giving me lemons! I don't even like lemonade!,1250
vox_plr_1_oh_shit_4,"You planned this, didn't ya?","You planned this, didn't ya?",1250
vox_plr_1_oh_shit_5,Looks like I've bitten off more than I can chew!,Looks like I've bitten off more than I can chew!,1250
vox_plr_1_oh_shit_6,Somebody! Anybody! Help me!,Somebody! Anybody! Help me!,1250
vox_plr_1_oh_shit_7,Don't see an easy way out of this one!,Don't see an easy way out of this one!,1250
vox_plr_1_oh_shit_8,"I won't warn you again! Okay, maybe one more time!","I won't warn you again! Okay, maybe one more time!",1250
vox_plr_1_oh_shit_9,Anyone gonna step in here?,Anyone gonna step in here?,1250
vox_plr_1_pap_arm_0,"Looks good, but I can't help wishing I had a pack-a-lunch~machine.","Looks good, but I can't help wishing I had a pack-a-lunch~machine.",1250
vox_plr_1_pap_arm_1,"Oh, fuck me! That looks awesome.",Wow! That looks awesome!,1250
vox_plr_1_pap_arm_2,"Oh, it's better. So much better. It's even stopped burning~when I pee. Oh, look! My new gun!","Oh, it's better. So much better. It's even stopped burning~when I pee. Oh, look! My new gun!",1250
vox_plr_1_pap_arm_3,"So, these improvements will make it better, right?","So, these improvements will make it better, right?",1250
vox_plr_1_pap_arm_4,"Hey, if I brought you a car, could you soup that up too?","Hey, if I brought you a car, could you soup that up too?",1250
vox_plr_1_pap_arm2_0,"It's amazing! It's got, like, new colors and everything!","It's amazing! It's got, like, new colors and everything!",1250
vox_plr_1_pap_arm2_1,I now have all I need to raise a fucking shitstorm!,I now have all I need to create chaos!,1250
vox_plr_1_pap_arm2_2,"If I had this from the start, it'd be a whole different~story right now. I'd probably be out of ammo.","If I had this from the start, it'd be a whole different~story right now. I'd probably be out of ammo.",1250
vox_plr_1_pap_arm2_3,"Excuse me, is there a limit to how many times I can stick~it in? Oh, good grief, Samuel. Why do you even open your|mouth?","Excuse me, is there a limit to how many times I can stick~it in? Oh, good grief, Samuel. Why do you even open your|mouth?",1250
vox_plr_1_pap_arm2_4,"Hey everybody! Did you see what I got? Bet you're all~jealous, huh?","Hey everybody! Did you see what I got? Bet you're all~jealous, huh?",1250
vox_plr_1_pap_wait_0,So why doesn't my German pal just make all this shit free?,So why doesn't my German pal just make all this stuff~free?,1250
vox_plr_1_pap_wait_1,"Hey, what happens if I try to pull it out before it's~over? Would that be bad?","Hey, what happens if I try to pull it out before it's~over? Would that be bad?",1250
vox_plr_1_pap_wait_2,I'm beginning to think the others are planning something.~What if they're planning to kill me?,I'm beginning to think the others are planning something.~What if they're planning to kill me?,1250
vox_plr_1_pap_wait_3,Maybe one day me and the German can have a beer. He sounds~like a fun guy.,Maybe one day me and the German can have a beer. He sounds~like a fun guy.,1250
vox_plr_1_pap_wait_4,I put it in. What else do I have to do? Wiggle it around a~bit?,I put it in. What else do I have to do? Wiggle it around a~bit?,1250
vox_plr_1_pap_wait2_0,Maybe time will go by faster if I whistle a little bit.~Nope.,Maybe time will go by faster if I whistle a little bit.~Nope.,1250
vox_plr_1_pap_wait2_1,"Ugh, standing around like this makes me hungry. I wonder~if there's anyone to eat around here. Anything.","Ugh, standing around like this makes me hungry. I wonder~if there's anyone to eat around here. Anything.",1250
vox_plr_1_pap_wait2_2,Does it take this long for everyone else?,Does it take this long for everyone else?,1250
vox_plr_1_pap_wait2_3,"You know, I just realized something. I don't even know the~German guy's name.","You know, I just realized something. I don't even know the~German guy's name.",1250
vox_plr_1_pap_wait2_4,How come this machine seems to follow us wherever we go?,How come this machine seems to follow us wherever we go?,1250
vox_plr_1_perk_doubletap_0,Root beer? Tastes more like foot beer to me.,Root beer? Tastes more like foot beer to me.,1250
vox_plr_1_perk_jugga_0,I'll try anything if it helps me stay alive.,I'll try anything if it helps me stay alive.,1250
vox_plr_1_perk_mule_0,"So, uh, in what ways does this drink make me mule-like?~Oh, it lets me carry more weapons. I was way off.","So, uh, in what ways does this drink make me mule-like?~Oh, it lets me carry more weapons. I was way off.",1250
vox_plr_1_perk_revive_0,"A little pick-me-up? Sure, why not? I think I answered my~own question.","A little pick-me-up? Sure, why not? I think I answered my~own question.",1250
vox_plr_1_perk_speed_0,I think I'm getting a sugar rush!,I think I'm getting a sugar rush!,1250
vox_plr_1_perk_stamine_0,What's the bottle say? Maximize your performance. Hmm. I~wonder. Yep.,What's the bottle say? Maximize your performance. Hmm. I~wonder. Yep.,1250
vox_plr_1_perk_vulture_0,My eyes could do with a little tune-up. I got a lot of~dirt in them before.,My eyes could do with a little tune-up. I got a lot of~dirt in them before.,1250
vox_plr_1_pickup_bomb_0,What? I- I don't even know what this is!,What? I- I don't even know what this is!,1250
vox_plr_1_pickup_bomb_1,"Nah, ain't much use to me if it don't come with~instructions.","Nah, ain't much use to me if it don't come with~instructions.",1250
vox_plr_1_pickup_bomb_2,"Eh, maybe I'll give this a shot. Hey, what's the worst~that could happen?","Eh, maybe I'll give this a shot. Hey, what's the worst~that could happen?",1250
vox_plr_1_pickup_booze_0,Maybe I'll need this to calm my nerves. Yeah.,Maybe I'll need this to calm my nerves. Yeah.,1250
vox_plr_1_pickup_booze_1,I wonder who left this perfectly good booze here anyway?,I wonder who left this perfectly good booze here anyway?,1250
vox_plr_1_pickup_booze_2,"Not my brand, but I won't say no to a bottle of pretty~much anything.","Not my brand, but I won't say no to a bottle of pretty~much anything.",1250
vox_plr_1_pickup_candy_0,Hey! I found some candy! Sweet!,Hey! I found some candy! Sweet!,1250
vox_plr_1_pickup_candy_1,"You know, candy stays good forever. Oh yeah, it's like 95%~preservatives.","You know, candy stays good forever. Oh yeah, it's like 95%~preservatives.",1250
vox_plr_1_pickup_candy_2,Maybe I'll lick it every now and then. Just for some~flavor.,Maybe I'll lick it every now and then. Just for some~flavor.,1250
vox_plr_1_pickup_key_0,Hey! Anyone! Know what this key's for?,Hey! Anyone! Know what this key's for?,1250
vox_plr_1_pickup_key_1,This key's probably important.,This key's probably important.,1250
vox_plr_1_pickup_key_2,I'll use this! Soon as I can find the right hole!,I'll use this! Soon as I can find the right hole!,1250
vox_plr_1_pickup_raymk2_0,"It's exactly like the other one, but totally different.","It's exactly like the other one, but totally different.",1250
vox_plr_1_pickup_raymk2_1,I don't get it. Is it Ray's or Mark's?,I don't get it. Is it Ray's or Mark's?,1250
vox_plr_1_pickup_raymk2_2,Mark II? What is this like a sequel to the original Ray~Gun?,Mark II? What is this like a sequel to the original Ray~Gun?,1250
vox_plr_1_pickup_raymk2_3,This looks so awesome! I'm almost jealous of myself!,This looks so awesome! I'm almost jealous of myself!,1250
vox_plr_1_pickup_raymk2_4,"Bigger isn't always better, you know. I had the biggest~meal of my life last night. Paid for it this morning.","Bigger isn't always better, you know. I had the biggest~meal of my life last night. Paid for it this morning.",1250
vox_plr_1_pickup_six_shooter_0,"Oh, awesome! I always wanted to be a cowboy!","Oh, awesome! I always wanted to be a cowboy!",1250
vox_plr_1_pickup_six_shooter_1,Looks like time for some darn tootin' sick shootin'!,Something about the manual action makes this a whole lot~more satisfying.,1250
vox_plr_1_pickup_six_shooter_2,I think it is! I think this might just be my new favorite!,I think it is! I think this might just be my new favorite!,1250
vox_plr_1_place_hc_0,I'm gonna put this right here so the real fun can start.,I'm gonna put this right here so the real fun can start.,1250
vox_plr_1_place_sw_0,Let's see what this thing can do.,Let's see what this thing can do.,1250
vox_plr_1_place_ts_0,"Everyone, watch your step! I'm putting the trample steam~right here!","Everyone, watch your step! I'm putting the trample steam~right here!",1250
vox_plr_1_place_turbine_0,Oh! I'm gonna put this turbine right here!,Oh! I'm gonna put this turbine right here!,1250
vox_plr_1_plan_generic_0,"Hey! Everyone listen to me, okay? I think I know what we~have to do!","Hey! Everyone listen to me, okay? I think I know what we~have to do!",1250
vox_plr_1_plan_generic_1,"You know that voice I keep hearing? I really think he's~trying to help us, you know?","You know that voice I keep hearing? I really think he's~trying to help us, you know?",1250
vox_plr_1_plan_generic_2,"Look, I know it sounds crazy, but he's given me real good~hints about what we need to do.","Look, I know it sounds crazy, but he's given me real good~hints about what we need to do.",1250
vox_plr_1_plan_generic_3,Don't you guys want to hear my idea? It's pretty good.~Honestly!,Don't you guys want to hear my idea? It's pretty good.~Honestly!,1250
vox_plr_1_power_on_0,"Honestly, these places are never wired right. Power's on~now!","Honestly, these places are never wired right. Power's on~now!",1250
vox_plr_1_power_on_1,"Frankly, I'm kind of surprised this whole place even has~electricity.","Frankly, I'm kind of surprised this whole place even has~electricity.",1250
vox_plr_1_powerup_ammo_0,"Oh, the ammunition overlords bless us with their gifts!","Oh, the ammunition overlords bless us with their gifts!",1250
vox_plr_1_powerup_ammo_1,WHY'D YOU MAKE US WAIT SO LONG?!,WHY'D YOU MAKE US WAIT SO LONG?!,1250
vox_plr_1_powerup_ammo_2,"Oh, free ammo is just about as good as it gets, huh?","Oh, free ammo is just about as good as it gets, huh?",1250
vox_plr_1_powerup_ammo_3,"Woo-hoo! We hit the jackpot! Or should I say ammo pot?~Nah, I probably shouldn't.","Woo-hoo! We hit the jackpot! Or should I say ammo pot?~Nah, I probably shouldn't.",1250
vox_plr_1_powerup_carp_0,"Go to work, you magic invisible hands!","Go to work, you magic invisible hands!",1250
vox_plr_1_powerup_carp_1,"Wow, this could really shift the odds in our favor. For~about two fucking seconds.","Wow, this could really shift the odds in our favor. For~about two seconds.",1250
vox_plr_1_powerup_carp_2,"Hey, if there's a hammer and nails floating around, can't~we use it on the freaks?","Hey, if there's a hammer and nails floating around, can't~we use it on the freaks?",1250
vox_plr_1_powerup_double_0,Double points! Ha! What does that do?,Double points! Ha! What does that do?,1250
vox_plr_1_powerup_double_1,"We play this right, we'll all be sitting on big piles. Of~cash.","We play this right, we'll all be sitting on big piles. Of~cash.",1250
vox_plr_1_powerup_double_2,Let's go make some money!,Let's go make some money!,1250
vox_plr_1_powerup_double_3,"Uh, just how much more is double?","Uh, just how much more is double?",1250
vox_plr_1_powerup_firesale_0,"Hey, good news! We can grab weapons without getting~stiffed!","Hey, good news! We can grab weapons without getting~stiffed!",1250
vox_plr_1_powerup_firesale_1,Let's go grab us some real bargains!,Let's go grab us some real bargains!,1250
vox_plr_1_powerup_firesale_2,Free stuff! I love free stuff! It's one of my most~favoritest things!,Free stuff! I love free stuff! It's one of my most~favoritest things!,1250
vox_plr_1_powerup_insta_0,"Oh, I'm ready to go ten rounds! Four, at least.","Oh, I'm ready to go ten rounds! Four, at least.",1250
vox_plr_1_powerup_insta_1,Sometimes you gotta fight dirty. Real dirty.,Sometimes you gotta fight dirty. Real dirty.,1250
vox_plr_1_powerup_insta_2,My hands should be registered as deadly weapons!,My hands should be registered as deadly weapons!,1250
vox_plr_1_powerup_insta_3,We're unstoppable when we got this going on!,We're unstoppable when we got this going on!,1250
vox_plr_1_powerup_insta_4,It'll be like taking candy from a baby! Except these guys~don't have moms that'll chase after ya!,It'll be like taking candy from a baby! Except these guys~don't have moms that'll chase after ya!,1250
vox_plr_1_powerup_nuke_0,"Last time I heard something like that, it came from~Russman.","Last time I heard something like that, it came from~Russman.",1250
vox_plr_1_powerup_nuke_1,"Oh, they all got lit up!","Oh, they all got lit up!",1250
vox_plr_1_powerup_nuke_2,You all die now! Right now! This moment! Whenever you're~ready!,You all die now! Right now! This moment! Whenever you're~ready!,1250
vox_plr_1_powerup_nuke_3,I think that worked out about as well as could be~expected.,I think that worked out about as well as could be~expected.,1250
vox_plr_1_react_stink_0,I smell like one of them now!,I smell like one of them now!,1250
vox_plr_1_react_stink_1,"Something around here stinks. Oh wait, I think it's me.","Something around here stinks. Oh wait, I think it's me.",1250
vox_plr_1_react_stink_2,I hope this rotten smell fades away soon.,I hope this rotten smell fades away soon.,1250
vox_plr_1_react_stink_3,"Hey, whoever smelt it dealt it!","Hey, whoever smelt it dealt it!",1250
vox_plr_1_rebuild_boards_0,"If in doubt, board up some windows.","If in doubt, board up some windows.",1250
vox_plr_1_rebuild_boards_1,How come Misty ain't doing this? Don't it count as~housework?,How come Misty ain't doing this? Don't it count as~housework?,1250
vox_plr_1_respond_ghost_0,"Oh, not more voices! I got enough going on with the~German!","Oh, not more voices! I got enough going on with the~German!",1250
vox_plr_1_respond_ghost_1,I-I-I saw it! I-I-I actually saw it!,I-I-I saw it! I-I-I actually saw it!,1250
vox_plr_1_respond_richtofen_0,"What? Oh no, not again!","What? Oh no, not again!",1250
vox_plr_1_respond_richtofen_1,"Uh, not really. Me and Russman are buddies, but, uh, I~hate that girl with a passion.","Uh, not really. Me and Russman are buddies, but, uh, I~hate that girl with a passion.",1250
vox_plr_1_respond_richtofen_2,"So, no pressure then?","So, no pressure then?",1250
vox_plr_1_respond_richtofen_3,"Ugh, can't you just show me? Why do you always have to be~so fucking cryptic, huh?","Ugh, can't you just show me? Why do you always have to be~so cryptic?",1250
vox_plr_1_response_stink_0,"Oh, man! Have you been rolling in dog shit or something?","Oh, man! What, have you been rolling in dog dew or~something?",1250
vox_plr_1_response_stink_1,"Hey, look! They're backing off!","Hey, look! They're backing off!",1250
vox_plr_1_riv_resp_kill_headshot_0,"Just when I think you can't be any more awesome, Russman,~you go and do that!","Just when I think you can't be any more awesome, Russman,~you go and do that!",1250
vox_plr_1_riv_resp_kill_headshot_1,"He never stood a chance, did he, Russ?","He never stood a chance, did he, Russ?",1250
vox_plr_1_sidequest_zmba_start_2_0,What? Oh no! Not again!,What? Oh no! Not again!,1250
vox_plr_1_sidequest_zmba_start_4_0,"Ah, not really. Me and Russman are buddies, but I hate~that girl with a passion.","Ah, not really. Me and Russman are buddies, but I hate~that girl with a passion.",1250
vox_plr_1_sidequest_zmba_start_7_0,"So, uh, no pressure then?","So, uh, no pressure then?",1250
vox_plr_1_sloth_1st_bottle_0,"You want the bottle? Huh? Nice, pretty bottle?","You want the bottle? Huh? Nice, pretty bottle?",1250
vox_plr_1_sloth_clears_path_0,"Hey! You broke some shit! Way to go, fella!","Hey, you broke some stuff. Way to go, fella.",1250
vox_plr_1_sloth_crawler_0,Can't that big goon do something about these stumpy little~bastards?,Can't that big goon do something about these stumpy little~critters?,1250
vox_plr_1_sloth_crawler_1,Where's the giant? He knows how to deal with the~half-pints!,Where's the giant? He knows how to deal with the~half-pints!,1250
vox_plr_1_sloth_crawler_2,"Aw, you little freaks will be in trouble when our friend~shows up!","Aw, you little freaks will be in trouble when our friend~shows up!",1250
vox_plr_1_sloth_encounter_0,"Hey, big fella! You're not one of the undead, are ya?","Hey, big fella! You're not one of the undead, are ya?",1250
vox_plr_1_sloth_encounter_1,"A quick question. If we let him out, can we be sure he~won't just rip our limbs off?","A quick question. If we let him out, can we be sure he~won't just rip our limbs off?",1250
vox_plr_1_sloth_generic_feed_0,"Hey, you want to be careful what you put in your body,~pal. Believe me, I know.","Hey, you want to be careful what you put in your body,~pal. Believe me, I know.",1250
vox_plr_1_sloth_generic_feed_1,Hope you know not to bite the hand that feeds ya!,Hope you know not to bite the hand that feeds ya!,1250
vox_plr_1_sloth_generic_feed_2,"This is what you want, isn't it?","This is what you want, isn't it?",1250
vox_plr_1_sloth_generic_feed_3,"If I give you this, you'll help us out, right?","If I give you this, you'll help us out, right?",1250
vox_plr_1_sloth_retreat_cell_0,He's running like he missed the bus!,He's running like he missed the bus!,1250
vox_plr_1_sloth_run_0,Whoa! That go right through him or something?,Whoa! That go right through him or something?,1250
vox_plr_1_sloth_unlocked_0,"Uh, if a guy that big is scared, what does that tell you?","Uh, if a guy that big is scared, what does that tell you?",1250
vox_plr_1_stay_topside_0,What are all these huge machines? Do they serve some grand~purpose?,What are all these huge machines? Do they serve some grand~purpose?,1250
vox_plr_1_stuhlinger_2nd_possession_1_0,Hey! Hey! What's going on?,Hey! Hey! What's going on?,5000
vox_plr_1_stuhlinger_2nd_possession_4_0,"For you, maybe. For me, it's just a big bowl of fucking~sock.","For you, maybe. For me, it's just a big bowl of sock.",5000
vox_plr_1_stuhlinger_madness_0,"Yup, I think we just fucked ourselves big time.","Yup, I think we just messed ourselves up big time.",1250
vox_plr_1_throw_bomb_0,"Everyone get down! Up! Nah, wait. False alarm.","Everyone get down! Up! Nah, wait. False alarm.",1250
vox_plr_1_throw_bomb_1,I think the box sold me a dud!,I think the box sold me a dud!,1250
vox_plr_1_throw_bomb_2,"Well, that was a big fat pile of poop wipes.","Well, that was a big fat pile of poop wipes.",1250
vox_plr_1_wall_withdrawl_0,"Huh, I almost forgot this was here!","Huh, I almost forgot this was here!",1250
vox_plr_1_wall_withdrawl_1,I knew it was an awesome idea of mine to leave this here!,I knew it was an awesome idea of mine to leave this here!,1250
vox_plr_1_wall_withdrawl_2,I'm gonna need this! Things are getting tough out there!,I'm gonna need this! Things are getting tough out there!,1250
vox_plr_1_weapon_storage_0,This better still be here when I come back!,This better still be here when I come back!,1250
vox_plr_1_weapon_storage_1,"Oh, this looks as good a place as any to put this.","Oh, this looks as good a place as any to put this.",1250
vox_plr_1_weapon_storage_2,"If I get in a jam, at least I know this will be waiting~for me.","If I get in a jam, at least I know this will be waiting~for me.",1250
vox_plr_1_weapon_storage_3,"I hope I remember where I put this. I sometimes forget,~uh, stuff.","I hope I remember where I put this. I sometimes forget,~uh, stuff.",1250
vox_plr_1_weapon_storage_4,"You know, I think this'll look great on the wall!","You know, I think this'll look great on the wall!",1250
vox_plr_1_weapon_storage_5,"I wish I could carry everything I wanted to.~Unfortunately, I'm not an ant.","I wish I could carry everything I wanted to.~Unfortunately, I'm not an ant.",1250
vox_plr_1_weapon_storage_6,"Now keep it safe for me. Okay, safe? Okay?","Now keep it safe for me. Okay, safe? Okay?",1250
vox_plr_1_wpck_57_0,Only one? What happened to your twin sister?,Only one? What happened to your twin sister?,1250
vox_plr_1_wpck_57_1,Why can't I get my hands on a nice pair? I ask myself that~every day.,Why can't I get my hands on a nice pair? I ask myself that~every day.,1250
vox_plr_1_wpck_57_2,"Five, seven? Shouldn't there be a six in there somewhere?","Five, seven? Shouldn't there be a six in there somewhere?",1250
vox_plr_1_wpck_dsr50_0,"It's cumbersome and awkward. I really don't see the~attraction. I feel the same way about Misty, to be honest.","It's cumbersome and awkward. I really don't see the~attraction. I feel the same way about Misty, to be honest.",1250
vox_plr_1_wpck_dsr50_1,"Maybe I could use the lens to focus the sun rays. Ah,~shit. I forgot we're underground.",Maybe I could use the lens to focus the sun's rays. That~won't work. We're underground.,1250
vox_plr_1_wpck_dsr50_2,Getting a sniper rifle is about as welcome as a fart in a~spacesuit.,Getting a sniper rifle is about as welcome as a fart in a~spacesuit.,1250
vox_plr_1_wpck_duel57_0,I get two for the same price? How lucky am I?,I get two for the same price? How lucky am I?,1250
vox_plr_1_wpck_duel57_1,"Feeling generous today, Box. Was there something in~particular that put you in the good mood? Do tell.","Feeling generous today, Box. Was there something in~particular that put you in the good mood? Do tell.",1250
vox_plr_1_wpck_duel57_2,"Hey, it's the twins! Oh, you're like a dream I've had~since I was a teenager.","Hey, it's the twins! Oh, you're like a dream I've had~since I was a teenager.",1250
vox_plr_1_wpck_fal_0,Russman says the old ones are the best. I'm surprised he~can remember that far back.,Russman says the old ones are the best. I'm surprised he~can remember that far back.,1250
vox_plr_1_wpck_fal_1,Sweet! It's an effin' F.A.L.,Sweet! It's an effin' F.A.L.,1250
vox_plr_1_wpck_fal_2,That's an old-ass gun! I wonder how long it's been sitting~in the box.,That is an old gun. Wonder how long it's been sitting in~the box.,1250
vox_plr_1_wpck_galil_0,"Hey, Lil! It's been a while. I missed ya!","Hey, Lil! It's been a while. I missed ya!",1250
vox_plr_1_wpck_galil_1,I like that you can take a hell of a beating and still~function. I can relate.,I like that you can take a beating and still function. I~can relate.,1250
vox_plr_1_wpck_galil_2,"Another boring ass rifle. Where's the freaky shit, man?","Another boring rifle? Come on, where's the real freaky~stuff?",1250
vox_plr_1_wpck_hamr_0,"Once the bullets start flying, they don't ever stop! Well,~until the ammo runs out at least.","Once the bullets start flying, they don't ever stop! Well,~until the ammo runs out at least.",1250
vox_plr_1_wpck_hamr_1,Oh-ho-ho! I'm gonna have fun with you!,Oh-ho-ho! I'm gonna have fun with you!,1250
vox_plr_1_wpck_hamr_2,I've been told that this weapon is very accurate. Pity I'm~not.,I've been told that this weapon is very accurate. Pity I'm~not.,1250
vox_plr_1_wpck_judge_0,"Oh, the Executioner. My favorite. It really is the perfect~choice for all your personal execution needs.","Oh, the Executioner. My favorite. It really is the perfect~choice for all your personal execution needs.",1250
vox_plr_1_wpck_judge_1,"Oh, this has so much kick it ought to play the sissy ball~game where you, you know, where you use your feet. What|the fuck is that called again? Oh yeah, soccer.","Oh, this has so much kick it ought to play that sissy ball~game where you use your feet. What's it called again? Oh|yeah, soccer.",1250
vox_plr_1_wpck_judge_2,"It's a perfect fit. I just gotta remember to hold it real~tight, otherwise it might smack me in the face.","It's a perfect fit. I just gotta remember to hold it real~tight, otherwise it might smack me in the face.",1250
vox_plr_1_wpck_kap_0,"Okay, Captain 40, we're gonna have fun together.","Okay, Captain 40, we're gonna have fun together.",1250
vox_plr_1_wpck_kap_1,"Fully automatic action. Kind of like that robot masseuse I~knew back in the day. Wax on, wax off.","Fully automatic action. Kind of like that robot masseuse I~knew back in the day. Wax on, wax off.",1250
vox_plr_1_wpck_kap_2,"Nothing too special here, but you know what? I've had a~lot of experience making do with what I've got.","Nothing too special here, but you know what? I've had a~lot of experience making do with what I've got.",1250
vox_plr_1_wpck_knife_0,I bet these would make eating breakfast a whole lot more~fun!,I bet these would make eating breakfast a whole lot more~fun!,1250
vox_plr_1_wpck_knife_1,"I mean, seriously, who got up one day and decided to~invent this pointless piece of shit?","Seriously, who got up one day and decided to invent this~pointless piece of garbage?",1250
vox_plr_1_wpck_knife_2,"Is it a knife or is it a gun? I tell ya, whoever thought~this up had some issues.","Is it a knife or is it a gun? I tell ya, whoever thought~this up had some issues.",1250
vox_plr_1_wpck_m1216_0,"Ain't this your favorite, Misty? Huh? Would you be~interested in making a deal?","Ain't this your favorite, Misty? Huh? Would you be~interested in making a deal?",1250
vox_plr_1_wpck_m1216_1,"Remove and replace revolver to reload. Well, that sounds~like a fucking pain in the ass.","Remove and replace revolver to reload. Well, that sounds~like a real pain.",1250
vox_plr_1_wpck_m1216_2,I'll try not to show how pleased I am with this.~Especially not in these pants.,I'll try not to show how pleased I am with this.~Especially not in these pants.,1250
vox_plr_1_wpck_m32_0,"Hey, Russ! You gotta see this! You would fuckin' love it!","Hey Russ, you gotta see this! You would totally love it!",1250
vox_plr_1_wpck_m32_1,This is like an accident waiting to happen. Let's just~hope Misty gets caught in the blast.,This is like an accident waiting to happen. Let's just~hope Misty gets caught in the blast.,1250
vox_plr_1_wpck_m32_2,"Ooh, this should make for a fun day at work!","Ooh, this should make for a fun day at work!",1250
vox_plr_1_wpck_m82a1_0,"Frankly, I think I'd stand more chance using it as a~fucking sword.","Frankly, I think I'd stand more chance using it as a~sword.",1250
vox_plr_1_wpck_m82a1_1,"Everyone loves sniper rifles. And when I say everyone, I~mean absolutely no one!","Everyone loves sniper rifles. And when I say everyone, I~mean absolutely no one!",1250
vox_plr_1_wpck_m82a1_2,Maybe I'll just go somewhere far away and use the scope to~watch Misty getting fucked up.,Maybe I'll just go somewhere far away and use the scope to~watch Misty getting messed up. Yeah.,1250
vox_plr_1_wpck_monkey_0,"Hey, Monkey! I'm Samuel. We're gonna be really good~friends.","Hey, Monkey! I'm Samuel. We're gonna be really good~friends.",1250
vox_plr_1_wpck_monkey_1,"You and me, we have a great future, Monkey! Well, not so~much you, but definitely me!","You and me, we have a great future, Monkey! Well, not so~much you, but definitely me!",1250
vox_plr_1_wpck_monkey_2,"Oh, I cannot wait to get some time to play with my monkey.","Oh, I cannot wait to get some time to play with my monkey.",1250
vox_plr_1_wpck_mtar_0,Let me think. Am I satisfied? You know what? I actually~think I am.,Let me think. Am I satisfied? You know what? I actually~think I am.,1250
vox_plr_1_wpck_mtar_1,"According to Marlton, this design offers longer barrel~length while shortening weapon length. Now how the fuck|does that work?","According to Marlton, this design offers longer barrel~length while shortening weapon length. How on earth does|that work?",1250
vox_plr_1_wpck_mtar_2,Pretty good. But I bet you give the next person in line~something better.,Pretty good. But I bet you give the next person in line~something better.,1250
vox_plr_1_wpck_paralyzer_0,"Anyone know how this works? Huh? Anyone? Ah, fuck it, I'll~just fire it off.","Anyone know how this works? Anyone? Ah, whatever. I'll~just fire it up.",1250
vox_plr_1_wpck_paralyzer_1,I really like the look of this thing. Oh yeah. What is it?,I really like the look of this thing. Oh yeah. What is it?,1250
vox_plr_1_wpck_paralyzer_2,Infinite ammo? That's like one of those things that are~just too good to be true!,Infinite ammo? That's like one of those things that are~just too good to be true!,1250
vox_plr_1_wpck_python_0,Wow! What an awesome looking pistol! I just hope the~recoil doesn't make me drop it!,Wow! What an awesome looking pistol! I just hope the~recoil doesn't make me drop it!,1250
vox_plr_1_wpck_python_1,"Once you get hit with a python, you don't get up.","Once you get hit with a python, you don't get up.",1250
vox_plr_1_wpck_python_2,"Oh, this is a man's pistol. Know what I mean?","Oh, this is a man's pistol. Know what I mean?",1250
vox_plr_1_wpck_ray_0,Now I'm gonna put a little heat on those bone sacks!,Now I'm gonna put a little heat on those bone sacks!,1250
vox_plr_1_wpck_ray_1,"Oh yeah, Box is bringing the sweet stuff now!","Oh yeah, Box is bringing the sweet stuff now!",1250
vox_plr_1_wpck_ray_2,"I gotta find this guy, Ray. Tell him how awesome his gun~is!","I gotta find this guy, Ray. Tell him how awesome his gun~is!",1250
vox_plr_1_wpck_rpg_0,Well now we've got some hurtin' bombs!,Well now we've got some hurtin' bombs!,1250
vox_plr_1_wpck_rpg_1,"Ugh, I just wish these things weren't so damn heavy!",I just wish these things weren't so heavy!,1250
vox_plr_1_wpck_rpg_2,"Hey, I think my mom had one of these.","Hey, I think my mom had one of these.",1250
vox_plr_1_wpck_saiga12_0,"You know, I gotta say, even after losing my big toe in~that mishap, I still really like shotguns.","You know, I gotta say, even after losing my big toe in~that mishap, I still really like shotguns.",1250
vox_plr_1_wpck_saiga12_1,"Hey, Misty! Wanna see a cool trick with a shotgun? Come~over here! I'll show ya!","Hey, Misty! Wanna see a cool trick with a shotgun? Come~over here! I'll show ya!",1250
vox_plr_1_wpck_saiga12_2,A shotgun's about the closest thing you can get to just~punching them in the mouth. With lead.,A shotgun's about the closest thing you can get to just~punching them in the mouth. With lead.,1250
vox_plr_1_wpck_smr_0,Awesome! I got sm- smur- smear? Is that how you say that?,Awesome! I got sm- smur- smear? Is that how you say that?,1250
vox_plr_1_wpck_smr_1,"This really don't shoot too well at long range. But to be~honest, neither do I.","This really don't shoot too well at long range. But to be~honest, neither do I.",1250
vox_plr_1_wpck_smr_2,"Ooh, I got a nice little semi now. Oh dear. Why do I say~these things?","Ooh, I got a nice little semi now. Oh dear. Why do I say~these things?",1250
vox_plr_1_zombie_possession_2_0,"Sorry, Pally. I'm just glad you ain't barking orders into~my brain.","Sorry, Pally. I'm just glad you ain't barking orders into~my brain.",1250
vox_plr_1_zombie_possession_5_0,"No, you weren't!","No, you weren't!",1250
vox_plr_1_zombie_possession_7_0,"La la la la, I can't hear you! That's not really true! I'm~just ignoring you!","La la la la, I can't hear you! That's not really true! I'm~just ignoring you!",1250
vox_plr_2_activate_bomb_0,What the hell just happened?,Have we been here before?,1250
vox_plr_2_activate_bomb_1,Something awfully familiar about all this.,Something awfully familiar about all this.,1250
vox_plr_2_ammo_drop_0,That ain't enough! I'll burn through that in seconds!,That ain't enough! I'll burn through that in seconds!,1250
vox_plr_2_ammo_drop_1,I think that's what's known as small mercies.,I think that's what's known as small mercies.,1250
vox_plr_2_ammo_drop_2,"Gee, thanks! I'll try not to use it all at once!","Gee, thanks! I'll try not to use it all at once!",1250
vox_plr_2_ammo_low_0,I've only got a few rounds left!,I've only got a few rounds left!,1250
vox_plr_2_ammo_low_1,My ammo's almost done!,My ammo's almost done!,1250
vox_plr_2_ammo_low_2,Now would be a good time to catch a Max Ammo.,Now would be a good time to catch a Max Ammo.,1250
vox_plr_2_ammo_low_3,Ah! I'm almost out!,Ah! I'm almost out!,1250
vox_plr_2_ammo_low_4,"Bullets, shells, slugs, whatever you want to call them. I~need some now!","Bullets, shells, slugs, whatever you want to call them. I~need some now!",1250
vox_plr_2_ammo_out_0,"And unloaded weapons about as useful as stool, bitch!","And unloaded weapons about as useful as stool, bitch!",1250
vox_plr_2_ammo_out_1,Watch my back! I'm all out!,Watch my back! I'm all out!,1250
vox_plr_2_ammo_out_2,"No bullets. I mean, none.","No bullets. I mean, none.",1250
vox_plr_2_ammo_out_3,Great! What do I do now? What do I do?,Great! What do I do now? What do I do?,1250
vox_plr_2_ammo_out_4,I need lead!,I need lead!,1250
vox_plr_2_ammo_out_5,No ammo? I should have expected this.,No ammo? I should have expected this.,1250
vox_plr_2_ammo_out_6,I'm all out. Not good. Not good at all.,I'm all out. Not good. Not good at all.,1250
vox_plr_2_ammo_switch_0,Maybe I should just switch weapons.,Maybe I should just switch weapons.,1250
vox_plr_2_ammo_switch_1,Ain't causing any damage with this. Guess I should try my~other weapon.,Ain't causing any damage with this. Guess I should try my~other weapon.,1250
vox_plr_2_ammo_switch_2,Now would be a good time to swap to my secondary.,Now would be a good time to swap to my secondary.,1250
vox_plr_2_ammo_switch_3,This one's all out. What about my secondary?,This one's all out. What about my secondary?,1250
vox_plr_2_ammo_switch_4,Should I maybe switch to a gun that is loaded?,Should I maybe switch to a gun that is loaded?,1250
vox_plr_2_ammo_switch_5,"Hey, player! Switch weapons!","Hey, player! Switch weapons!",1250
vox_plr_2_bank_deposit_0,You'd better take real good care of this.,You'd better take real good care of this.,1250
vox_plr_2_bank_deposit_1,I'm trusting that this will be safe here. Is that foolish?,I'm trusting that this will be safe here. Is that foolish?,1250
vox_plr_2_bank_withdrawl_0,I think I need to dip into my savings.,I think I need to dip into my savings.,1250
vox_plr_2_bank_withdrawl_1,I think this is that rainy day I was saving for.,I think this is that rainy day I was saving for.,1250
vox_plr_2_box_move_0,"Ugh, you do this now? Why not on Drool Reamer's turn?","Ugh, you do this now? Why not on Drool Reamer's turn?",1250
vox_plr_2_box_move_1,Not fair! Not fair at all!,Not fair! Not fair at all!,1250
vox_plr_2_box_move_2,"Guys, Fox is doing one of its disappearing acts.","Guys, Fox is doing one of its disappearing acts.",1250
vox_plr_2_box_move_3,You think this is funny?,You think this is funny?,1250
vox_plr_2_box_move_4,"I won't forget this, box. You're on my naughty list.","I won't forget this, box. You're on my naughty list.",1250
vox_plr_2_box_move_5,Wonderful! Now I gotta find that damn thing all over~again!,Wonderful! Now I gotta find that damn thing all over~again!,1250
vox_plr_2_build_add_0,I can fix almost anything.,I can fix almost anything.,1250
vox_plr_2_build_add_1,"Never knew I was so good with my hands, did ya?","Never knew I was so good with my hands, did ya?",1250
vox_plr_2_build_add_2,"Okay, that fits.","Okay, that fits.",1250
vox_plr_2_build_add_3,"Oh, I'm definitely building something.","Oh, I'm definitely building something.",1250
vox_plr_2_build_add_4,"Well, well, this bit goes here, doesn't it?","Well, well, this bit goes here, doesn't it?",1250
vox_plr_2_build_add_5,"Work faster, Misty. You never know who might be sneaking~up.","Work faster, Misty. You never know who might be sneaking~up.",1250
vox_plr_2_build_add_6,"This is a fun little project, ain't it?","This is a fun little project, ain't it?",1250
vox_plr_2_build_add_7,This looks right. Kinda.,This looks right. Kinda.,1250
vox_plr_2_build_add_8,I hope this is right. I don't want it to fall apart later.,I hope this is right. I don't want it to fall apart later.,1250
vox_plr_2_build_add_9,It's gonna be something special when it's done.,It's gonna be something special when it's done.,1250
vox_plr_2_build_hc_drop_0,It ain't that I'm tired. I just want to leave this for~now.,It ain't that I'm tired. I just want to leave this for~now.,1250
vox_plr_2_build_hc_final_0,Wow! This looks pretty darn lethal!,Wow! This looks pretty darn lethal!,1250
vox_plr_2_build_hc_pickup_0,"Ha, I see a lot of good times ahead for me in this~machine.","Ha, I see a lot of good times ahead for me in this~machine.",1250
vox_plr_2_build_hc_take_0,"Come on, machine! Let's go woodcutting!","Come on, machine! Let's go woodcutting!",1250
vox_plr_2_build_need_part_0,Guess I'm off on another treasure hunt!,Guess I'm off on another treasure hunt!,1250
vox_plr_2_build_need_part_1,Guess this ain't done yet.,Guess this ain't done yet.,1250
vox_plr_2_build_need_part_2,This had better be worth it when it's all finished.,This had better be worth it when it's all finished.,1250
vox_plr_2_build_pickup_0,I found something! Wonder what it is.,I found something! Wonder what it is.,1250
vox_plr_2_build_pickup_1,I guess I'll find a use for this later.,I guess I'll find a use for this later.,1250
vox_plr_2_build_pickup_10,I'll keep this until I find a good use for it.,I'll keep this until I find a good use for it.,1250
vox_plr_2_build_pickup_11,Guessing no one else wants it.,Guessing no one else wants it.,1250
vox_plr_2_build_pickup_12,This is just a small part of something... bigger.,This is just a small part of something... bigger.,1250
vox_plr_2_build_pickup_13,"This little acorn, it could grow into a big oak tree.","This little acorn, it could grow into a big oak tree.",1250
vox_plr_2_build_pickup_14,"Even the smallest thing can be useful. Ain't that right,~Stu?","Even the smallest thing can be useful. Ain't that right,~Stu?",1250
vox_plr_2_build_pickup_15,May as well hang on to it!,May as well hang on to it!,1250
vox_plr_2_build_pickup_16,No harm keeping this for now.,No harm keeping this for now.,1250
vox_plr_2_build_pickup_2,Maybe I can make something useful if I find the other~parts.,Maybe I can make something useful if I find the other~parts.,1250
vox_plr_2_build_pickup_3,There's a place for almost everything.,There's a place for almost everything.,1250
vox_plr_2_build_pickup_4,"Well, I think this will come in useful.","Well, I think this will come in useful.",1250
vox_plr_2_build_pickup_5,"Sooner or later, I think I'm gonna need this.","Sooner or later, I think I'm gonna need this.",1250
vox_plr_2_build_pickup_6,"Oh, I'll put this to use as soon as I figure out what it~is.","Oh, I'll put this to use as soon as I figure out what it~is.",1250
vox_plr_2_build_pickup_7,Might as well hang on to it. You never know.,Might as well hang on to it. You never know.,1250
vox_plr_2_build_pickup_8,"You know the saying, see a penny, pick it up, all day~long, you'll have a penny.","You know the saying, see a penny, pick it up, all day~long, you'll have a penny.",1250
vox_plr_2_build_pickup_9,"Don't look like much, but with a little imagination.","Don't look like much, but with a little imagination.",1250
vox_plr_2_build_stm_drop_0,I'm getting kind of tired of lugging this around.,I'm getting kind of tired of lugging this around.,1250
vox_plr_2_build_stm_final_0,Alright! It's one of those fun trampoline thingies we had~a while back.,Alright! It's one of those fun trampoline thingies we had~a while back.,1250
vox_plr_2_build_stm_pickup_0,I'll find a good use for this Trample Steam sooner or~later.,I'll find a good use for this Trample Steam sooner or~later.,1250
vox_plr_2_build_stm_take_0,"Let's jump to it, Trample Steam!","Let's jump to it, Trample Steam!",1250
vox_plr_2_build_sw_drop_0,It's probably best to just leave this here for now.,It's probably best to just leave this here for now.,1250
vox_plr_2_build_sw_final_0,Are we sure this is something we want to be messing around~with?,Are we sure this is something we want to be messing around~with?,1250
vox_plr_2_build_sw_pickup_0,I'm guessing I may need this thing after all.,I'm guessing I may need this thing after all.,1250
vox_plr_2_build_sw_take_0,I think Regnal Hudson was looking for this earlier. I~wonder why.,I think Regnal Hudson was looking for this earlier. I~wonder why.,1250
vox_plr_2_build_swap_0,Difficult to know which part's most useful.,Difficult to know which part's most useful.,1250
vox_plr_2_build_swap_1,Maybe I want this thing more.,Maybe I want this thing more.,1250
vox_plr_2_build_swap_2,"Sometimes, you gotta prioritize.","Sometimes, you gotta prioritize.",1250
vox_plr_2_build_swap_3,"Hmm, maybe I'm better off with this.","Hmm, maybe I'm better off with this.",1250
vox_plr_2_build_swap_4,Hope I'm making the right decision.,Hope I'm making the right decision.,1250
vox_plr_2_build_swap_5,Let me just switch these around.,Let me just switch these around.,1250
vox_plr_2_build_swap_6,I don't know. Maybe I should swap back.,I don't know. Maybe I should swap back.,1250
vox_plr_2_build_swap_7,"On second thoughts, I'd rather have this.","On second thoughts, I'd rather have this.",1250
vox_plr_2_build_swap_8,Maybe this one's more important.,Maybe this one's more important.,1250
vox_plr_2_build_swap_9,I'll take this one instead.,I'll take this one instead.,1250
vox_plr_2_build_trb_drop_0,I'm just gonna leave this here for now.,I'm just gonna leave this here for now.,1250
vox_plr_2_build_trb_final_0,Hey! I recognize this!,Hey! I recognize this!,1250
vox_plr_2_build_trb_pickup_0,I think I should keep this with me. Just in case.,I think I should keep this with me. Just in case.,1250
vox_plr_2_build_trb_take_0,"It's a turbine, just like the one from the town!","It's a turbine, just like the one from the town!",1250
vox_plr_2_build_wrong_part_0,How am I supposed to know what you go here?,How am I supposed to know what you go here?,1250
vox_plr_2_build_wrong_part_1,Looks like this belongs somewhere else.,Looks like this belongs somewhere else.,1250
vox_plr_2_build_wrong_part_2,I should have known this wouldn't fit.,I should have known this wouldn't fit.,1250
vox_plr_2_crawler_attack_0,You are seriously getting on my nerves!,You are seriously getting on my nerves!,1250
vox_plr_2_crawler_attack_1,"What do you want? You don't know, do ya?","What do you want? You don't know, do ya?",1250
vox_plr_2_crawler_attack_2,Ouch! Didn't I kill you already?,Ouch! Didn't I kill you already?,1250
vox_plr_2_crawler_attack_3,Shouldn't you have bled to death by now?,Shouldn't you have bled to death by now?,1250
vox_plr_2_crawler_attack_4,"Ugh, bite me again, I dare ya!","Ugh, bite me again, I dare ya!",1250
vox_plr_2_crawler_attack_5,"You're persistent, I'll give you that!","You're persistent, I'll give you that!",1250
vox_plr_2_crawler_attack_6,Why don't you go annoy someone else? Like Mule Bicker!,Why don't you go annoy someone else? Like Mule Bicker!,1250
vox_plr_2_crawler_kill_0,That's enough out of you!,That's enough out of you!,1250
vox_plr_2_crawler_kill_1,"Oh, you nibbled the wrong feet, Buster!","Oh, you nibbled the wrong feet, Buster!",1250
vox_plr_2_crawler_kill_2,Finally! He shuts up!,Finally! He shuts up!,1250
vox_plr_2_crawler_kill_3,You was really getting on my nerves!,You was really getting on my nerves!,1250
vox_plr_2_crawler_kill_4,You made a lot of mistakes. Messing with me was your last.,You made a lot of mistakes. Messing with me was your last.,1250
vox_plr_2_crawler_kill_5,"No more ass-dragging, boot-nibbling shenanigans for you!","No more ass-dragging, boot-nibbling shenanigans for you!",1250
vox_plr_2_crawler_kill_6,Should've been dead already! You had no right crawling~around like that!,Should've been dead already! You had no right crawling~around like that!,1250
vox_plr_2_crawler_start_0,I'll finish you later!,I'll finish you later!,1250
vox_plr_2_crawler_start_1,"Ugh, went off a little half-cocked, didn't ya?","Ugh, went off a little half-cocked, didn't ya?",1250
vox_plr_2_crawler_start_2,Half-Freaks ain't any less dangerous!,Half-Freaks ain't any less dangerous!,1250
vox_plr_2_crawler_start_3,Ha ha! Least you won't ever need new pants!,Ha ha! Least you won't ever need new pants!,1250
vox_plr_2_crawler_start_4,"These little shits sure move quick, even without legs.","These little freaks sure move quick, even without legs.",1250
vox_plr_2_crawler_start_5,Ugh! Someone wanna shut him up?,Ugh! Someone wanna shut him up?,1250
vox_plr_2_earn_acheivement_0,Ooh! Did I do something right?,Ooh! Did I do something right?,1250
vox_plr_2_earn_acheivement_1,What exactly did I do?,What exactly did I do?,1250
vox_plr_2_fall_down_hole_0,"Woo! Oh, took a bit of a tumble there.","Woo! Oh, took a bit of a tumble there.",1250
vox_plr_2_fall_response_0,"Wow, that looked like a pretty bad fall.","Wow, that looked like a pretty bad fall.",1250
vox_plr_2_favorite_wall_buy_0,Ha! What do you know? My favorite gun just sitting on the~wall!,Ha! What do you know? My favorite gun just sitting on the~wall!,1250
vox_plr_2_favorite_wall_buy_1,I'd happily pay double for this!,I'd happily pay double for this!,1250
vox_plr_2_favorite_wall_buy_2,"Ugh, I think I just found my favorite!","Ugh, I think I just found my favorite!",1250
vox_plr_2_favorite_wall_buy_3,Why mess with the box when I can just buy my favorite~shotgun right here?,Why mess with the box when I can just buy my favorite~shotgun right here?,1250
vox_plr_2_favorite_wall_buy_4,My favorite shotgun! Ha! That'll do me just fine!,My favorite shotgun! Ha! That'll do me just fine!,1250
vox_plr_2_find_secret_0,Some of these tunes just get on my nerves!,Some of these tunes just get on my nerves!,1250
vox_plr_2_find_town_0,I get the feeling the only inhabitants are going to be of~the undead variety.,I get the feeling the only inhabitants are going to be of~the undead variety.,1250
vox_plr_2_game_start_0,"Somehow, I don't think that wound's gonna heal easily.","Somehow, I don't think that wound's gonna heal easily.",1250
vox_plr_2_generic_wall_buy_0,"I'm kinda in a hurry, so I'll just take this!","I'm kinda in a hurry, so I'll just take this!",1250
vox_plr_2_generic_wall_buy_1,At least I know what I'm paying for!,At least I know what I'm paying for!,1250
vox_plr_2_generic_wall_buy_2,Told you I'd come back!,Told you I'd come back!,1250
vox_plr_2_generic_wall_buy_3,I need this right now!,I need this right now!,1250
vox_plr_2_generic_wall_buy_4,"Come to Misty, you beautiful, beautiful thing!","Come to Misty, you beautiful, beautiful thing!",1250
vox_plr_2_ghost_damage_0,"Back it up, ghosty!","Back it up, ghosty!",1250
vox_plr_2_ghost_damage_1,How come you can hurt me?,How come you can hurt me?,1250
vox_plr_2_ghost_damage_2,Ugh! Go haunt someone else!,Ugh! Go haunt someone else!,1250
vox_plr_2_ghost_theft_0,What gives? Ghosts are taking my money?,What gives? Ghosts are taking my money?,1250
vox_plr_2_ghost_theft_1,I don't care if you are a ghost or not. Keep your hands~off my cash!,I don't care if you are a ghost or not. Keep your hands~off my cash!,1250
vox_plr_2_ghost_theft_2,"Ugh, not fair! I earned that money fair and square!","Ugh, not fair! I earned that money fair and square!",1250
vox_plr_2_gunshop_chalk_0,Does chalk do something special? Am I missing something?,Does chalk do something special? Am I missing something?,1250
vox_plr_2_gunshop_chalk_1,Hmm. Is there a connection between this chalk and the~question marks?,Hmm. Is there a connection between this chalk and the~question marks?,1250
vox_plr_2_heal_revived_0,Nice to know you're looking out for me.,Nice to know you're looking out for me.,1250
vox_plr_2_heal_revived_1,That was a little too close.,That was a little too close.,1250
vox_plr_2_heal_revived_2,Guess I owe you one. Someday.,Guess I owe you one. Someday.,1250
vox_plr_2_heal_revived_3,Much appreciated.,Much appreciated.,1250
vox_plr_2_heal_revived_4,"Ah yeah, I wasn't really hurt, you know.","Ah yeah, I wasn't really hurt, you know.",1250
vox_plr_2_hr_resp_kill_headshot_1,"Oh, don't go thinking I'm impressed, stupid jerk!","Oh, don't go thinking I'm impressed, stupid jerk!",1250
vox_plr_2_hr_resp_kill_headshot_2,How many you miss before that one?,How many you miss before that one?,1250
vox_plr_2_hr_resp_surrounded_0,"Marley, don't get scared! Just close your eyes if you have~to!","Marley, don't get scared! Just close your eyes if you have~to!",1250
vox_plr_2_hr_resp_surrounded_1,"If I could help out, I would!","If I could help out, I would!",1250
vox_plr_2_in_maze_0,I should just cut all these hedges down with a damn~chainsaw. It would make life a whole lot easier.,I should just cut all these hedges down with a damn~chainsaw. It would make life a whole lot easier.,1250
vox_plr_2_in_maze_1,Did I already come this way? I'm not even sure!,Did I already come this way? I'm not even sure!,1250
vox_plr_2_in_maze_2,Was this here before? Or did I just get turned around?,Was this here before? Or did I just get turned around?,1250
vox_plr_2_in_maze_3,There's gotta be an easy way around! Surely!,There's gotta be an easy way around! Surely!,1250
vox_plr_2_invisible_collision_0,Ouch! What did I just bang into?,Ouch! What did I just bang into?,1250
vox_plr_2_invisible_collision_1,"Ugh, that's weird. I just banged into something.","Ugh, that's weird. I just banged into something.",1250
vox_plr_2_kill_close_0,You were in my bubble!,You were in my bubble!,1250
vox_plr_2_kill_close_1,A little too close for my liking.,A little too close for my liking.,1250
vox_plr_2_kill_close_2,"Don't get any ideas, freak face!","Don't get any ideas, freak face!",1250
vox_plr_2_kill_close_3,Didn't I warn you?,Didn't I warn you?,1250
vox_plr_2_kill_close_4,"Pick it up there, mister!","Pick it up there, mister!",1250
vox_plr_2_kill_close_5,See what happens when you get too close!,See what happens when you get too close!,1250
vox_plr_2_kill_close_6,Your first mistake was being a flesh gobbler. Can you~guess your second?,Your first mistake was being a flesh gobbler. Can you~guess your second?,1250
vox_plr_2_kill_damaged_0,"Ah! Don't touch! In fact, don't even look!","Ah! Don't touch! In fact, don't even look!",1250
vox_plr_2_kill_damaged_1,"That's payback, fucker!","That's payback, freak!",1250
vox_plr_2_kill_damaged_2,He was asking for it!,He was asking for it!,1250
vox_plr_2_kill_damaged_3,Take what's coming to ya!,Take what's coming to ya!,1250
vox_plr_2_kill_damaged_4,"Don't dare touch me, stinky little fuck!","Don't dare touch me, stinky little creep!",1250
vox_plr_2_kill_damaged_5,"Signed your own death warrant, didn't ya?","Signed your own death warrant, didn't ya?",1250
vox_plr_2_kill_damaged_6,I'm cutting your day short!,I'm cutting your day short!,1250
vox_plr_2_kill_damaged_7,You ain't getting no second chances!,You ain't getting no second chances!,1250
vox_plr_2_kill_headchopper_0,This gizmo makes decapitations easier than ever!,This gizmo makes decapitations easier than ever!,1250
vox_plr_2_kill_headchopper_1,"Almost too easy, but so much fun!","Almost too easy, but so much fun!",1250
vox_plr_2_kill_headchopper_2,How's that for a haircut?,How's that for a haircut?,1250
vox_plr_2_kill_headchopper_3,You ain't coming back from that!,You ain't coming back from that!,1250
vox_plr_2_kill_headchopper_4,"Is it just me, or did you lose some weight?","Is it just me, or did you lose some weight?",1250
vox_plr_2_kill_headshot_0,Woo! Right in the brain box!,Woo! Right in the brain box!,1250
vox_plr_2_kill_headshot_1,"You freak, see how good a shot I am?","You freak, see how good a shot I am?",1250
vox_plr_2_kill_headshot_10,"Oh, don't be sad. That was a mercy killing.","Oh, don't be sad. That was a mercy killing.",1250
vox_plr_2_kill_headshot_11,Right in the nut! Be thankful for the singular!,Right in the nut! Be thankful for the singular!,1250
vox_plr_2_kill_headshot_12,"Oh, that ruin your day? Ha!","Oh, that ruin your day? Ha!",1250
vox_plr_2_kill_headshot_13,You should have known better. I've been doing this a long~time.,You should have known better. I've been doing this a long~time.,1250
vox_plr_2_kill_headshot_2,"Oh, you're finished for the day!","Oh, you're finished for the day!",1250
vox_plr_2_kill_headshot_3,Ha! Never even knew it'd hit ya!,Ha! Never even knew it'd hit ya!,1250
vox_plr_2_kill_headshot_4,You was already getting too close for my liking.,You was already getting too close for my liking.,1250
vox_plr_2_kill_headshot_5,I hope your pals saw that. Might make them rethink things~a little.,I hope your pals saw that. Might make them rethink things~a little.,1250
vox_plr_2_kill_headshot_6,Damn! I'm good at this!,Damn! I'm good at this!,1250
vox_plr_2_kill_headshot_7,Poppin' free cats never get sold!,Poppin' free cats never get sold!,1250
vox_plr_2_kill_headshot_8,"Hey, hey! I put him down in one shot!","Hey, hey! I put him down in one shot!",1250
vox_plr_2_kill_headshot_9,You know what? You can keep the bullet!,You know what? You can keep the bullet!,1250
vox_plr_2_kill_insta_0,"Ooh, say goodnight, shithead!","Say goodnight, freak!",1250
vox_plr_2_kill_insta_1,Anyone else wanna try?,Anyone else wanna try?,1250
vox_plr_2_kill_insta_2,Corpses oughta stay dead!,Corpses oughta stay dead!,1250
vox_plr_2_kill_insta_3,"Ooh, you got bitch slapped, bitch!","Ooh, you got slapped!",1250
vox_plr_2_kill_insta_4,Ooh! Don't think you're walking away from this!,Ooh! Don't think you're walking away from this!,1250
vox_plr_2_kill_insta_5,Didn't I tell you to back off?,Didn't I tell you to back off?,1250
vox_plr_2_kill_insta_6,See what you get!,See what you get!,1250
vox_plr_2_kill_limb_0,"Hey, Puss Face! You dropped one of your arms!","Hey, Puss Face! You dropped one of your arms!",1250
vox_plr_2_kill_limb_1,"Oh, nobody here to hold your hand. Too bad.","Oh, nobody here to hold your hand. Too bad.",1250
vox_plr_2_kill_limb_2,Ha! Like to see you tie your shoelaces now!,Ha! Like to see you tie your shoelaces now!,1250
vox_plr_2_kill_limb_3,"You already lost an arm, fucker! You want me to move on to~your legs?","You already lost an arm, freak! You want me to move on to~your legs?",1250
vox_plr_2_kill_limb_4,You won't be picking any more fights. Or noses.,You won't be picking any more fights. Or noses.,1250
vox_plr_2_kill_monkey_0,Woo! That was one tough little monkey!,Woo! That was one tough little monkey!,1250
vox_plr_2_kill_monkey_1,Monkey down! Monkey down!,Monkey down! Monkey down!,1250
vox_plr_2_kill_monkey_2,"Ha! Like my monkey, did ya?","Ha! Like my monkey, did ya?",1250
vox_plr_2_kill_monkey_3,"If monkeys can kick your ass, maybe it's time to give up.","If monkeys can kick your butt, maybe it's time to give up.",1250
vox_plr_2_kill_monkey_4,"Oh, damn, Monkey! You've been bottling up all that rage~for a while, haven't you?","Hey, Monkey! You'd been bottling up all that rage for a~while, hadn't ya?",1250
vox_plr_2_kill_paralyzer_0,"Ha ha ha! Don't even know what's happening, do ya?","Ha ha ha! Don't even know what's happening, do ya?",1250
vox_plr_2_kill_paralyzer_1,You can hold it right there!,You can hold it right there!,1250
vox_plr_2_kill_paralyzer_2,I got you right where I want you now!,I got you right where I want you now!,1250
vox_plr_2_kill_paralyzer_3,You're not going anywhere! Least not anywhere nice!,You're not going anywhere! Least not anywhere nice!,1250
vox_plr_2_kill_paralyzer_4,"Aw, what's the matter? You feeling a little sluggish?","Aw, what's the matter? You feeling a little sluggish?",1250
vox_plr_2_kill_ray_0,"Play with fire, you're gonna get burned!","Play with fire, you're gonna get burned!",1250
vox_plr_2_kill_ray_1,"Hey! You ain't got no future, dumbass!",Hey! You ain't got no future!,1250
vox_plr_2_kill_ray_2,You see what this can do?,You see what this can do?,1250
vox_plr_2_kill_ray_3,"Bet that tingles, huh?","Bet that tingles, huh?",1250
vox_plr_2_kill_ray_4,This here's a Ray Gun. See how awesome it is?,This here's a Ray Gun. See how awesome it is?,1250
vox_plr_2_kill_ray_5,"You got boiled, bonehead!","You got boiled, bonehead!",1250
vox_plr_2_kill_raymk2_0,"Oh boy, this is fun!","Oh boy, this is fun!",1250
vox_plr_2_kill_raymk2_1,Anyone else want to feel my Mark II?,Anyone else want to feel my Mark II?,1250
vox_plr_2_kill_raymk2_2,You're looking at a whole new level of pain!,You're looking at a whole new level of pain!,1250
vox_plr_2_kill_raymk2_3,"Play with fire, you're gonna get burned!","Play with fire, you're gonna get burned!",1250
vox_plr_2_kill_raymk2_4,I've been in a bad mood all day. Seeing you get cooked~just cheered me up a little.,I've been in a bad mood all day. Seeing you get cooked~just cheered me up a little.,1250
vox_plr_2_kill_six_shooter_0,"Ha ha! Keep coming, Puss Buckets! I'm too fast for ya!","Ha ha! Keep coming, Puss Buckets! I'm too fast for ya!",1250
vox_plr_2_kill_six_shooter_1,Bang! You're dead.,Bang! You're dead.,1250
vox_plr_2_kill_six_shooter_2,You can call me Buffalo Misty. Maybe not. Doesn't sound~right.,You can call me Buffalo Misty. Maybe not. Doesn't sound~right.,1250
vox_plr_2_kill_six_shooter_3,Ha! This is one six-shooter that demands your respect!,Ha! This is one six-shooter that demands your respect!,1250
vox_plr_2_kill_six_shooter_4,Good thing I got the skills to make this fire like a fully~automatic.,Good thing I got the skills to make this fire like a fully~automatic.,1250
vox_plr_2_kill_streak_0,This what they call kickin' ass!,This what they call kickin' ass!,1250
vox_plr_2_kill_streak_1,Maybe you should have got out of my way!,Maybe you should have got out of my way!,1250
vox_plr_2_kill_streak_10,This girl ain't quittin'!,This girl ain't quittin'!,1250
vox_plr_2_kill_streak_11,"All aboard the dead train! Next stop, hell!","All aboard the dead train! Next stop, hell!",1250
vox_plr_2_kill_streak_12,"Damn, I'm good at this!","Damn, I'm good at this!",1250
vox_plr_2_kill_streak_13,"Hey, Rock Gobblers, how's this working out for ya?","Hey, Rock Gobblers, how's this working out for ya?",1250
vox_plr_2_kill_streak_14,How else did you think this would go?,How else did you think this would go?,1250
vox_plr_2_kill_streak_15,"You guys seeing this? I'm on fire! No, no, not like on~fire, like lava. You guys remember that? That sucked.","You guys seeing this? I'm on fire! No, no, not like on~fire, like lava. You guys remember that? That sucked.",1250
vox_plr_2_kill_streak_16,You're only digging your own graves!,You're only digging your own graves!,1250
vox_plr_2_kill_streak_2,Come on! I ain't afraid of you!,Come on! I ain't afraid of you!,1250
vox_plr_2_kill_streak_3,"Pick the wrong girl to pick on, didn't ya?","Pick the wrong girl to pick on, didn't ya?",1250
vox_plr_2_kill_streak_4,"You must have been looking for trouble, cause you sure~found it.","You must have been looking for trouble, cause you sure~found it.",1250
vox_plr_2_kill_streak_5,You want bullets? I got bullets!,You want bullets? I got bullets!,1250
vox_plr_2_kill_streak_6,"Oh, I can do this all night!","Oh, I can do this all night!",1250
vox_plr_2_kill_streak_7,You starting to see how this works?,You starting to see how this works?,1250
vox_plr_2_kill_streak_8,Quit yelling! You was dead from the start!,Quit yelling! You was dead from the start!,1250
vox_plr_2_kill_streak_9,"You just keep coming, don't you?","You just keep coming, don't you?",1250
vox_plr_2_kill_subwoofer_0,Falling down is all you're good for!,Falling down is all you're good for!,1250
vox_plr_2_kill_subwoofer_1,You got knocked right off your feet that time!,You got knocked right off your feet that time!,1250
vox_plr_2_kill_subwoofer_2,"You may not have seen it, but I know you felt it.","You may not have seen it, but I know you felt it.",1250
vox_plr_2_kill_subwoofer_3,You feeling the boom?,You feeling the boom?,1250
vox_plr_2_kill_subwoofer_4,"Do yourselves a favor, don't get back up!","Do yourselves a favor, don't get back up!",1250
vox_plr_2_money_drop_0,I suppose if I keep saving...,I suppose if I keep saving...,1250
vox_plr_2_money_drop_1,"Good thing I'm not financially motivated, otherwise that~would be a disappointment.","Good thing I'm not financially motivated, otherwise that~would be a disappointment.",1250
vox_plr_2_money_drop_2,I was kind of hoping for a little bit more. Know what I~mean?,I was kind of hoping for a little bit more. Know what I~mean?,1250
vox_plr_2_nomoney_generic_0,"The phrase, money makes the world go round, is kinda~pointless these days.","The phrase, money makes the world go round, is kinda~pointless these days.",1250
vox_plr_2_nomoney_generic_1,I ain't got a penny! Not one!,I ain't got a penny! Not one!,1250
vox_plr_2_nomoney_generic_2,"Yeah, yeah, I get it. I'll need more.","Yeah, yeah, I get it. I'll need more.",1250
vox_plr_2_nomoney_generic_3,I ain't got diddly.,I ain't got diddly.,1250
vox_plr_2_nomoney_generic_4,Why do you need money anyway?,Why do you need money anyway?,1250
vox_plr_2_oh_shit_0,Hey! How come you want me so bad?,Hey! How come you want me so bad?,1250
vox_plr_2_oh_shit_1,You guys form a gang or something?,You guys form a gang or something?,1250
vox_plr_2_oh_shit_10,"Oh, I'll get to you all! Eventually!","Oh, I'll get to you all! Eventually!",1250
vox_plr_2_oh_shit_11,Damn! They're right on top of me!,They're right on top of me!,1250
vox_plr_2_oh_shit_12,"Don't go getting any ideas, freaks!","Don't go getting any ideas, freaks!",1250
vox_plr_2_oh_shit_13,"Ugh, sure is a lot of them!","Ugh, sure is a lot of them!",1250
vox_plr_2_oh_shit_14,This is getting out of hand!,This is getting out of hand!,1250
vox_plr_2_oh_shit_15,Now one step closer! I mean it!,Now one step closer! I mean it!,1250
vox_plr_2_oh_shit_16,This your strategy now? Just fucking swarm all over me?,Is this your strategy now? To swarm all over me?,1250
vox_plr_2_oh_shit_2,Whoever said the more the merrier?,Whoever said the more the merrier?,1250
vox_plr_2_oh_shit_3,Don't you go getting any ideas!,Don't you go getting any ideas!,1250
vox_plr_2_oh_shit_4,Anyone see what's happening here?,Anyone see what's happening here?,1250
vox_plr_2_oh_shit_5,Ah! These freaks aren't screwing around!,Ah! These freaks aren't screwing around!,1250
vox_plr_2_oh_shit_6,"Oh, so it's gang up on Misty time, huh?","Oh, so it's gang up on Misty time, huh?",1250
vox_plr_2_oh_shit_7,These freaks are really trying to tighten the screws!,These freaks are really trying to tighten the screws!,1250
vox_plr_2_oh_shit_8,I don't care how many of you there are! You still ain't~takin' me!,I don't care how many of you there are! You still ain't~takin' me!,1250
vox_plr_2_oh_shit_9,Shit! This wasn't part of the plan!,This wasn't part of the plan!,1250
vox_plr_2_pap_arm_0,"Gimme, gimme, gimme! Haha, this is gonna be fun!","Gimme, gimme, gimme! Haha, this is gonna be fun!",1250
vox_plr_2_pap_arm_1,Best things in life are free? I don't think so. This~wasn't cheap at all.,Best things in life are free? I don't think so. This~wasn't cheap at all.,1250
vox_plr_2_pap_arm_2,"It's like what I had before, but better.","It's like what I had before, but better.",1250
vox_plr_2_pap_arm_3,"Ugh, let me guess. No more upgrades till I hand over more~money?","Ugh, let me guess. No more upgrades till I hand over more~money?",1250
vox_plr_2_pap_arm_4,"Wow, that's a pretty sweet looking upgrade.","Wow, that's a pretty sweet looking upgrade.",1250
vox_plr_2_pap_arm2_0,I thought it was better before. Now it's just better-er.,I thought it was better before. Now it's just better-er.,1250
vox_plr_2_pap_arm2_1,Ha! Now that looks like money well spent.,Ha! Now that looks like money well spent.,1250
vox_plr_2_pap_arm2_2,That it? Can I upgrade again or have I maxed out?,That it? Can I upgrade again or have I maxed out?,1250
vox_plr_2_pap_arm2_3,"Ha, if this works like it looks, I'll be one happy girl.","Ha, if this works like it looks, I'll be one happy girl.",1250
vox_plr_2_pap_arm2_4,"Aw, yes! This is as good as it gets!","Aw, yes! This is as good as it gets!",1250
vox_plr_2_pap_wait_0,"Hurry it up, machine. If I get bored, I may just put my~boot right through you.","Hurry it up, machine. If I get bored, I may just put my~boot right through you.",1250
vox_plr_2_pap_wait_1,I don't care where you come from or how you work. Just~gimme my super gun.,I don't care where you come from or how you work. Just~gimme my super gun.,1250
vox_plr_2_pap_wait_2,Any chance you could upgrade it to a shut your face gun?~Stuhlinger's really getting on my nerves.,Any chance you could upgrade it to a shut your face gun?~Stuhlinger's really getting on my nerves.,1250
vox_plr_2_pap_wait_3,I think Marlton may have a bit of a crush on me. Should I~shoot him? Could I? Should I?,I think Marlton may have a bit of a crush on me. Should I~shoot him? Could I? Should I?,1250
vox_plr_2_pap_wait_4,"This is taking too long. Did you do something to this,~stupid jerk?","This is taking too long. Did you do something to this,~stupid jerk?",1250
vox_plr_2_pap_wait2_0,"Make it snappy, will ya? I ain't got the patience for~patience.","Make it snappy, will ya? I ain't got the patience for~patience.",1250
vox_plr_2_pap_wait2_1,What was it we were doing with those towers again? I can't~seem to remember.,What was it we were doing with those towers again? I can't~seem to remember.,1250
vox_plr_2_pap_wait2_2,I don't want to hear any crap about third time lucky. Make~it good this time.,I don't want to hear anything about third time lucky. Make~it good this time.,1250
vox_plr_2_pap_wait2_4,Ain't there a way to make this work without paying? Like~putting a quarter on a string or something?,Ain't there a way to make this work without paying? Like~putting a quarter on a string or something?,1250
vox_plr_2_perk_doubletap_0,"I ain't drinking it for the taste, just the effect.","I ain't drinking it for the taste, just the effect.",1250
vox_plr_2_perk_jugga_0,Juggernaug? I always thought that was supposed to make you~stronger. Ain't happened yet.,Juggernaug? I always thought that was supposed to make you~stronger. Ain't happened yet.,1250
vox_plr_2_perk_mule_0,Don't expect much difference. I can already carry more~than those jokers.,Don't expect much difference. I can already carry more~than those jokers.,1250
vox_plr_2_perk_revive_0,May as well drink it. Someone's bound to go down at some~point.,May as well drink it. Someone's bound to go down at some~point.,1250
vox_plr_2_perk_speed_0,"Damn, this makes me a bit jittery.","Damn, this makes me a bit jittery!",1250
vox_plr_2_perk_stamine_0,What? No twist of lime? The song sold me on a lot!,What? No twist of lime? The song sold me on a lot!,1250
vox_plr_2_perk_vulture_0,"I'd like to say how sweet that tasted. Unfortunately, I~can't.","I'd like to say how sweet that tasted. Unfortunately, I~can't.",1250
vox_plr_2_perk_vulture_1,Is this made from carrots? My mom always told me they help~you see in the dark.,Is this made from carrots? My mom always told me they help~you see in the dark.,1250
vox_plr_2_pickup_bomb_0,Wonder if Marlton knows what this is.,Wonder if Marlton knows what this is.,1250
vox_plr_2_pickup_bomb_1,"It's a weird looking thing, all right. Maybe I should get~Droopinger to try it out.","It's a weird looking thing, all right. Maybe I should get~Droopinger to try it out.",1250
vox_plr_2_pickup_bomb_2,I'm not even sure this is a weapon.,I'm not even sure this is a weapon.,1250
vox_plr_2_pickup_booze_0,Can't do no harm to hang on to this booze.,Can't do no harm to hang on to this booze.,1250
vox_plr_2_pickup_booze_1,"If I take this booze, at least I know Stupid Jerk won't~get himself all drunk and stupid.","If I take this booze, at least I know Stupid Jerk won't~get himself all drunk and stupid.",1250
vox_plr_2_pickup_booze_2,"You never know, someone might really want a drink.","You never know, someone might really want a drink.",1250
vox_plr_2_pickup_candy_0,This candy could have been sitting here for years.,This candy could have been sitting here for years.,1250
vox_plr_2_pickup_candy_1,Ain't gonna hurt to keep this candy handy.,Ain't gonna hurt to keep this candy handy.,1250
vox_plr_2_pickup_candy_2,Maybe someone around here likes the sweet stuff.,Maybe someone around here likes the sweet stuff.,1250
vox_plr_2_pickup_key_0,"Huh, I wonder what this unlocks.","Huh, I wonder what this unlocks.",1250
vox_plr_2_pickup_key_1,It's a key for something!,It's a key for something!,1250
vox_plr_2_pickup_key_2,This key should be useful.,This key should be useful.,1250
vox_plr_2_pickup_raymk2_0,"Okay, Mark II, you ready to impress me?","Okay, Mark II, you ready to impress me?",1250
vox_plr_2_pickup_raymk2_1,"If this ain't a real step up, I'm gonna be pretty~disappointed.","If this ain't a real step up, I'm gonna be pretty~disappointed.",1250
vox_plr_2_pickup_raymk2_2,"Well, look at what we have here! A new Ray Gun?","Well, look at what we have here! A new Ray Gun?",1250
vox_plr_2_pickup_raymk2_3,"Did you make this, Marlton?","Did you make this, Marlton?",1250
vox_plr_2_pickup_raymk2_4,"Oh, I love it when you got something new for us, box!","Oh, I love it when you got something new for us, box!",1250
vox_plr_2_pickup_six_shooter_0,Now this looks like some good old-fashioned fun!,Now this looks like some good old-fashioned fun!,1250
vox_plr_2_pickup_six_shooter_1,"Even without that stupid soda, I am quick on the draw.","Even without that stupid soda, I am quick on the draw.",1250
vox_plr_2_pickup_six_shooter_2,Woo! The West is about to get a whole lot wilder now that~I got this.,Woo! The West is about to get a whole lot wilder now that~I got this.,1250
vox_plr_2_place_hc_0,"Hey, Rot Gobblers! Want a free haircut? Huh?","Hey, Rot Gobblers! Want a free haircut? Huh?",1250
vox_plr_2_place_sw_0,I'm gonna start this up right here.,I'm gonna start this up right here.,1250
vox_plr_2_place_sw_world_0,I think I can find a better place for this.,I think I can find a better place for this.,1250
vox_plr_2_place_ts_0,This looks like a good place to set this up.,This looks like a good place to set this up.,1250
vox_plr_2_place_turbine_0,This looks like a good place to put a turban.,This looks like a good place to put a turban.,1250
vox_plr_2_power_on_0,Alright! Now we got some power!,Alright! Now we got some power!,1250
vox_plr_2_power_on_1,The power's on! Seems like that's always the first thing~we do when we go somewhere new.,The power's on! Seems like that's always the first thing~we do when we go somewhere new.,1250
vox_plr_2_powerup_ammo_0,Woo! Good news! We just got loaded up!,Woo! Good news! We just got loaded up!,1250
vox_plr_2_powerup_ammo_1,"Haha, now there's a bit of luck!","Haha, now there's a bit of luck!",1250
vox_plr_2_powerup_ammo_2,Make them count! You never know when we'll get another~one!,Make them count! You never know when we'll get another~one!,1250
vox_plr_2_powerup_ammo_3,"Max fuckin' ammo, alright!",Max Ammo! All right!,1250
vox_plr_2_powerup_carp_0,Boarding up the windows for us? How kind.,Boarding up the windows for us? How kind.,1250
vox_plr_2_powerup_carp_1,"It ain't much, but it's better than nothing.","It ain't much, but it's better than nothing.",1250
vox_plr_2_powerup_carp_2,"Carpenter? Sure, we'll take all the help we can get.","Carpenter? Sure, we'll take all the help we can get.",1250
vox_plr_2_powerup_double_0,"Ooh, it's payday, boys! We just got ourselves double~points!","Ooh, it's payday, boys! We just got ourselves double~points!",1250
vox_plr_2_powerup_double_1,Ha! It's like they're giving it away!,Ha! It's like they're giving it away!,1250
vox_plr_2_powerup_double_2,Now's our chance to rack up the cash!,Now's our chance to rack up the cash!,1250
vox_plr_2_powerup_double_3,"Well, how's that for motivation?","Well, how's that for motivation?",1250
vox_plr_2_powerup_firesale_0,Stock up on weapons! The box is feeling generous!,Stock up on weapons! The box is feeling generous!,1250
vox_plr_2_powerup_firesale_1,Box is having a gun sale! Let's get to it!,Box is having a gun sale! Let's get to it!,1250
vox_plr_2_powerup_firesale_2,Now who doesn't like free stuff?,Now who doesn't like free stuff?,1250
vox_plr_2_powerup_insta_0,"Hit em fast, hit em hard!","Hit em fast, hit em hard!",1250
vox_plr_2_powerup_insta_1,You rotbags are getting knocked the fuck out!,You rotbags are getting knocked out!,1250
vox_plr_2_powerup_insta_2,Who wants to mess with Misty?,Who wants to mess with Misty?,1250
vox_plr_2_powerup_insta_3,"Oh, let's go start some trouble!","Oh, let's go start some trouble!",1250
vox_plr_2_powerup_nuke_0,Ha ha! That shot him up!,Ha ha! That shot him up!,1250
vox_plr_2_powerup_nuke_1,Woo! That was a big one!,Woo! That was a big one!,1250
vox_plr_2_powerup_nuke_2,Looks like we just bought ourselves some time!,Looks like we just bought ourselves some time!,1250
vox_plr_2_powerup_nuke_3,Just what I wanted. A nice big boom to shut them up.,Just what I wanted. A nice big boom to shut them up.,1250
vox_plr_2_react_stink_0,Oh boy! I'm gonna need a long shower after this!,Oh boy! I'm gonna need a long shower after this!,1250
vox_plr_2_react_stink_1,"I know I'm a bit stinky, but it ain't no worse than when I~worked on the farm.","I know I'm a bit stinky, but it ain't no worse than when I~worked on the farm.",1250
vox_plr_2_react_stink_2,I know! I reek pretty bad!,I know! I reek pretty bad!,1250
vox_plr_2_react_stink_3,Ugh! It's not me!,Ugh! It's not me!,1250
vox_plr_2_rebuild_boards_0,I'm only doing this for the money.,I'm only doing this for the money.,1250
vox_plr_2_rebuild_boards_1,"This'll hold him! For about ten seconds, anyway.","This'll hold him! For about ten seconds, anyway.",1250
vox_plr_2_respond_ghost_0,"What was that? I swear, I felt something breathing on my~neck.","What was that? I swear, I felt something breathing on my~neck.",1250
vox_plr_2_respond_ghost_1,"I ain't afraid. You better try spooking someone else, you~bitch-ass ghost.","I ain't afraid. You better try spooking someone else, you~bitch-ass ghost.",1250
vox_plr_2_respond_stuhlinger_0,"Ah, put a sock in it, stupid jerk! Before I use my boot.","Ah, put a sock in it, stupid jerk! Before I use my boot.",1250
vox_plr_2_respond_stuhlinger_1,"No one cares what your brain buddy tells you, Drool~Finger.","No one cares what your brain buddy tells you, Drool~Finger.",1250
vox_plr_2_respond_stuhlinger_2,"Ha! I know one thing about the voice in your head, stool~finger. He can't be all that smart if he wants to talk to|you.","Ha! I know one thing about the voice in your head, stool~finger. He can't be all that smart if he wants to talk to|you.",1250
vox_plr_2_respond_stuhlinger_3,"Hey, stupid jerk! Will you do me a favor and shut the fuck~up? Honestly, you just go on and on and on!","Strollfinger, will you do me a favor and just shut up?~Honestly, you just go on and on and on.",1250
vox_plr_2_response_stink_0,"Dude, what is wrong with you? Seriously, you reek.","Dude, what is wrong with you? Seriously, you reek.",1250
vox_plr_2_response_stink_1,Someone let one go!,Someone let one go!,1250
vox_plr_2_riv_resp_kill_headshot_0,"Oh, you've been taking lessons, Marlton?","Oh, you've been taking lessons, Marlton?",1250
vox_plr_2_riv_resp_kill_headshot_1,Wow! Marlton's stepping up his game!,Wow! Marlton's stepping up his game!,1250
vox_plr_2_riv_resp_surrounded_0,"Shit, Marlton! How'd you let that happen?","Come on, Marlton! How'd you let that happen?",1250
vox_plr_2_riv_resp_surrounded_1,Shit flickers and trouble! Try not to laugh!,Shit flickers and trouble! Try not to laugh!,1250
vox_plr_2_sloth_1st_bottle_0,"Hey, how about something to drink?","Hey, how about something to drink?",1250
vox_plr_2_sloth_clears_path_0,"Nice going, big guy! You smashed the shit out of that!","Nice going, big guy! You smashed that real good!",1250
vox_plr_2_sloth_crawler_0,Can't the big guy take these runts hostage?,Can't the big guy take these runts hostage?,1250
vox_plr_2_sloth_crawler_1,"Aw, where's that giant dude when you need him?","Aw, where's that giant dude when you need him?",1250
vox_plr_2_sloth_crawler_2,We ought to get the big dude to show these crawlers who's~boss.,We ought to get the big dude to show these crawlers who's~boss.,1250
vox_plr_2_sloth_encounter_0,Great! Let's hope the Z-Bags can't get in.,Great! Let's hope the Z-Bags can't get in.,1250
vox_plr_2_sloth_encounter_1,I reckon we should bust the poor lug out of his cell.,I reckon we should bust the poor lug out of his cell.,1250
vox_plr_2_sloth_generic_feed_0,"You want the sweet stuff, don't you?","You want the sweet stuff, don't you?",1250
vox_plr_2_sloth_generic_feed_1,Would you like some of this?,Would you like some of this?,1250
vox_plr_2_sloth_generic_feed_2,I got something for ya.,I got something for ya.,1250
vox_plr_2_sloth_generic_feed_3,This is for you.,This is for you.,1250
vox_plr_2_sloth_retreat_cell_0,He's taking off again!,He's taking off again!,1250
vox_plr_2_sloth_run_0,"Hey, where are you going?","Hey, where are you going?",1250
vox_plr_2_sloth_unlocked_0,"Oh, he's scared.","Oh, he's scared.",1250
vox_plr_2_stay_topside_0,Shouldn't we be looking to explore a little?,Shouldn't we be looking to explore a little?,1250
vox_plr_2_stuhlinger_madness_0,"Ah, have we just made things worse?","Ah, have we just made things worse?",1250
vox_plr_2_throw_bomb_0,Is that it? Kinda disappointing.,Is that it? Kinda disappointing.,1250
vox_plr_2_throw_bomb_1,Is it on a timer or something?,Is it on a timer or something?,1250
vox_plr_2_throw_bomb_2,I don't get it. What does it actually do?,I don't get it. What does it actually do?,1250
vox_plr_2_wall_withdrawl_0,I kinda need this after all.,I kinda need this after all.,1250
vox_plr_2_wall_withdrawl_1,I knew I'd come back for this one day!,I knew I'd come back for this one day!,1250
vox_plr_2_wall_withdrawl_2,Ha! Glad to see this was still here!,Ha! Glad to see this was still here!,1250
vox_plr_2_weapon_storage_0,You can stay right here. I might need you later.,You can stay right here. I might need you later.,1250
vox_plr_2_weapon_storage_1,"I like to know where my weapons are gonna be, in case I~need something in a pinch.","I like to know where my weapons are gonna be, in case I~need something in a pinch.",1250
vox_plr_2_weapon_storage_2,Looks like just the right spot for this.,Looks like just the right spot for this.,1250
vox_plr_2_weapon_storage_3,I'll come back when I need you.,I'll come back when I need you.,1250
vox_plr_2_weapon_storage_4,Least I know I can always get something here.,Least I know I can always get something here.,1250
vox_plr_2_weapon_storage_5,Always a good idea to keep a little firepower stowed away.,Always a good idea to keep a little firepower stowed away.,1250
vox_plr_2_weapon_storage_6,I think I'll lock this up for when I really need it.,I think I'll lock this up for when I really need it.,1250
vox_plr_2_wpck_57_0,Only one this time? Doesn't really matter. I'm still gonna~fuck shit up.,Only one this time. Doesn't really matter. I'm still gonna~mess them up.,1250
vox_plr_2_wpck_57_1,Some people say less is more. They're wrong. More is more.,Some people say less is more. They're wrong. More is more.,1250
vox_plr_2_wpck_dsr50_0,"Hey, Poopfinger, you need to use the bathroom. You can~borrow my scope.","Hey, Poopfinger, you need to use the bathroom. You can~borrow my scope.",1250
vox_plr_2_wpck_dsr50_1,Sniper Rifle? You have any idea how many freaks are out~there?,Sniper Rifle? You have any idea how many freaks are out~there?,1250
vox_plr_2_wpck_dsr50_2,Did I look happy last time you gave me one of these? No! I~fucking didn't!,"Did I look happy last time you gave me one of these? No, I~didn't.",1250
vox_plr_2_wpck_duel57_0,What? Is it buy one get one free or something?,What? Is it buy one get one free or something?,1250
vox_plr_2_wpck_duel57_1,Really? Why not two Ray Guns?,Really? Why not two Ray Guns?,1250
vox_plr_2_wpck_duel57_2,I'll take them both. Thank you very much.,I'll take them both. Thank you very much.,1250
vox_plr_2_wpck_fal_0,"Once again, we rely on the classics. Fine by me.","Once again, we rely on the classics. Fine by me.",1250
vox_plr_2_wpck_fal_1,I don't think there's a soul alive who ain't fired one of~these.,I don't think there's a soul alive who ain't fired one of~these.,1250
vox_plr_2_wpck_fal_2,"Semi-auto, high damage. Sounds like a fun time.","Semi-auto, high damage. Sounds like a fun time.",1250
vox_plr_2_wpck_galil_0,"They call this a multi-purpose weapon, but I only plan to~use it for one thing.","They call this a multi-purpose weapon, but I only plan to~use it for one thing.",1250
vox_plr_2_wpck_galil_1,This one sure is reliable. And I like shit that don't~break easily.,"This one sure is reliable, and I don't break easily.",1250
vox_plr_2_wpck_galil_2,"Feels a little light. Hey, how about throwing in an~extended mag, buddy?","Feels a little light. Hey, how about throwing in an~extended mag, buddy?",1250
vox_plr_2_wpck_hamr_0,"When it comes to sustained fire, ain't much that can beat~this.","When it comes to sustained fire, ain't much that can beat~this.",1250
vox_plr_2_wpck_hamr_1,"Come to Misty, baby. We're gonna burn through so much~ammo.","Come to Misty, baby. We're gonna burn through so much~ammo.",1250
vox_plr_2_wpck_hamr_2,This one's a keeper for sure!,This one's a keeper for sure!,1250
vox_plr_2_wpck_judge_0,The executioner works for me. I'm in the mood to start a~fight.,The executioner works for me. I'm in the mood to start a~fight.,1250
vox_plr_2_wpck_judge_1,Now that there is a thing of beauty. Destructive beauty.,Now that there is a thing of beauty. Destructive beauty.,1250
vox_plr_2_wpck_judge_2,Who wants to say hello to my personal executioner?,Who wants to say hello to my personal executioner?,1250
vox_plr_2_wpck_kap_0,Cap 40? Huh! Can't beat the balancing act on this little~baby.,Cap 40? Huh! Can't beat the balancing act on this little~baby.,1250
vox_plr_2_wpck_kap_1,"Gotta admit, sometimes I miss the buzz you get from~recoil.","Gotta admit, sometimes I miss the buzz you get from~recoil.",1250
vox_plr_2_wpck_kap_2,"Show me a fully automatic pistol, and I'll show you my~happy face.","Show me a fully automatic pistol, and I'll show you my~happy face.",1250
vox_plr_2_wpck_knife_0,Carving up freaks from a distance? I love it!,Carving up freaks from a distance? I love it!,1250
vox_plr_2_wpck_knife_1,"Piece of advice, stool licker. Don't keep these in your~pockets. Could take your ballistics right off.","Piece of advice, stool licker. Don't keep these in your~pockets. Could take your ballistics right off.",1250
vox_plr_2_wpck_knife_2,"Kinda on the tiddly side. Wait, what? The blades shoot~out? That's awesome!","Kinda on the tiddly side. Wait, what? The blades shoot~out? That's awesome!",1250
vox_plr_2_wpck_m1216_0,It's like you knew my heart's desire!,It's like you knew my heart's desire!,1250
vox_plr_2_wpck_m1216_1,"Ooh, start digging graves, fellas! Misty is ready to work!","Ooh, start digging graves, fellas! Misty is ready to work!",1250
vox_plr_2_wpck_m1216_2,This is what I want! Each and every time! Got it?,This is what I want! Each and every time! Got it?,1250
vox_plr_2_wpck_m1216_3,"Oh, I am truly blessed.","Oh, I am truly blessed.",1250
vox_plr_2_wpck_m1216_4,Woo! Woo! I hit the jackpot this time!,Woo! Woo! I hit the jackpot this time!,1250
vox_plr_2_wpck_m32_0,Yeah! Let's take the roof off of this place!,Yeah! Let's take the roof off of this place!,1250
vox_plr_2_wpck_m32_1,"Firing off grenades in an enclosed space. Sure, what could~go wrong?","Firing off grenades in an enclosed space. Sure, what could~go wrong?",1250
vox_plr_2_wpck_m32_2,These things will take your darn face off if you ain't~careful. Screw it. I like living on the edge.,These things will take your darn face off if you ain't~careful. Screw it. I like living on the edge.,1250
vox_plr_2_wpck_m82a1_0,Maybe I'll just wave it at him. See if that works.,Maybe I'll just wave it at him. See if that works.,1250
vox_plr_2_wpck_m82a1_1,"Sure, it's powerful, but do you expect me to go perch on a~mountain?","Sure, it's powerful, but do you expect me to go perch on a~mountain?",1250
vox_plr_2_wpck_m82a1_2,"Sure, it's all fun and games until they're right on top of~ya!","Sure, it's all fun and games until they're right on top of~ya!",1250
vox_plr_2_wpck_monkey_0,Ha! Monkey Bomb! I love these little guys!,Ha! Monkey Bomb! I love these little guys!,1250
vox_plr_2_wpck_monkey_1,I'm so glad you're just a toy. Hurting real monkeys is not~cool.,I'm so glad you're just a toy. Hurting real monkeys is not~cool.,1250
vox_plr_2_wpck_monkey_2,"You sure know how to impress me, monkey. It's not that~hard, really. Just blow some shit up.","You sure know how to impress me, monkey. It's not that~hard, really. Just blow some stuff up.",1250
vox_plr_2_wpck_mtar_0,"Huh, nothing too fancy. But sometimes you gotta appreciate~a good all-rounder.","Huh, nothing too fancy. But sometimes you gotta appreciate~a good all-rounder.",1250
vox_plr_2_wpck_mtar_1,This'll work just fine in almost any situation.,This'll work just fine in almost any situation.,1250
vox_plr_2_wpck_mtar_2,You'll get no complaints from me. This one's a keeper for~sure.,You'll get no complaints from me. This one's a keeper for~sure.,1250
vox_plr_2_wpck_paralyzer_0,"Aside from occasional overheating, this is a bucket load~of fun.","Aside from occasional overheating, this is a bucket load~of fun.",1250
vox_plr_2_wpck_paralyzer_1,Ha! They always have that I-know-I'm-fucked look on their~face when you hit them with this.,Ha! They always have that look on their face when you hit~them with this.,1250
vox_plr_2_wpck_paralyzer_2,Why do I suspect infinite ammo gonna come with strings~attached?,Why do I suspect infinite ammo gonna come with strings~attached?,1250
vox_plr_2_wpck_python_0,"Ooh, I like the buzz it gives me when it goes off.","Ooh, I like the buzz it gives me when it goes off.",1250
vox_plr_2_wpck_python_1,Who gives a shit about accuracy when you've got one of~these?,Who gives a about accuracy when you've got one of these?,1250
vox_plr_2_wpck_python_2,Now this is one way to win an argument.,Now this is one way to win an argument.,1250
vox_plr_2_wpck_ray_0,Ha! You sure are powerful for such a little thing.,Ha! You sure are powerful for such a little thing.,1250
vox_plr_2_wpck_ray_1,This'll make their blood boil!,This'll make their blood boil!,1250
vox_plr_2_wpck_ray_2,A ray gun? For me? Is it my birthday or something?,A ray gun? For me? Is it my birthday or something?,1250
vox_plr_2_wpck_rpg_0,"Put your ear plugs in, stupid finger. I plan on making a~whole lot of noise.","Put your ear plugs in, stupid finger. I plan on making a~whole lot of noise.",1250
vox_plr_2_wpck_rpg_1,Fighting at close quarters gets real interesting with one~of these.,Fighting at close quarters gets real interesting with one~of these.,1250
vox_plr_2_wpck_rpg_2,At least the noise will drown out Droolfinger's whiny-ass~voice.,At least the noise will drown out Droolfinger's whiny-ass~voice.,1250
vox_plr_2_wpck_saiga12_0,"Aw, my stick of boom will stick it to him good!","Aw, my stick of boom will stick it to him good!",1250
vox_plr_2_wpck_saiga12_1,Daddy always kept one of these on hand. In case I was~getting married.,Daddy always kept one of these on hand. In case I was~getting married.,1250
vox_plr_2_wpck_saiga12_2,Ha! Nothing says fuck you like a shotgun!,Nothing says I love you like a shotgun.,1250
vox_plr_2_wpck_smr_0,"Semi-auto or not, they're still gonna be fully dead!","Semi-auto or not, they're still gonna be fully dead!",1250
vox_plr_2_wpck_smr_1,Don't care too much about low recoil. I like to feel a~weapon's power.,Don't care too much about low recoil. I like to feel a~weapon's power.,1250
vox_plr_2_wpck_smr_2,"So long as they're within range, this'll do me just fine.","So long as they're within range, this'll do me just fine.",1250
vox_plr_3_activate_bomb_0,It appears that we have traversed our own timeline!,It appears that we have traversed our own timeline!,1250
vox_plr_3_activate_bomb_1,I dare not speculate on the paradox we may have created.,I dare not speculate on the paradox we may have created.,1250
vox_plr_3_activate_bomb_2,Could this same technology be in part responsible for our~ongoing sense of deja vu?,Could this same technology be in part responsible for our~ongoing sense of deja vu?,1250
vox_plr_3_ammo_drop_0,"A few scraps, thrown the needy.","A few scraps, thrown the needy.",1250
vox_plr_3_ammo_drop_1,"That's better than nothing, albeit by the tiniest of~margins.","That's better than nothing, albeit by the tiniest of~margins.",1250
vox_plr_3_ammo_drop_2,Never look a gift horse in the mouth. Horses can and will~bite if provoked.,Never look a gift horse in the mouth. Horses can and will~bite if provoked.,1250
vox_plr_3_ammo_low_0,"Ultimately, I knew my fate would come down to diminished~ammo!","Ultimately, I knew my fate would come down to diminished~ammo!",1250
vox_plr_3_ammo_low_1,Perhaps this ammo deficiency is only temporary.,Perhaps this ammo deficiency is only temporary.,1250
vox_plr_3_ammo_low_2,"At this point, I would like to draw my attention to my~rather dire ammunition situation!","At this point, I would like to draw my attention to my~rather dire ammunition situation!",1250
vox_plr_3_ammo_low_3,My ammunition is rapidly approaching zero level!,My ammunition is rapidly approaching zero level!,1250
vox_plr_3_ammo_low_4,"I could complain about ammo, but what good would it do?","I could complain about ammo, but what good would it do?",1250
vox_plr_3_ammo_out_0,"Okay, it appears things can go from bad to worse.","Okay, it appears things can go from bad to worse.",1250
vox_plr_3_ammo_out_1,"Sadly, my weapons are now completely empty.","Sadly, my weapons are now completely empty.",1250
vox_plr_3_ammo_out_2,"Soon, I fear, the grim specter of death will place his icy~hand upon my shoulder.","Soon, I fear, the grim specter of death will place his icy~hand upon my shoulder.",1250
vox_plr_3_ammo_out_3,"This is unfortunate, especially for oneself.","This is unfortunate, especially for oneself.",1250
vox_plr_3_ammo_out_4,Am-mu-ni-tion! How better may I express my rather urgent~need?,Am-mu-ni-tion! How better may I express my rather urgent~need?,1250
vox_plr_3_ammo_out_5,I knew this moment would come. The moment when all~ammunition is expended.,I knew this moment would come. The moment when all~ammunition is expended.,1250
vox_plr_3_ammo_switch_0,This seems like a good moment to switch weapons!,This seems like a good moment to switch weapons!,1250
vox_plr_3_ammo_switch_1,"My primary is empty! Ooh, but what of my secondary?","My primary is empty! Ooh, but what of my secondary?",1250
vox_plr_3_ammo_switch_2,"At this juncture, I should perhaps try with my other~weapon.","At this juncture, I should perhaps try with my other~weapon.",1250
vox_plr_3_ammo_switch_3,Surely one of my weapons has ammo?,Surely one of my weapons has ammo?,1250
vox_plr_3_ammo_switch_4,"At this moment, I suspect that I will fare better with my~other weapon.","At this moment, I suspect that I will fare better with my~other weapon.",1250
vox_plr_3_ammo_switch_5,"This weapon is clearly empty, but what of my other?","This weapon is clearly empty, but what of my other?",1250
vox_plr_3_bank_deposit_0,"Evidently, I have no option but to trust you with this.","Evidently, I have no option but to trust you with this.",1250
vox_plr_3_bank_deposit_1,I would feel safer not carrying this around in my pocket.~You never know what might happen.,I would feel safer not carrying this around in my pocket.~You never know what might happen.,1250
vox_plr_3_bank_withdrawl_0,The lack of paperwork involved in the process is somewhat~surprising.,The lack of paperwork involved in the process is somewhat~surprising.,1250
vox_plr_3_bank_withdrawl_1,"Um, shouldn't you give me a receipt?","Um, shouldn't you give me a receipt?",1250
vox_plr_3_box_move_0,Perhaps your disappearances are scheduled to occur at~predetermined intervals.,Perhaps your disappearances are scheduled to occur at~predetermined intervals.,1250
vox_plr_3_box_move_1,"Ah, such is life. Our heart's desires perpetually beyond~our reach.","Ah, such is life. Our heart's desires perpetually beyond~our reach.",1250
vox_plr_3_box_move_2,I know now that your only purpose is to taunt and torture~us!,I know now that your only purpose is to taunt and torture~us!,1250
vox_plr_3_box_move_3,"I would laugh at the irony, but there is none. Only~tragedy.","I would laugh at the irony, but there is none. Only~tragedy.",1250
vox_plr_3_box_move_4,"We will find you by a process of elimination, if nothing~else.","We will find you by a process of elimination, if nothing~else.",1250
vox_plr_3_box_move_5,This feels a lot like persecution.,This feels a lot like persecution.,1250
vox_plr_3_build_add_0,I shall create something from my own feverish imagination.,I shall create something from my own feverish imagination.,1250
vox_plr_3_build_add_1,It seems that this component is integral to the final~design.,It seems that this component is integral to the final~design.,1250
vox_plr_3_build_add_2,"Unless I'm mistaken, which I doubt, this appears to go~here.","Unless I'm mistaken, which I doubt, this appears to go~here.",1250
vox_plr_3_build_add_3,"I am not yet sure what I'm making, but I will soon enough.","I am not yet sure what I'm making, but I will soon enough.",1250
vox_plr_3_build_add_4,"Ooh, these items go together most amicably.","Ooh, these items go together most amicably.",1250
vox_plr_3_build_add_5,I will construct this device for the benefit of us all.,I will construct this device for the benefit of us all.,1250
vox_plr_3_build_add_6,Russman and Stuhlinger are far better suited for manual~labor. Pity they lack the intellect to make anything|useful.,Russman and Stuhlinger are far better suited for manual~labor. Pity they lack the intellect to make anything|useful.,1250
vox_plr_3_build_add_7,I believe I am making progress!,I believe I am making progress!,1250
vox_plr_3_build_add_8,"When complete, I am sure that this will be most useful.","When complete, I am sure that this will be most useful.",1250
vox_plr_3_build_add_9,"The process itself is tedious, but the ends justify the~means.","The process itself is tedious, but the ends justify the~means.",1250
vox_plr_3_build_hc_drop_0,"At this moment, I see no benefit to carrying this around.","At this moment, I see no benefit to carrying this around.",1250
vox_plr_3_build_hc_final_0,"This contraption appears to serve one purpose only.~Fortunately, chopping up the undead is a worthwhile one.","This contraption appears to serve one purpose only.~Fortunately, chopping up the undead is a worthwhile one.",1250
vox_plr_3_build_hc_pickup_0,"Who left this here? Someone could really hurt themself,~you know!","Who left this here? Someone could really hurt themself,~you know!",1250
vox_plr_3_build_hc_take_0,"Oh, I should be careful when carrying this device, lest I~have some blade-related mishap.","Oh, I should be careful when carrying this device, lest I~have some blade-related mishap.",1250
vox_plr_3_build_need_part_0,"Oh dear. Once again, I must face the horde in order to~locate an item of indeterminate purpose.","Oh dear. Once again, I must face the horde in order to~locate an item of indeterminate purpose.",1250
vox_plr_3_build_need_part_1,I will return more suitably equipped.,I will return more suitably equipped.,1250
vox_plr_3_build_need_part_2,"Ah, yes, like so many things in life, something is~missing.","Ah, yes, like so many things in life, something is~missing.",1250
vox_plr_3_build_pickup_0,"Huh, this is some kind of... something.","Huh, this is some kind of... something.",1250
vox_plr_3_build_pickup_1,I will keep this to hand.,I will keep this to hand.,1250
vox_plr_3_build_pickup_10,I found something!,I found something!,1250
vox_plr_3_build_pickup_11,I can thoroughly imagine what germs come with this object.,I can thoroughly imagine what germs come with this object.,1250
vox_plr_3_build_pickup_2,This appears to be a component of something.,This appears to be a component of something.,1250
vox_plr_3_build_pickup_3,I have found an object of some kind.,I have found an object of some kind.,1250
vox_plr_3_build_pickup_4,"Ooh, it may be wise to keep hold of this.","Ooh, it may be wise to keep hold of this.",1250
vox_plr_3_build_pickup_5,Tis this a dagger which I see before me? Clearly not. I~was just quoting the bard.,Tis this a dagger which I see before me? Clearly not. I~was just quoting the bard.,1250
vox_plr_3_build_pickup_6,"Though I have no purpose in mind, I will take this~nonetheless.","Though I have no purpose in mind, I will take this~nonetheless.",1250
vox_plr_3_build_pickup_7,"Unless anyone objects, I intend to keep this.","Unless anyone objects, I intend to keep this.",1250
vox_plr_3_build_pickup_8,"I cannot imagine why we will need this, but no doubt we~will.","I cannot imagine why we will need this, but no doubt we~will.",1250
vox_plr_3_build_pickup_9,No one would leave this here without good reason. Or would~they?,No one would leave this here without good reason. Or would~they?,1250
vox_plr_3_build_stm_drop_0,I don't even like this thing.,I don't even like this thing.,1250
vox_plr_3_build_stm_final_0,"Judging by the components alone, this would appear to be~some kind of launching device.","Judging by the components alone, this would appear to be~some kind of launching device.",1250
vox_plr_3_build_stm_pickup_0,It is with considerable reluctance that I take this cursed~contraption.,It is with considerable reluctance that I take this cursed~contraption.,1250
vox_plr_3_build_stm_take_0,Of course! It's a death trap!,Of course! It's a death trap!,1250
vox_plr_3_build_sw_drop_0,Nope. Just too heavy for me right now.,Nope. Just too heavy for me right now.,1250
vox_plr_3_build_sw_final_0,"Audio-visual equipment has always been something of a~speciality to me. Eh, Russman?","Audio-visual equipment has always been something of a~speciality to me. Eh, Russman?",1250
vox_plr_3_build_sw_pickup_0,I predict with absolute certainty that we will soon need~this item.,I predict with absolute certainty that we will soon need~this item.,1250
vox_plr_3_build_sw_take_0,I am sure I will find a purpose for this. Eventually.,I am sure I will find a purpose for this. Eventually.,1250
vox_plr_3_build_swap_0,"A simple trade, I think.","A simple trade, I think.",1250
vox_plr_3_build_swap_1,"If I must choose, then I choose this.","If I must choose, then I choose this.",1250
vox_plr_3_build_swap_2,I have little way of knowing which is more important.,I have little way of knowing which is more important.,1250
vox_plr_3_build_swap_3,If only I had an ant's ability to carry substantial~weight!,If only I had an ant's ability to carry substantial~weight!,1250
vox_plr_3_build_swap_4,I reserve the right to change my mind.,I reserve the right to change my mind.,1250
vox_plr_3_build_swap_5,I hope I do not regret this choice.,I hope I do not regret this choice.,1250
vox_plr_3_build_swap_6,"Yes, I understand that I cannot have both.","Yes, I understand that I cannot have both.",1250
vox_plr_3_build_swap_7,"Though I cannot be certain, I think I would rather have~this.","Though I cannot be certain, I think I would rather have~this.",1250
vox_plr_3_build_swap_8,"In reality, I have no way of knowing which of these is~more important.","In reality, I have no way of knowing which of these is~more important.",1250
vox_plr_3_build_swap_9,"At this point, I think I prefer to swap these two items.","At this point, I think I prefer to swap these two items.",1250
vox_plr_3_build_trb_drop_0,Perhaps one of my erstwhile companions will find a use for~this.,Perhaps one of my erstwhile companions will find a use for~this.,1250
vox_plr_3_build_trb_final_0,Seeing this come together elicits a strong sense of deja~vu.,Seeing this come together elicits a strong sense of deja~vu.,1250
vox_plr_3_build_trb_pickup_0,"Well, if no one else wants it.","Well, if no one else wants it.",1250
vox_plr_3_build_trb_take_0,"A TURBINE! I knew that already, of course.","A TURBINE! I knew that already, of course.",1250
vox_plr_3_build_wrong_part_0,"I suppose such errors are inevitable, given the woefully~inadequate instructions.","I suppose such errors are inevitable, given the woefully~inadequate instructions.",1250
vox_plr_3_build_wrong_part_1,Could I perhaps have some clue as to what I'm looking for?,Could I perhaps have some clue as to what I'm looking for?,1250
vox_plr_3_build_wrong_part_2,It would be easier to bring the correct parts if I~actually knew just what it is I'm building!,It would be easier to bring the correct parts if I~actually knew just what it is I'm building!,1250
vox_plr_3_crawler_attack_0,He's biting me! I feel compelled to take action now!,He's biting me! I feel compelled to take action now!,1250
vox_plr_3_crawler_attack_1,What is it you want? Do you even know?,What is it you want? Do you even know?,1250
vox_plr_3_crawler_attack_2,WHY HAVEN'T WE KILLED THIS ONE YET?!,WHY HAVEN'T WE KILLED THIS ONE YET?!,1250
vox_plr_3_crawler_attack_3,"Ah, aren't there any other ankles you can bite?","Ah, aren't there any other ankles you can bite?",1250
vox_plr_3_crawler_attack_4,You are really annoying!,You are really annoying!,1250
vox_plr_3_crawler_attack_5,"With the benefit of hindsight, I now know I should have~killed you sooner!","With the benefit of hindsight, I now know I should have~killed you sooner!",1250
vox_plr_3_crawler_attack_6,I fear infection more than anything else!,I fear infection more than anything else!,1250
vox_plr_3_crawler_kill_0,"If it's any consolation, your death was somewhat~inevitable.","If it's any consolation, your death was somewhat~inevitable.",1250
vox_plr_3_crawler_kill_1,Kindly cease your incessant uttering!,Kindly cease your incessant uttering!,1250
vox_plr_3_crawler_kill_2,"I had thought someone else might deal with you, but alas,~they did not.","I had thought someone else might deal with you, but alas,~they did not.",1250
vox_plr_3_crawler_kill_3,"Sorry to say it, but I know you did not find dignity in~death.","Sorry to say it, but I know you did not find dignity in~death.",1250
vox_plr_3_crawler_kill_4,I cannot allow you to continue your pointless existence!,I cannot allow you to continue your pointless existence!,1250
vox_plr_3_crawler_kill_5,Take solace in the fact that you served your purpose.~Whatever it was.,Take solace in the fact that you served your purpose.~Whatever it was.,1250
vox_plr_3_crawler_start_0,I suspect his anger is directly related to the loss of his~legs!,I suspect his anger is directly related to the loss of his~legs!,1250
vox_plr_3_crawler_start_1,"Just so you know, further action is required if he's to be~silenced for good!","Just so you know, further action is required if he's to be~silenced for good!",1250
vox_plr_3_crawler_start_2,"Evidently, acts of violence beget yet more acts of~violence!","Evidently, acts of violence beget yet more acts of~violence!",1250
vox_plr_3_crawler_start_3,No! Nothing says pain like a bisected cadaver!,No! Nothing says pain like a bisected cadaver!,1250
vox_plr_3_crawler_start_4,They say a problem shared is a problem halved. They are~wrong.,They say a problem shared is a problem halved. They are~wrong.,1250
vox_plr_3_crawler_start_5,There remains the problem of just what to do with his~upper torso!,There remains the problem of just what to do with his~upper torso!,1250
vox_plr_3_crawler_start_6,"When you lose your legs, don't come running to me!","When you lose your legs, don't come running to me!",1250
vox_plr_3_earn_acheivement_0,"I recognize the relationship between cause and effect, and~that's effect with an E as opposed to affect, as in|affectation, something you carry around, Russman,~affectation of bravado. Yes, I see what you're up to.","I recognize the relationship between cause and effect, and~that's effect with an E as opposed to affect, as in|affectation, something you carry around, Russman,~affectation of bravado. Yes, I see what you're up to.",1250
vox_plr_3_earn_acheivement_1,Such folly plays little role in my decision making.,Such folly plays little role in my decision making.,1250
vox_plr_3_fall_down_hole_0,It's okay. Don't worry. I'm not hurt. Badly.,It's okay. Don't worry. I'm not hurt. Badly.,1250
vox_plr_3_fall_response_0,Can you estimate the depth? Even an approximation would~make me feel better!,Can you estimate the depth? Even an approximation would~make me feel better!,1250
vox_plr_3_favorite_wall_buy_0,Getting down and dirty is not a tactic that appeals to me.~I shall take this sniper rifle and retreat to a safe|distance.,Getting down and dirty is not a tactic that appeals to me.~I shall take this sniper rifle and retreat to a safe|distance.,1250
vox_plr_3_favorite_wall_buy_1,I am more than happy to purchase this at the advertised~price.,I am more than happy to purchase this at the advertised~price.,1250
vox_plr_3_favorite_wall_buy_2,I doubt that any of my companions appreciate the true~elegance of sniper rifles.,I doubt that any of my companions appreciate the true~elegance of sniper rifles.,1250
vox_plr_3_favorite_wall_buy_3,"The box offers no guarantees. This transaction, however,~is a known commodity.","The box offers no guarantees. This transaction, however,~is a known commodity.",1250
vox_plr_3_favorite_wall_buy_4,"I do not actually recall when the SVU became my favorite,~but my favorite it is nonetheless!","I do not actually recall when the SVU became my favorite,~but my favorite it is nonetheless!",1250
vox_plr_3_find_secret_0,I observe that the shift in our audio experience has no~correlation with our enemy's behaviors.,I observe that the shift in our audio experience has no~correlation with our enemy's behaviors.,1250
vox_plr_3_find_town_0,I suspect this place was a ghost town long before the~tectonic shift.,I suspect this place was a ghost town long before the~tectonic shift.,1250
vox_plr_3_game_start_0,The structural integrity of the earth is barely~maintained.,The structural integrity of the earth is barely~maintained.,1250
vox_plr_3_generic_wall_buy_0,"Given that time is tight, I will simply make do with this.","Given that time is tight, I will simply make do with this.",1250
vox_plr_3_generic_wall_buy_2,"On this occasion, I will just purchase this. The box is~far too unreliable.","On this occasion, I will just purchase this. The box is~far too unreliable.",1250
vox_plr_3_generic_wall_buy_3,"As the saying goes, I do not have time to mess around.","As the saying goes, I do not have time to mess around.",1250
vox_plr_3_generic_wall_buy_4,At least this is a known commodity.,At least this is a known commodity.,1250
vox_plr_3_ghost_damage_0,My refusal to accept your existence does not seem to stop~you from hurting me!,My refusal to accept your existence does not seem to stop~you from hurting me!,1250
vox_plr_3_ghost_damage_1,"LEAVE THIS PLACE, FOUL SPIRIT!","LEAVE THIS PLACE, FOUL SPIRIT!",1250
vox_plr_3_ghost_damage_2,What do you want from me? You already took my money!,What do you want from me? You already took my money!,1250
vox_plr_3_ghost_theft_0,What could a spectral apparition possibly want with money?,What could a spectral apparition possibly want with money?,1250
vox_plr_3_ghost_theft_1,How is it that non-corporeal entity is capable of robbing~me?,How is it that non-corporeal entity is capable of robbing~me?,1250
vox_plr_3_ghost_theft_2,HELP! HELP! I didn't get a look at my assailant but I~think I've been mugged!,HELP! HELP! I didn't get a look at my assailant but I~think I've been mugged!,1250
vox_plr_3_gunshop_chalk_0,Perhaps this item is connected to the mysterious question~mark symbols we've been seeing.,Perhaps this item is connected to the mysterious question~mark symbols we've been seeing.,1250
vox_plr_3_gunshop_chalk_1,We've been seeing chalk outlines of weapons for quite some~time. Could it be possible that this is the chalk that|creates them?,We've been seeing chalk outlines of weapons for quite some~time. Could it be possible that this is the chalk that|creates them?,1250
vox_plr_3_heal_revived_0,I thank you for your assistance in this matter.,I thank you for your assistance in this matter.,1250
vox_plr_3_heal_revived_1,"You wish to perpetuate my misery? Eh, thank you, I guess.","You wish to perpetuate my misery? Eh, thank you, I guess.",1250
vox_plr_3_heal_revived_2,"I will, of course, repay the favor in due time.","I will, of course, repay the favor in due time.",1250
vox_plr_3_heal_revived_3,"There were no winners in this situation, especially not~me.","There were no winners in this situation, especially not~me.",1250
vox_plr_3_heal_revived_4,I extend my sincerest gratitude. Sincerely.,I extend my sincerest gratitude. Sincerely.,1250
vox_plr_3_hr_resp_kill_headshot_0,Ha ha ha ha! Misty! Ha ha! You get more special every day!,Ha ha ha ha! Misty! Ha ha! You get more special every day!,1250
vox_plr_3_hr_resp_kill_headshot_1,"If I could have your assets, Misty, I'd never leave the~house.","If I could have your assets, Misty, I'd never leave the~house.",1250
vox_plr_3_hr_resp_kill_headshot_2,"Ah, I just love watching you, Misty!","Ah, I just love watching you, Misty!",1250
vox_plr_3_hr_resp_surrounded_0,Misty's in trouble! We have to help her!,Misty's in trouble! We have to help her!,1250
vox_plr_3_hr_resp_surrounded_1,"Leave her alone, you monsters!","Leave her alone, you monsters!",1250
vox_plr_3_hr_resp_surrounded_2,"Hold on, Misty! I'll throw myself in front of them if I~have to!","Hold on, Misty! I'll throw myself in front of them if I~have to!",1250
vox_plr_3_in_maze_0,"This should be relatively straightforward, so long as I~take note of every step and every turn.","This should be relatively straightforward, so long as I~take note of every step and every turn.",1250
vox_plr_3_in_maze_1,"I had hoped this would actually be a labyrinth. They are,~after all, significantly more navigable.","I had hoped this would actually be a labyrinth. They are,~after all, significantly more navigable.",1250
vox_plr_3_in_maze_2,"While I usually enjoy puzzles and brain teasers, this~seems like an unnecessarily tedious diversion at this|particular juncture.","While I usually enjoy puzzles and brain teasers, this~seems like an unnecessarily tedious diversion at this|particular juncture.",1250
vox_plr_3_in_maze_3,I have a feeling that something is slightly amiss with~this particular maze.,I have a feeling that something is slightly amiss with~this particular maze.,1250
vox_plr_3_invisible_collision_0,"Oh, that was a curious collision.","Oh, that was a curious collision.",1250
vox_plr_3_invisible_collision_1,"Evidently, I hit something. I cannot see what, though.","Evidently, I hit something. I cannot see what, though.",1250
vox_plr_3_kill_close_0,Your stench is repugnant to my olfactory system!,Your stench is repugnant to my olfactory system!,1250
vox_plr_3_kill_close_1,"Gah! No, no, no one touches me! Not even my mother.","Gah! No, no, no one touches me! Not even my mother.",1250
vox_plr_3_kill_close_2,You were getting far too close for my comfort.,You were getting far too close for my comfort.,1250
vox_plr_3_kill_close_3,"Listen to me, all of you! Maintain a respectful distance~at all times!","Listen to me, all of you! Maintain a respectful distance~at all times!",1250
vox_plr_3_kill_close_4,You made me get my hands dirty!,You made me get my hands dirty!,1250
vox_plr_3_kill_close_5,Can't you show some respect? Even just a little?,Can't you show some respect? Even just a little?,1250
vox_plr_3_kill_close_6,"It is rare for me to resort to profanity, but will you~please just FUCK OFF!","It is rare for me to resort to profanity, but will you~please just fudge off!",1250
vox_plr_3_kill_close_7,That was a far more intimate encounter than I would have~wished for!,That was a far more intimate encounter than I would have~wished for!,1250
vox_plr_3_kill_damaged_0,They say no good deed goes unpunished. Your deed wasn't~even good.,They say no good deed goes unpunished. Your deed wasn't~even good.,1250
vox_plr_3_kill_damaged_1,I return the favor IN KIND!,I return the favor IN KIND!,1250
vox_plr_3_kill_damaged_2,"Until I can shower, revenge is my only recourse!","Until I can shower, revenge is my only recourse!",1250
vox_plr_3_kill_damaged_3,"From the moment you touched me, your fate was sealed!","From the moment you touched me, your fate was sealed!",1250
vox_plr_3_kill_damaged_4,I did not take this path without provocation!,I did not take this path without provocation!,1250
vox_plr_3_kill_damaged_5,What is it with you freaks always trying to touch me?,What is it with you freaks always trying to touch me?,1250
vox_plr_3_kill_damaged_6,"The dead can't speak, so shut up!","The dead can't speak, so shut up!",1250
vox_plr_3_kill_damaged_7,You brought that on yourself.,You brought that on yourself.,1250
vox_plr_3_kill_damaged_8,I'd sympathize with your plight if it wasn't for your~incessant grabbing!,I'd sympathize with your plight if it wasn't for your~incessant grabbing!,1250
vox_plr_3_kill_damaged_9,You left me no other recourse!,You left me no other recourse!,1250
vox_plr_3_kill_headchopper_0,I am glad you creatures are already dead because that was~a horrible way to go!,I am glad you creatures are already dead because that was~a horrible way to go!,1250
vox_plr_3_kill_headchopper_1,"Ah yes, the phrase heads will roll has never been quite so~apropos.","Ah yes, the phrase heads will roll has never been quite so~apropos.",1250
vox_plr_3_kill_headchopper_2,Never in my life did I imagine I would one day operate my~very own decapitation machine.,Never in my life did I imagine I would one day operate my~very own decapitation machine.,1250
vox_plr_3_kill_headchopper_3,I cannot quite explain how this device accounts for~variances in our enemy's height.,I cannot quite explain how this device accounts for~variances in our enemy's height.,1250
vox_plr_3_kill_headchopper_4,You left this world as you entered it! Gruesomely!,You left this world as you entered it! Gruesomely!,1250
vox_plr_3_kill_headshot_0,"Ooh, was it my skill? Or the power of this weapon?~Hopefully the former.","Ooh, was it my skill? Or the power of this weapon?~Hopefully the former.",1250
vox_plr_3_kill_headshot_1,"For you, death came swiftly!","For you, death came swiftly!",1250
vox_plr_3_kill_headshot_10,"The head is a significantly smaller target than the torso,~a fact that makes that shot even more impressive!","The head is a significantly smaller target than the torso,~a fact that makes that shot even more impressive!",1250
vox_plr_3_kill_headshot_2,I feel compelled to comment on my own accuracy at~distance. This statement itself should suffice.,I feel compelled to comment on my own accuracy at~distance. This statement itself should suffice.,1250
vox_plr_3_kill_headshot_3,"Unless I'm very much mistaken, that was a headshot!","Unless I'm very much mistaken, that was a headshot!",1250
vox_plr_3_kill_headshot_4,Your execution was executed with exemplary precision!,Your execution was executed with exemplary precision!,1250
vox_plr_3_kill_headshot_5,"Personally, I don't consider minimal brain activity~evidence of consciousness.","Personally, I don't consider minimal brain activity~evidence of consciousness.",1250
vox_plr_3_kill_headshot_6,"Ah, I am confident that you did not, in fact, see that~coming.","Ah, I am confident that you did not, in fact, see that~coming.",1250
vox_plr_3_kill_headshot_7,"Fortune smiles on the brave! And in this case, me too!","Fortune smiles on the brave! And in this case, me too!",1250
vox_plr_3_kill_headshot_8,The damage to your cranium is undeniable!,The damage to your cranium is undeniable!,1250
vox_plr_3_kill_headshot_9,"Ooh, I feel justifiably proud of my latest kill!","Ooh, I feel justifiably proud of my latest kill!",1250
vox_plr_3_kill_insta_0,There's blood everywhere!,There's blood everywhere!,1250
vox_plr_3_kill_insta_1,I have no desire to prolong your agony!,I have no desire to prolong your agony!,1250
vox_plr_3_kill_insta_2,Let's make this quick!,Let's make this quick!,1250
vox_plr_3_kill_insta_3,That's a good thing you weren't here a minute ago!,That's a good thing you weren't here a minute ago!,1250
vox_plr_3_kill_insta_4,"For now, such methods of dispatch are highly effective.","For now, such methods of dispatch are highly effective.",1250
vox_plr_3_kill_insta_5,I now know why it's called Insta-Kill!,I now know why it's called Insta-Kill!,1250
vox_plr_3_kill_insta_6,Your demise was inevitable.,Your demise was inevitable.,1250
vox_plr_3_kill_insta_7,Will you stop screaming when I'm hitting you?,Will you stop screaming when I'm hitting you?,1250
vox_plr_3_kill_limb_0,"You will die, foul creature, even if it has to be one limb~at a time!","You will die, foul creature, even if it has to be one limb~at a time!",1250
vox_plr_3_kill_limb_1,Hey! Are you even cognizant of your decreased limb count?,Hey! Are you even cognizant of your decreased limb count?,1250
vox_plr_3_kill_limb_2,I will most probably show you no mercy. Zero! Nil! Zip!,I will most probably show you no mercy. Zero! Nil! Zip!,1250
vox_plr_3_kill_limb_3,"Your grabbing, clasping, clutching hand will bother me no~more!","Your grabbing, clasping, clutching hand will bother me no~more!",1250
vox_plr_3_kill_limb_4,Uh-uh-uh! No more top shelf purchases for you!,Uh-uh-uh! No more top shelf purchases for you!,1250
vox_plr_3_kill_monkey_0,"The monkey has fulfilled its goal in life, as I will one~day.","The monkey has fulfilled its goal in life, as I will one~day.",1250
vox_plr_3_kill_monkey_1,"Sometimes there is honor in death, even for a monkey.","Sometimes there is honor in death, even for a monkey.",1250
vox_plr_3_kill_monkey_2,"Your sacrifice will not be forgotten, monkey.","Your sacrifice will not be forgotten, monkey.",1250
vox_plr_3_kill_monkey_3,At least the monkeys' final moments were filled with music~and dancing.,At least the monkeys' final moments were filled with music~and dancing.,1250
vox_plr_3_kill_monkey_4,I couldn't ask for anything more from a monkey.,I couldn't ask for anything more from a monkey.,1250
vox_plr_3_kill_paralyzer_0,FREEZE!,FREEZE!,1250
vox_plr_3_kill_paralyzer_1,This weapon exhibits a characteristic commonly known as~stopping power.,This weapon exhibits a characteristic commonly known as~stopping power.,1250
vox_plr_3_kill_paralyzer_2,You will remain frozen for an unspecified period of time.,You will remain frozen for an unspecified period of time.,1250
vox_plr_3_kill_paralyzer_3,Are you enjoying your newfound paralysis? I suspect not.,Are you enjoying your newfound paralysis? I suspect not.,1250
vox_plr_3_kill_paralyzer_4,Your current state of immobility pleases me greatly.,Your current state of immobility pleases me greatly.,1250
vox_plr_3_kill_ray_0,One cannot dispute the power of the Ray Gun!,One cannot dispute the power of the Ray Gun!,1250
vox_plr_3_kill_ray_1,I tried to warn you!,I tried to warn you!,1250
vox_plr_3_kill_ray_2,"I can only speculate as to the internal mechanisms that~power this weapon. Speculate I will, in time.","I can only speculate as to the internal mechanisms that~power this weapon. Speculate I will, in time.",1250
vox_plr_3_kill_ray_3,Creatures! I suggest you depart post haste!,Creatures! I suggest you depart post haste!,1250
vox_plr_3_kill_ray_4,"From the pages of a comic book, the Ray Gun comes to life!","From the pages of a comic book, the Ray Gun comes to life!",1250
vox_plr_3_kill_ray_5,"Ooh, this weapon intrigues me. What about you?","Ooh, this weapon intrigues me. What about you?",1250
vox_plr_3_kill_ray_6,"Huh, you know what? I think I know who designed this~device.","Huh, you know what? I think I know who designed this~device.",1250
vox_plr_3_kill_raymk2_0,Yes! The Mark II is indeed a significant enhancement!,Yes! The Mark II is indeed a significant enhancement!,1250
vox_plr_3_kill_raymk2_1,Your deaths come more swiftly than ever!,Your deaths come more swiftly than ever!,1250
vox_plr_3_kill_raymk2_2,Field testing of this new weapon is proving extremely~successful.,Field testing of this new weapon is proving extremely~successful.,1250
vox_plr_3_kill_raymk2_3,"Being more than a mere iterative upgrade, the Mark II is~fully deserving of its name.","Being more than a mere iterative upgrade, the Mark II is~fully deserving of its name.",1250
vox_plr_3_kill_raymk2_4,My only regret is that I did not discover this weapon~during our earlier endeavors.,My only regret is that I did not discover this weapon~during our earlier endeavors.,1250
vox_plr_3_kill_six_shooter_0,My hands are chafing from this repetitive action!,My hands are chafing from this repetitive action!,1250
vox_plr_3_kill_six_shooter_1,"Ah, this is exhausting!","Ah, this is exhausting!",1250
vox_plr_3_kill_six_shooter_2,Please bear in mind that I do not possess an inner cowboy~to unleash.,Please bear in mind that I do not possess an inner cowboy~to unleash.,1250
vox_plr_3_kill_six_shooter_3,"Fortunately, this weapon does not require that I am quick~on the draw.","Fortunately, this weapon does not require that I am quick~on the draw.",1250
vox_plr_3_kill_six_shooter_4,"Oh, how I wish for the comfort of full auto!","Oh, how I wish for the comfort of full auto!",1250
vox_plr_3_kill_streak_0,I continue to be on some kind of... role!,I continue to be on some kind of... role!,1250
vox_plr_3_kill_streak_1,"If my calculations are correct, I am on what is typically~known as a streak!","If my calculations are correct, I am on what is typically~known as a streak!",1250
vox_plr_3_kill_streak_10,This is going so well! What could possibly go wrong?,This is going so well! What could possibly go wrong?,1250
vox_plr_3_kill_streak_11,"Oh, I'm counting. Make no mistake. I know exactly how many~I've killed. I just choose not to brag.","Oh, I'm counting. Make no mistake. I know exactly how many~I've killed. I just choose not to brag.",1250
vox_plr_3_kill_streak_12,Perhaps this new location is bringing out the best in me!,Perhaps this new location is bringing out the best in me!,1250
vox_plr_3_kill_streak_13,"Oh, hey, Misty! You see how good I'm doing?","Oh, hey, Misty! You see how good I'm doing?",1250
vox_plr_3_kill_streak_14,"Oh, oh, oh, what was that cool thing Stuhlinger said? Oh~yeah, I am kicking names and taking ass!","Oh, oh, oh, what was that cool thing Stuhlinger said? Oh~yeah, I am kicking names and taking ass!",1250
vox_plr_3_kill_streak_2,"Just so you are aware, I am doing this with little or no~assistance.","Just so you are aware, I am doing this with little or no~assistance.",1250
vox_plr_3_kill_streak_3,I appear to be eliminating targets at a rate of around 1~every 1.15 seconds.,I appear to be eliminating targets at a rate of around 1~every 1.15 seconds.,1250
vox_plr_3_kill_streak_4,Their numbers would be severely diminished were it not for~their incessant respawning.,Their numbers would be severely diminished were it not for~their incessant respawning.,1250
vox_plr_3_kill_streak_5,"Keep coming, foul beasts! My marksmanship will continue to~improve exponentially!","Keep coming, foul beasts! My marksmanship will continue to~improve exponentially!",1250
vox_plr_3_kill_streak_6,I am at a loss to explain my current effectiveness in~combat!,I am at a loss to explain my current effectiveness in~combat!,1250
vox_plr_3_kill_streak_7,"Unlike some people around here, I derive no pleasure from~killing.","Unlike some people around here, I derive no pleasure from~killing.",1250
vox_plr_3_kill_streak_8,I will ride this way for as long as it may continue!,I will ride this way for as long as it may continue!,1250
vox_plr_3_kill_streak_9,"Uh, just so you're aware, this isn't my typical modus~operandi.","Uh, just so you're aware, this isn't my typical modus~operandi.",1250
vox_plr_3_kill_subwoofer_0,"Though using sound as a weapon is an unusual concept, it~does appear to be rather effective.","Though using sound as a weapon is an unusual concept, it~does appear to be rather effective.",1250
vox_plr_3_kill_subwoofer_1,"That was the last sound you creatures will ever hear!~Apart from my voice, that is.","That was the last sound you creatures will ever hear!~Apart from my voice, that is.",1250
vox_plr_3_kill_subwoofer_2,"Evidently, this device produces some kind of sonic boom.","Evidently, this device produces some kind of sonic boom.",1250
vox_plr_3_kill_subwoofer_3,Fall before me! And my mighty box of boom.,Fall before me! And my mighty box of boom.,1250
vox_plr_3_kill_subwoofer_4,"Having a little trouble staying upright, huh?","Having a little trouble staying upright, huh?",1250
vox_plr_3_money_drop_0,I can only describe that as a microtransaction.,I can only describe that as a microtransaction.,1250
vox_plr_3_money_drop_1,"It's not much, but at least it's something. I'm talking~about the money!","It's not much, but at least it's something. I'm talking~about the money!",1250
vox_plr_3_money_drop_2,I can only hope that the value of these gifts increases~over time.,I can only hope that the value of these gifts increases~over time.,1250
vox_plr_3_nomoney_generic_0,"Again, I must express my disdain for this particular~system of monetization.","Again, I must express my disdain for this particular~system of monetization.",1250
vox_plr_3_nomoney_generic_1,I will return when I possess sufficient funding.,I will return when I possess sufficient funding.,1250
vox_plr_3_nomoney_generic_2,I assume there is no recourse in this matter?,I assume there is no recourse in this matter?,1250
vox_plr_3_nomoney_generic_3,"I realize I must accept this for what it is, a scam.","I realize I must accept this for what it is, a scam.",1250
vox_plr_3_nomoney_generic_4,"Rice seems to be exorbitant, to say the least.","Rice seems to be exorbitant, to say the least.",1250
vox_plr_3_oh_shit_0,"Statistically speaking, I must concede that the odds are~not in my favor.","Statistically speaking, I must concede that the odds are~not in my favor.",1250
vox_plr_3_oh_shit_1,Your collective mass speaks volumes!,Your collective mass speaks volumes!,1250
vox_plr_3_oh_shit_10,"What do you want? Oh, brains.","What do you want? Oh, brains.",1250
vox_plr_3_oh_shit_11,I suspect we are beyond reaching a peaceful solution.,I suspect we are beyond reaching a peaceful solution.,1250
vox_plr_3_oh_shit_12,I see innumerate potential outcomes. Some I favor more~than others.,I see innumerate potential outcomes. Some I favor more~than others.,1250
vox_plr_3_oh_shit_13,"Before you ask, no! My legs aren't shaking!","Before you ask, no! My legs aren't shaking!",1250
vox_plr_3_oh_shit_2,"Hey, there are other snacks around here, you know!","Hey, there are other snacks around here, you know!",1250
vox_plr_3_oh_shit_3,Fear not. I will formulate a plan for my escape.,Fear not. I will formulate a plan for my escape.,1250
vox_plr_3_oh_shit_4,I refuse to lie down in the face of adversity!,I refuse to lie down in the face of adversity!,1250
vox_plr_3_oh_shit_5,Is it wrong to hope that Misty may yet come to my rescue?,Is it wrong to hope that Misty may yet come to my rescue?,1250
vox_plr_3_oh_shit_6,This appears to be something of a foregone conclusion.,This appears to be something of a foregone conclusion.,1250
vox_plr_3_oh_shit_7,Perhaps I am secreting some kind of pheromone that draws~these beasts to my location.,Perhaps I am secreting some kind of pheromone that draws~these beasts to my location.,1250
vox_plr_3_oh_shit_8,Are we still working as a team? Albeit a reluctant and~unlikely one.,Are we still working as a team? Albeit a reluctant and~unlikely one.,1250
vox_plr_3_oh_shit_9,"Under these circumstances, I will not think of refusing~any offer of assistance!","Under these circumstances, I will not think of refusing~any offer of assistance!",1250
vox_plr_3_pap_arm_0,I am 100% confident that this upgrade is a significant~improvement.,I am 100% confident that this upgrade is a significant~improvement.,1250
vox_plr_3_pap_arm_1,"I have heard it said that one should not look a gift horse~in the mouth, so I won't.","I have heard it said that one should not look a gift horse~in the mouth, so I won't.",1250
vox_plr_3_pap_arm_2,I trust this upgrade incorporates the usual enhancements~to fire rate and ammo capacity?,I trust this upgrade incorporates the usual enhancements~to fire rate and ammo capacity?,1250
vox_plr_3_pap_arm_3,Would I be correct in thinking that this is merely the~first of several potential enhancements?,Would I be correct in thinking that this is merely the~first of several potential enhancements?,1250
vox_plr_3_pap_arm_4,Is it possible that this machine has been sent across time~itself?,Is it possible that this machine has been sent across time~itself?,1250
vox_plr_3_pap_arm2_0,Is there a method for achieving this second stage upgrade~without actually completing the first?,Is there a method for achieving this second stage upgrade~without actually completing the first?,1250
vox_plr_3_pap_arm2_1,"Hmm, a substantial improvement. Aesthetically, at least.","Hmm, a substantial improvement. Aesthetically, at least.",1250
vox_plr_3_pap_arm2_2,"Hmm, does this upgrade represent the absolute pinnacle of~the machine's potential?","Hmm, does this upgrade represent the absolute pinnacle of~the machine's potential?",1250
vox_plr_3_pap_arm2_3,"With such a mighty and mysterious weapon in my hands, my~chances of survival have significantly improved.","With such a mighty and mysterious weapon in my hands, my~chances of survival have significantly improved.",1250
vox_plr_3_pap_arm2_4,I assume that additional ammunition for this weapon will~be priced exorbitantly high?,I assume that additional ammunition for this weapon will~be priced exorbitantly high?,1250
vox_plr_3_pap_wait_0,Is it possible that these machines were built by other~survivors?,Is it possible that these machines were built by other~survivors?,1250
vox_plr_3_pap_wait_1,"The functionality of this machine cannot be explained by~current scientific thinking, a fact that irks me|considerably.","The functionality of this machine cannot be explained by~current scientific thinking, a fact that irks me|considerably.",1250
vox_plr_3_pap_wait_2,There has to be some other force at work here. These~things cannot simply be.,There has to be some other force at work here. These~things cannot simply be.,1250
vox_plr_3_pap_wait_3,The presence of this device appears to be a universal~constant wherever we travel.,The presence of this device appears to be a universal~constant wherever we travel.,1250
vox_plr_3_pap_wait_4,I'm starting to think the mechanism for this machine is~not actually housed within- Could it in fact be a portal|to another realm?,I'm starting to think the mechanism for this machine is~not actually housed within- Could it in fact be a portal|to another realm?,1250
vox_plr_3_pap_wait2_0,The towers! I must not forget the significance of the~towers!,The towers! I must not forget the significance of the~towers!,1250
vox_plr_3_pap_wait2_1,"Uh, how long have we been here? My internal body clock has~been somewhat confused by our recent experiences.","Uh, how long have we been here? My internal body clock has~been somewhat confused by our recent experiences.",1250
vox_plr_3_pap_wait2_2,"The operation of this machine appears to require a fixed~period of time, regardless of the complexity of the|upgrade.","The operation of this machine appears to require a fixed~period of time, regardless of the complexity of the|upgrade.",1250
vox_plr_3_pap_wait2_3,It is almost as though the machine is designed to test our~mettle in the arena of risk versus reward.,It is almost as though the machine is designed to test our~mettle in the arena of risk versus reward.,1250
vox_plr_3_pap_wait2_4,I am timing this process for future reference. Such~knowledge could prove useful.,I am timing this process for future reference. Such~knowledge could prove useful.,1250
vox_plr_3_perk_doubletap_0,Oh no no no! I think there was a hair in it!,Oh no no no! I think there was a hair in it!,1250
vox_plr_3_perk_jugga_0,"Please, make me stronger. That's all I ask.","Please, make me stronger. That's all I ask.",1250
vox_plr_3_perk_mule_0,Am I to assume that this drink imbues me with load-bearing~abilities akin to that of a mule?,Am I to assume that this drink imbues me with load-bearing~abilities akin to that of a mule?,1250
vox_plr_3_perk_revive_0,This may be essential to our survival. I hope this fact is~lost on Stuhlinger.,This may be essential to our survival. I hope this fact is~lost on Stuhlinger.,1250
vox_plr_3_perk_speed_0,I am intolerant to sugar and dairy. Hope that neither is~an ingredient in this beverage.,I am intolerant to sugar and dairy. Hope that neither is~an ingredient in this beverage.,1250
vox_plr_3_perk_stamine_0,Stamina could and should be defined by more than just the~ability to sprint for a period of time.,Stamina could and should be defined by more than just the~ability to sprint for a period of time.,1250
vox_plr_3_perk_vulture_0,"With glasses, my vision is already 20-20. Some birds of~prey are thought to possess 20- Am I expecting too much?","With glasses, my vision is already 20-20. Some birds of~prey are thought to possess 20- Am I expecting too much?",1250
vox_plr_3_pickup_bomb_0,This is an intriguing looking device. I wonder what its~true function may be.,This is an intriguing looking device. I wonder what its~true function may be.,1250
vox_plr_3_pickup_bomb_1,"It appears to be a bomb of some kind, but I get the~feeling it's something more.","It appears to be a bomb of some kind, but I get the~feeling it's something more.",1250
vox_plr_3_pickup_bomb_2,It may take a leap of faith for me to uncover the~functionality of this object.,It may take a leap of faith for me to uncover the~functionality of this object.,1250
vox_plr_3_pickup_booze_0,"Much like the perk drinks, alcohol can affect you in ways~you may not expect.","Much like the perk drinks, alcohol can affect you in ways~you may not expect.",1250
vox_plr_3_pickup_booze_1,"Personally, I do not care for this stuff, but it is not~without its uses.","Personally, I do not care for this stuff, but it is not~without its uses.",1250
vox_plr_3_pickup_booze_2,Perhaps this liquor bottle may be useful.,Perhaps this liquor bottle may be useful.,1250
vox_plr_3_pickup_candy_0,"Mmm, I'm not entirely sure this candy is fit for human~consumption.","Mmm, I'm not entirely sure this candy is fit for human~consumption.",1250
vox_plr_3_pickup_candy_1,I myself have something of an intolerance to sugar.,I myself have something of an intolerance to sugar.,1250
vox_plr_3_pickup_candy_2,Does anyone around here like candy?,Does anyone around here like candy?,1250
vox_plr_3_pickup_key_0,I found a key!,I found a key!,1250
vox_plr_3_pickup_key_1,This key will no doubt be needed to unlock something.,This key will no doubt be needed to unlock something.,1250
vox_plr_3_pickup_key_2,I have procured a key! Just what it unlocks remains a~mystery.,I have procured a key! Just what it unlocks remains a~mystery.,1250
vox_plr_3_pickup_raymk2_0,Ha! It's... it's... beautiful!,Ha! It's... it's... beautiful!,1250
vox_plr_3_pickup_raymk2_1,"Ooh, I do not recall seeing this. Has it always been here?","Ooh, I do not recall seeing this. Has it always been here?",1250
vox_plr_3_pickup_raymk2_2,The Ray Gun Mark II! I cannot imagine how one could~improve upon perfection!,The Ray Gun Mark II! I cannot imagine how one could~improve upon perfection!,1250
vox_plr_3_pickup_raymk2_3,"Apart from the persistent threat of death, it would appear~that today is my lucky day!","Apart from the persistent threat of death, it would appear~that today is my lucky day!",1250
vox_plr_3_pickup_raymk2_4,It appears that the Mark I may now be rendered obsolete!,It appears that the Mark I may now be rendered obsolete!,1250
vox_plr_3_pickup_six_shooter_0,This looks rather... antiquated.,This looks rather... antiquated.,1250
vox_plr_3_pickup_six_shooter_1,"Uh, just to make it clear, I have no interest in either~cows or boys.","Uh, just to make it clear, I have no interest in either~cows or boys.",1250
vox_plr_3_pickup_six_shooter_2,Some people around here think that fanning the hammer~looks cool. I find it tiresome.,Some people around here think that fanning the hammer~looks cool. I find it tiresome.,1250
vox_plr_3_place_hc_0,Automated decapitations may begin forthwith!,Automated decapitations may begin forthwith!,1250
vox_plr_3_place_sw_0,I am reasonably confident that this is the optimal~placement for this device.,I am reasonably confident that this is the optimal~placement for this device.,1250
vox_plr_3_place_ts_0,Hey guys! I'm putting the Trample Steam right here!,Hey guys! I'm putting the Trample Steam right here!,1250
vox_plr_3_place_turbine_0,I think I'll set this turbine right here.,I think I'll set this turbine right here.,1250
vox_plr_3_power_on_0,"Finally, we have adequate lighting to facilitate our~endeavors!","Finally, we have adequate lighting to facilitate our~endeavors!",1250
vox_plr_3_power_on_1,I can indeed confirm that the power is now... on.,I can indeed confirm that the power is now... on.,1250
vox_plr_3_powerup_ammo_0,"Ah, this is most fortuitous. Most fortuitous indeed.","Ah, this is most fortuitous. Most fortuitous indeed.",1250
vox_plr_3_powerup_ammo_1,I will not speculate as to the supernatural nature of all~this.,I will not speculate as to the supernatural nature of all~this.,1250
vox_plr_3_powerup_ammo_2,Our collective future is now brighter! If only a little.,Our collective future is now brighter! If only a little.,1250
vox_plr_3_powerup_ammo_3,"Fortune smiles on the brave, and the beautiful, and the~stupid.","Fortune smiles on the brave, and the beautiful, and the~stupid.",1250
vox_plr_3_powerup_carp_0,"Does the phrase, the least I can do, mean anything to~anyone?","Does the phrase, the least I can do, mean anything to~anyone?",1250
vox_plr_3_powerup_carp_1,I will not expend a moment's thought imagining a magic~hammer and nails.,I will not expend a moment's thought imagining a magic~hammer and nails.,1250
vox_plr_3_powerup_carp_2,I trust you will also provide said service in areas we~cannot actually see?,I trust you will also provide said service in areas we~cannot actually see?,1250
vox_plr_3_powerup_double_0,We may now maximize our effort through the power of~multiplication!,We may now maximize our effort through the power of~multiplication!,1250
vox_plr_3_powerup_double_1,"Hey, Stuhlinger! Yeah, you see that little 2 with an X~next to it? It means TWICE as much!","Hey, Stuhlinger! Yeah, you see that little 2 with an X~next to it? It means TWICE as much!",1250
vox_plr_3_powerup_double_2,We now have the means to accrue credit at a substantially~increased rate.,We now have the means to accrue credit at a substantially~increased rate.,1250
vox_plr_3_powerup_double_3,I wish we had more rewards based on simple mathematics.,I wish we had more rewards based on simple mathematics.,1250
vox_plr_3_powerup_firesale_0,It makes good financial sense for us to seek out the box.~Post haste!,It makes good financial sense for us to seek out the box.~Post haste!,1250
vox_plr_3_powerup_firesale_1,Whoever among us is lacking firepower should take priority~with the box!,Whoever among us is lacking firepower should take priority~with the box!,1250
vox_plr_3_powerup_firesale_2,Another tantalizing glimpse into the powers operating~within this realm.,Another tantalizing glimpse into the powers operating~within this realm.,1250
vox_plr_3_powerup_insta_0,"Ooh, now's my chance to look good in front of Misty.","Ooh, now's my chance to look good in front of Misty.",1250
vox_plr_3_powerup_insta_1,"Maximum effectiveness, minimum effort.","Maximum effectiveness, minimum effort.",1250
vox_plr_3_powerup_insta_2,I am ready to lead the charge! Who's with me? Huh? Anyone?,I am ready to lead the charge! Who's with me? Huh? Anyone?,1250
vox_plr_3_powerup_insta_3,"Alas, my metamorphosis into killing machine is only~temporary.","Alas, my metamorphosis into killing machine is only~temporary.",1250
vox_plr_3_powerup_nuke_0,"Uh, yeah, just a thought. Has anyone ever raised the~question of Fallout? Radiation poisoning? Anyone?","Uh, yeah, just a thought. Has anyone ever raised the~question of Fallout? Radiation poisoning? Anyone?",1250
vox_plr_3_powerup_nuke_1,I admit to being perplexed by the localized nature of such~a blast.,I admit to being perplexed by the localized nature of such~a blast.,1250
vox_plr_3_powerup_nuke_2,Perhaps we can find a way to trigger such blasts at a time~of our own choosing?,Perhaps we can find a way to trigger such blasts at a time~of our own choosing?,1250
vox_plr_3_react_stink_0,I do not think I can bear this foul odor much longer.,I do not think I can bear this foul odor much longer.,1250
vox_plr_3_react_stink_1,I fear I shall never be able to scrub this wretched stench~from my skin!,I fear I shall never be able to scrub this wretched stench~from my skin!,1250
vox_plr_3_react_stink_2,I appear to be in the epicenter of this noxious cloud!,I appear to be in the epicenter of this noxious cloud!,1250
vox_plr_3_react_stink_3,"Yes, I am all too aware of the noxious odor emanating from~my person.","Yes, I am all too aware of the noxious odor emanating from~my person.",1250
vox_plr_3_rebuild_boards_0,I feel there are others in our group better suited to such~endeavors. Stuhlinger!,I feel there are others in our group better suited to such~endeavors. Stuhlinger!,1250
vox_plr_3_rebuild_boards_1,Manual labor may distract my thoughts from the utter~hopelessness of my situation.,Manual labor may distract my thoughts from the utter~hopelessness of my situation.,1250
vox_plr_3_respond_ghost_0,"I do hear something, but I am reluctant to label it as~supernatural.","I do hear something, but I am reluctant to label it as~supernatural.",1250
vox_plr_3_respond_ghost_1,A trick of the light. That's all it was.,A trick of the light. That's all it was.,1250
vox_plr_3_respond_stuhlinger_0,"Yeah. I for one do not intend to take advice from a German~in your head, Mr. Stuhlinger.","Yeah. I for one do not intend to take advice from a German~in your head, Mr. Stuhlinger.",1250
vox_plr_3_respond_stuhlinger_1,"I'm sorry, Stuhlinger. Your link with reality seems~tenuous at best.","I'm sorry, Stuhlinger. Your link with reality seems~tenuous at best.",1250
vox_plr_3_respond_stuhlinger_2,"If I was more prone to sarcasm, I probably would say,~please, tell me more.","If I was more prone to sarcasm, I probably would say,~please, tell me more.",1250
vox_plr_3_respond_stuhlinger_3,It's highly unlikely that any good will come from~following the advice of an invisible man.,It's highly unlikely that any good will come from~following the advice of an invisible man.,1250
vox_plr_3_response_stink_0,My ol' factory system is under assault from some foul~odor!,My ol' factory system is under assault from some foul~odor!,1250
vox_plr_3_response_stink_1,It appears that even the zombies are repulsed!,It appears that even the zombies are repulsed!,1250
vox_plr_3_riv_resp_kill_headshot_0,I saw that Russman! He was one of the slow ones!,I saw that Russman! He was one of the slow ones!,1250
vox_plr_3_riv_resp_kill_headshot_1,"Oooh, looks like the old man's in a bad mood!","Oooh, looks like the old man's in a bad mood!",1250
vox_plr_3_riv_resp_kill_headshot_2,"About time you started living up your own hype, Russman!","About time you started living up your own hype, Russman!",1250
vox_plr_3_riv_resp_surrounded_1,"I thought you had this under control, Russman!","I thought you had this under control, Russman!",1250
vox_plr_3_riv_resp_surrounded_2,"Oh, Russman, all that big talk, and look at you now.","Oh, Russman, all that big talk, and look at you now.",1250
vox_plr_3_sloth_1st_bottle_0,"From your complexion, I suspect that your appetite for~alcohol is voracious?","From your complexion, I suspect that your appetite for~alcohol is voracious?",1250
vox_plr_3_sloth_clears_path_0,He appears to have cleared an obstacle for us! His~destructive power just may prove useful!,He appears to have cleared an obstacle for us! His~destructive power just may prove useful!,1250
vox_plr_3_sloth_crawler_0,Perhaps our oversized friend may wish to toy with this~little runt.,Perhaps our oversized friend may wish to toy with this~little runt.,1250
vox_plr_3_sloth_crawler_1,Crawlers are such a pain! Can't we enlist some help here?,Crawlers are such a pain! Can't we enlist some help here?,1250
vox_plr_3_sloth_crawler_2,These crawlers will regret their hostility when the big~guy shows up!,These crawlers will regret their hostility when the big~guy shows up!,1250
vox_plr_3_sloth_encounter_0,"Uh, it would seem that this room has no viable exit.","Uh, it would seem that this room has no viable exit.",1250
vox_plr_3_sloth_encounter_1,"Uh, perhaps we could assemble some kind of device to pry~the cell door from its hinges?","Uh, perhaps we could assemble some kind of device to pry~the cell door from its hinges?",1250
vox_plr_3_sloth_generic_feed_0,"After you consume this, I trust you will assist us?","After you consume this, I trust you will assist us?",1250
vox_plr_3_sloth_generic_feed_1,"You're a creature of simple tastes, aren't you?","You're a creature of simple tastes, aren't you?",1250
vox_plr_3_sloth_generic_feed_2,You want to take it? Gentle.,You want to take it? Gentle.,1250
vox_plr_3_sloth_generic_feed_3,Will this hit the spot?,Will this hit the spot?,1250
vox_plr_3_sloth_retreat_cell_0,I think he's seeking out a place of safety.,I think he's seeking out a place of safety.,1250
vox_plr_3_sloth_run_0,"Hmm, it seems to have an immediate effect.","Hmm, it seems to have an immediate effect.",1250
vox_plr_3_sloth_unlocked_0,I think his own fear may have led him to lock himself~inside the cell.,I think his own fear may have led him to lock himself~inside the cell.,1250
vox_plr_3_stay_topside_0,"I'm confident that this facility predates the Rift. As~such, there may be more to it than meets the eye.","I'm confident that this facility predates the Rift. As~such, there may be more to it than meets the eye.",1250
vox_plr_3_stuhlinger_madness_0,That sounds significantly ominous.,That sounds significantly ominous.,1250
vox_plr_3_throw_bomb_0,Does not appear to have done anything!,Does not appear to have done anything!,1250
vox_plr_3_throw_bomb_1,Perhaps this device could be some kind of beacon.,Perhaps this device could be some kind of beacon.,1250
vox_plr_3_throw_bomb_2,Perhaps there is some further activation required.,Perhaps there is some further activation required.,1250
vox_plr_3_wall_withdrawl_0,Thank you for taking such good care of my property.,Thank you for taking such good care of my property.,1250
vox_plr_3_wall_withdrawl_1,I think I will be needing this after all.,I think I will be needing this after all.,1250
vox_plr_3_wall_withdrawl_2,Now is just the situation I was saving this for.,Now is just the situation I was saving this for.,1250
vox_plr_3_weapon_storage_0,I will place this here. I will then return at a moment of~my own choosing.,I will place this here. I will then return at a moment of~my own choosing.,1250
vox_plr_3_weapon_storage_1,This would seem like an appropriate place for this.,This would seem like an appropriate place for this.,1250
vox_plr_3_weapon_storage_2,I will retrieve this in due course.,I will retrieve this in due course.,1250
vox_plr_3_weapon_storage_3,I would like to keep this here. It may prove useful at a~later time.,I would like to keep this here. It may prove useful at a~later time.,1250
vox_plr_3_weapon_storage_4,I am trusting that this will be here when I return.,I am trusting that this will be here when I return.,1250
vox_plr_3_weapon_storage_5,"I shall deposit this here, in case of some dire emergency.","I shall deposit this here, in case of some dire emergency.",1250
vox_plr_3_weapon_storage_6,It's probably best if I leave this here for now.,It's probably best if I leave this here for now.,1250
vox_plr_3_wpck_57_0,The low recoil 5.7 by 27 round makes this an ideal~candidate for dual wielding. So why then do I only get|one?,The low recoil 5.7 by 27 round makes this an ideal~candidate for dual wielding. So why then do I only get|one?,1250
vox_plr_3_wpck_57_1,I will practice with this one until such times as you see~fit to give me two.,I will practice with this one until such times as you see~fit to give me two.,1250
vox_plr_3_wpck_57_2,Knowing what else I could have been given only makes this~all the more disappointing.,Knowing what else I could have been given only makes this~all the more disappointing.,1250
vox_plr_3_wpck_dsr50_0,"Hydraulic recoil buffer in the buttstock and an innovative~muzzle attachment? Ooh, that sounds so dirty.","Hydraulic recoil buffer in the buttstock and an innovative~muzzle attachment? Ooh, that sounds so dirty.",1250
vox_plr_3_wpck_dsr50_1,This weapon's potential to penetrate cover is perhaps its~most endearing feature.,This weapon's potential to penetrate cover is perhaps its~most endearing feature.,1250
vox_plr_3_wpck_dsr50_2,"Were I to find a suitable sniping position, I would never~again have to get my hands dirty.","Were I to find a suitable sniping position, I would never~again have to get my hands dirty.",1250
vox_plr_3_wpck_duel57_0,I believe I already indicated that this weapon was ideal~for dual wielding.,I believe I already indicated that this weapon was ideal~for dual wielding.,1250
vox_plr_3_wpck_duel57_1,"I sincerely hope that supplying me with two weapons does~not represent some kind of glitch in your functionality,|Box.","I sincerely hope that supplying me with two weapons does~not represent some kind of glitch in your functionality,|Box.",1250
vox_plr_3_wpck_duel57_2,"Oh, these will be perfect. Should I find myself competing~in some kind of Wild West shootout?","Oh, these will be perfect. Should I find myself competing~in some kind of Wild West shootout?",1250
vox_plr_3_wpck_fal_0,"In its prime, the FAL was actually standard military issue~for many nations.","In its prime, the FAL was actually standard military issue~for many nations.",1250
vox_plr_3_wpck_fal_1,"Over the years, the FAL has established itself as one of~the all-time classic semi-automatic rifles.","Over the years, the FAL has established itself as one of~the all-time classic semi-automatic rifles.",1250
vox_plr_3_wpck_fal_2,"It may not be full auto, as they say, but its high damage~will compensate for that particular deficiency.","It may not be full auto, as they say, but its high damage~will compensate for that particular deficiency.",1250
vox_plr_3_wpck_galil_0,"Lightweight, air-cooled, gas-operated, magazine-fed.~That's quite the feature list.","Lightweight, air-cooled, gas-operated, magazine-fed.~That's quite the feature list.",1250
vox_plr_3_wpck_galil_1,The Galil's durability alone makes it an excellent choice.,The Galil's durability alone makes it an excellent choice.,1250
vox_plr_3_wpck_galil_2,"Very light in weight, especially given the relative~stopping power.","Very light in weight, especially given the relative~stopping power.",1250
vox_plr_3_wpck_hamr_0,The development of this machine gun represented a~significant milestone in heat-adaptive modular technology.,The development of this machine gun represented a~significant milestone in heat-adaptive modular technology.,1250
vox_plr_3_wpck_hamr_1,"Has anyone else stopped to ponder the unique closed bolt,~open bolt design of this MG? Hmm? Anyone?","Has anyone else stopped to ponder the unique closed bolt,~open bolt design of this MG? Hmm? Anyone?",1250
vox_plr_3_wpck_hamr_2,"Though capable of fast opening fire rate, the slower~sustained fire rate is considerably more accurate.","Though capable of fast opening fire rate, the slower~sustained fire rate is considerably more accurate.",1250
vox_plr_3_wpck_judge_0,"A crude and clumsy beast, notorious for making loud~noises. No wonder Stuhlinger favors it so!","A crude and clumsy beast, notorious for making loud~noises. No wonder Stuhlinger favors it so!",1250
vox_plr_3_wpck_judge_1,"The Executioner shares much in common with the typical~shotgun, specifically its 28-gauge shells.","The Executioner shares much in common with the typical~shotgun, specifically its 28-gauge shells.",1250
vox_plr_3_wpck_judge_2,"Given the massive recoil, it may be prudent to grip this~firmly with both hands.","Given the massive recoil, it may be prudent to grip this~firmly with both hands.",1250
vox_plr_3_wpck_kap_0,"That's the details that impress me. For example, this~pistol is designed with excellent recoil mitigation|technology.","That's the details that impress me. For example, this~pistol is designed with excellent recoil mitigation|technology.",1250
vox_plr_3_wpck_kap_1,Well you know the full auto feature is only viable because~of a front weight that tilts downward during recoil to|balance the gun.,Well you know the full auto feature is only viable because~of a front weight that tilts downward during recoil to|balance the gun.,1250
vox_plr_3_wpck_kap_2,"So simple, even Stuhlinger could use it. Not that I'm~advocating giving Stuhlinger weapons.","So simple, even Stuhlinger could use it. Not that I'm~advocating giving Stuhlinger weapons.",1250
vox_plr_3_wpck_kap_3,"Were it not for my own shaking hands, recoil would~actually be minimal.","Were it not for my own shaking hands, recoil would~actually be minimal.",1250
vox_plr_3_wpck_knife_0,Ballistic knives are as logical as they are effective.~Make of that what you will.,Ballistic knives are as logical as they are effective.~Make of that what you will.,1250
vox_plr_3_wpck_knife_1,"I will rely on these only for their recuperative~properties. In terms of combat, no thanks.","I will rely on these only for their recuperative~properties. In terms of combat, no thanks.",1250
vox_plr_3_wpck_knife_2,If only the mind that created these devices had chosen to~use their powers for good.,If only the mind that created these devices had chosen to~use their powers for good.,1250
vox_plr_3_wpck_m1216_0,How could anyone not like a detachable high-capacity~magazine with ruler-delayed action?,How could anyone not like a detachable high-capacity~magazine with ruler-delayed action?,1250
vox_plr_3_wpck_m1216_1,"16 round capacity, 4 shells and 4 barrels. This should~prove most effective.","16 round capacity, 4 shells and 4 barrels. This should~prove most effective.",1250
vox_plr_3_wpck_m1216_2,"Hey, Misty, I think they gave me your favorite by mistake.","Hey, Misty, I think they gave me your favorite by mistake.",1250
vox_plr_3_wpck_m32_0,"Though I appreciate the semi-automatic six-round capacity,~not to mention the multiple attachment rails, this is|really just a big noisemaker.","Though I appreciate the semi-automatic six-round capacity,~not to mention the multiple attachment rails, this is|really just a big noisemaker.",1250
vox_plr_3_wpck_m32_1,I would question the intellect of anyone who advocates the~use of explosives in an enclosed area.,I would question the intellect of anyone who advocates the~use of explosives in an enclosed area.,1250
vox_plr_3_wpck_m32_2,I will concede that this is exceptionally lightweight for~a grenade launcher.,I will concede that this is exceptionally lightweight for~a grenade launcher.,1250
vox_plr_3_wpck_m82a1_0,"If a .50 caliber round from a semi-automatic proves~ineffective, then we may have bigger problems than|previously thought.","If a .50 caliber round from a semi-automatic proves~ineffective, then we may have bigger problems than|previously thought.",1250
vox_plr_3_wpck_m82a1_1,"This is an appropriate firearm, particularly given the~enemy's propensity for close quarter combat.","This is an appropriate firearm, particularly given the~enemy's propensity for close quarter combat.",1250
vox_plr_3_wpck_m82a1_2,"Ah, sniper rifles always make me think of solitude. A~place I enjoy.","Ah, sniper rifles always make me think of solitude. A~place I enjoy.",1250
vox_plr_3_wpck_monkey_0,"Ah, yes, the monkey. In essence, a simian death machine.","Ah, yes, the monkey. In essence, a simian death machine.",1250
vox_plr_3_wpck_monkey_1,Just what is it about monkeys that they find so~irresistible? I will ponder on this question until I find|suitable explanation.,Just what is it about monkeys that they find so~irresistible? I will ponder on this question until I find|suitable explanation.,1250
vox_plr_3_wpck_monkey_2,I suppose I should be thankful for your synthetic~components. The thought of real ape hair is just|repulsive.,I suppose I should be thankful for your synthetic~components. The thought of real ape hair is just|repulsive.,1250
vox_plr_3_wpck_mtar_0,This is fascinating! The bullpup design offers longer~barrel length while actually shortening weapon length!,This is fascinating! The bullpup design offers longer~barrel length while actually shortening weapon length!,1250
vox_plr_3_wpck_mtar_1,"Though I cannot predict the future, I do think that this~more than satisfies my current needs.","Though I cannot predict the future, I do think that this~more than satisfies my current needs.",1250
vox_plr_3_wpck_mtar_2,"An excellent all-rounder, much like moi, albeit with some~potential for improvement.","An excellent all-rounder, much like moi, albeit with some~potential for improvement.",1250
vox_plr_3_wpck_paralyzer_0,This appears to be yet another weapon capable of defying~the laws of physics!,This appears to be yet another weapon capable of defying~the laws of physics!,1250
vox_plr_3_wpck_paralyzer_1,Has this undergone an adequate testing? I would hate to be~used as some kind of guinea pig.,Has this undergone an adequate testing? I would hate to be~used as some kind of guinea pig.,1250
vox_plr_3_wpck_paralyzer_2,I shall remain both cognizant and vigilant in regard to~the inherent problems with overheating.,I shall remain both cognizant and vigilant in regard to~the inherent problems with overheating.,1250
vox_plr_3_wpck_python_0,"In my humble opinion, the simplicity of a revolver is an~elegant masterpiece of design.","In my humble opinion, the simplicity of a revolver is an~elegant masterpiece of design.",1250
vox_plr_3_wpck_python_1,"I think this Python will live up to its namesake, at least~in terms of its ability to cause injury.","I think this Python will live up to its namesake, at least~in terms of its ability to cause injury.",1250
vox_plr_3_wpck_python_2,Perhaps this pistol's only weakness is its six-round~capacity. Reloading can be such a bore.,Perhaps this pistol's only weakness is its six-round~capacity. Reloading can be such a bore.,1250
vox_plr_3_wpck_ray_0,The mighty Ray Gun! Such power packed into a petite~package!,The mighty Ray Gun! Such power packed into a petite~package!,1250
vox_plr_3_wpck_ray_1,"Should I ever grow weary of the Ray Gun, then you will~know that something is very, very wrong.","Should I ever grow weary of the Ray Gun, then you will~know that something is very, very wrong.",1250
vox_plr_3_wpck_ray_2,"One day, when time permits, I will dismantle this~intriguing device. How else am I going to unlock its|secrets?","One day, when time permits, I will dismantle this~intriguing device. How else am I going to unlock its|secrets?",1250
vox_plr_3_wpck_rpg_0,Rocket-propelled grenades are the last vestige of the~brash and the ignorant. Also known as Russman.,Rocket-propelled grenades are the last vestige of the~brash and the ignorant. Also known as Russman.,1250
vox_plr_3_wpck_rpg_1,The high probability of self-inflicted injury essentially~negates the RPG's more positive qualities.,The high probability of self-inflicted injury essentially~negates the RPG's more positive qualities.,1250
vox_plr_3_wpck_rpg_2,Only an idiot would find this explosive weapon appealing.~I won't mention names. You know who you are. Russman!,Only a Russman would find this explosive weapon appealing.,1250
vox_plr_3_wpck_saiga12_0,How intriguing! I don't recall ever seeing a shotgun with~bullpup conversion!,How intriguing! I don't recall ever seeing a shotgun with~bullpup conversion!,1250
vox_plr_3_wpck_saiga12_1,"What you lack in accuracy, you more than make up for in~blast radius.","What you lack in accuracy, you more than make up for in~blast radius.",1250
vox_plr_3_wpck_saiga12_2,"If truth be told, and it will be, I think that shotguns~lack subtlety.","If truth be told, and it will be, I think that shotguns~lack subtlety.",1250
vox_plr_3_wpck_smr_0,"Though .308 rounds are relatively uncommon, our ammo drops~seem to operate on a one size fits all basis.","Though .308 rounds are relatively uncommon, our ammo drops~seem to operate on a one size fits all basis.",1250
vox_plr_3_wpck_smr_1,"Low recoil is always a blessing, especially when nerves~come into play.","Low recoil is always a blessing, especially when nerves~come into play.",1250
vox_plr_3_wpck_smr_2,"I notice that you function semi-automatic, much like~Russman's thought processes, hmm?","I notice that you function semi-automatic, much like~Russman's thought processes, hmm?",1250
vox_fg_ghost_haunt_0,I can see you.,I can see you.,1250
vox_fg_ghost_haunt_1,What do you want?,What do you want?,1250
vox_fg_ghost_haunt_10,You will stay forever.,You will stay forever.,1250
vox_fg_ghost_haunt_11,Don't be alone.,Don't be alone.,1250
vox_fg_ghost_haunt_12,Who's Who?,Who's Who?,1250
vox_fg_ghost_haunt_13,Can you feel my presence?,Can you feel my presence?,1250
vox_fg_ghost_haunt_14,This Household's Royal Secrets.,This Household's Royal Secrets.,1250
vox_fg_ghost_haunt_15,Solve. Shred. Forever.,Solve. Shred. Forever.,1250
vox_fg_ghost_haunt_16,You should leave.,You should leave.,1250
vox_fg_ghost_haunt_2,This is my house.,This is my house.,1250
vox_fg_ghost_haunt_3,I'm the lady of the house.,I'm the lady of the house.,1250
vox_fg_ghost_haunt_4,Where are you going?,Where are you going?,1250
vox_fg_ghost_haunt_5,You know we are here.,You know we are here.,1250
vox_fg_ghost_haunt_6,The house is a shack of its own for glory.,The house is a shack of its own for glory.,1250
vox_fg_ghost_haunt_7,No one can help you.,No one can help you.,1250
vox_fg_ghost_haunt_8,You do not belong here.,You do not belong here.,1250
vox_fg_ghost_haunt_9,Ah!,Ah!,1250
vox_maxi_end_game_maxis_wins_0,The process has begun. Now I control the ether's energy. I~can at last reach Agatha.,The process has begun. Now I control the ether's energy. I~can at last reach Agatha.,5000
vox_maxi_end_game_maxis_wins_2,"Regretfully, I must inform you that neither the Earth nor~its people will survive.","Regretfully, I must inform you that neither the Earth nor~its people will survive.",5000
vox_maxi_end_game_maxis_wins_4,"Once the gateway is open, I will finally be reunited with~my dearest Samantha.","Once the gateway is open, I will finally be reunited with~my dearest Samantha.",5000
vox_maxi_end_game_maxis_wins_6,"If you are so eager to re-enter the physical world,~Richtofen, I will grad shoot that fish!","If you are so eager to re-enter the physical world,~Richtofen, I will grad shoot that fish!",5000
vox_maxi_end_game_richtofen_wins_1,What have you done?,What have you done?,5000
vox_maxi_end_game_richtofen_wins_3,"But what about Samantha? Your actions condemn my~daughter's very soul to eternal damnation! Even if you do|not care for her, surely you wish to return to your own~body!","But what about Samantha? Your actions condemn my~daughter's very soul to eternal damnation! Even if you do|not care for her, surely you wish to return to your own~body!",5000
vox_maxi_end_game_richtofen_wins_6,No!,No!,5000
vox_maxi_sidequest_amp_0,"These devices, embedded in the earth, they amplify and~project energy. You cannot allow Richtofen to exploit|their power.","These devices, embedded in the earth, they amplify and~project energy. You cannot allow Richtofen to exploit|their power.",1250
vox_maxi_sidequest_amp_1,"For them to be destroyed, you must find a device capable~of projecting a powerful sonic blast.","For them to be destroyed, you must find a device capable~of projecting a powerful sonic blast.",1250
vox_maxi_sidequest_amp_2,You are both imaginative and ingenious.,You are both imaginative and ingenious.,1250
vox_maxi_sidequest_amp_3,Continue to find and destroy each amplifier.,Continue to find and destroy each amplifier.,1250
vox_maxi_sidequest_amp_4,Do not allow your pace to falter. There is still much to~do.,Do not allow your pace to falter. There is still much to~do.,1250
vox_maxi_sidequest_amp_5,I am most pleased to see that the amplifiers are~destroyed.,I am most pleased to see that the amplifiers are~destroyed.,1250
vox_maxi_sidequest_ctw_0,Follow the wisp. He will show you the way.,Follow the wisp. He will show you the way.,1250
vox_maxi_sidequest_ctw_1,You must stay close. The wisp needs to absorb the energy~of the undead.,You must stay close. The wisp needs to absorb the energy~of the undead.,1250
vox_maxi_sidequest_ctw_2,"Energy cannot be destroyed, only transferred. You must~sever the Wisp's link to the undead.","Energy cannot be destroyed, only transferred. You must~sever the Wisp's link to the undead.",1250
vox_maxi_sidequest_ctw_3,The close proximity will ensure total energy transference.,The close proximity will ensure total energy transference.,1250
vox_maxi_sidequest_ctw_4,Keep going! The Wisp knows its energy is needed for the~greater good!,Keep going! The Wisp knows its energy is needed for the~greater good!,1250
vox_maxi_sidequest_ctw_5,No! This is an unforeseen problem.,No! This is an unforeseen problem.,1250
vox_maxi_sidequest_ctw_6,"The Wisp's life force has been exhausted, but further~energy is required.","The Wisp's life force has been exhausted, but further~energy is required.",1250
vox_maxi_sidequest_ctw_7,"I have to say, Guy, we need more time.","I have to say, Guy, we need more time.",1250
vox_maxi_sidequest_ctw_8,It appears that the trail of the wisp has eluded you. You~must retrace your steps and try to stay closer.,It appears that the trail of the wisp has eluded you. You~must retrace your steps and try to stay closer.,1250
vox_maxi_sidequest_end_game_hint_0,"Yeah, the towers are all under my control. It is time to~begin the purge.","Yeah, the towers are all under my control. It is time to~begin the purge.",1250
vox_maxi_sidequest_end_game_hint_1,"Without control of all towers, true success still eludes~me!","Without control of all towers, true success still eludes~me!",1250
vox_maxi_sidequest_gallows_0,Great! These gals are positioned in the optimum location.~Find the necessary parts and bring them here.,Great! These gals are positioned in the optimum location.~Find the necessary parts and bring them here.,1250
vox_maxi_sidequest_gl_0,You must capture the wayward spirit of the Lantern. Its~power is key to achieving our mission.,You must capture the wayward spirit of the Lantern. Its~power is key to achieving our mission.,1250
vox_maxi_sidequest_gl_1,Brute force may be required to bring it within reach.,Brute force may be required to bring it within reach.,1250
vox_maxi_sidequest_gl_2,Good! Now you must secure the lantern to ensure that it is~not used to advance Richtofen's plans.,Good! Now you must secure the lantern to ensure that it is~not used to advance Richtofen's plans.,1250
vox_maxi_sidequest_ip_0,"Now that the structure has power, we need only to direct~its energy towards the surface.","Now that the structure has power, we need only to direct~its energy towards the surface.",1250
vox_maxi_sidequest_ip_1,There is a rudimentary control grid somewhere in this~cursed place. Perhaps a remnant of its twisted past.,There is a rudimentary control grid somewhere in this~cursed place. Perhaps a remnant of its twisted past.,1250
vox_maxi_sidequest_ip_2,"We are getting close, my friends.","We are getting close, my friends.",1250
vox_maxi_sidequest_ip_3,"Once calibrated, this control grid will divert our~structure's power to the surface.","Once calibrated, this control grid will divert our~structure's power to the surface.",1250
vox_maxi_sidequest_ip_4,You must proceed to the fountain in order to set the final~chain of events in motion.,You must proceed to the fountain in order to set the final~chain of events in motion.,1250
vox_maxi_sidequest_ll_0,You must ensure the lantern is safe from harm. The energy~contained within is essential to illuminate the words of|those who came before you. Their wisdom will show you the~way.,You must ensure the lantern is safe from harm. The energy~contained within is essential to illuminate the words of|those who came before you. Their wisdom will show you the~way.,1250
vox_maxi_sidequest_maxis_start_1_0,"Attention, my corporeal friends. You can hear me, yes?","Attention, my corporeal friends. You can hear me, yes?",1250
vox_maxi_sidequest_maxis_start_2_0,"Our journey inches ever closer to its conclusion. This~location represents the final piece of a puzzle beyond the|comprehension of your mortal minds. With your help, we~will heal the Earth.","Our journey inches ever closer to its conclusion. This~location represents the final piece of a puzzle beyond the|comprehension of your mortal minds. With your help, we~will heal the Earth.",1250
vox_maxi_sidequest_maxis_start_3_0,Energy from the ether is at its strongest this close to~the rift. You must harness this energy in order to power|the tower seen from this vantage point.,Energy from the ether is at its strongest this close to~the rift. You must harness this energy in order to power|the tower seen from this vantage point.,1250
vox_maxi_sidequest_maxis_start_4_0,"In order to achieve our goal, you must venture beneath the~surface. I will endeavor to monitor and advise on your|progress.","In order to achieve our goal, you must venture beneath the~surface. I will endeavor to monitor and advise on your|progress.",1250
vox_maxi_sidequest_maxis_start_5_0,But you must remain vigilant. Richtofen will stop at~nothing to achieve his psychotic goals.,But you must remain vigilant. Richtofen will stop at~nothing to achieve his psychotic goals.,1250
vox_maxi_sidequest_misc_0,Everything is proceeding as planned. Please continue.,Everything is proceeding as planned. Please continue.,1250
vox_maxi_sidequest_misc_1,Be mindful of Richtofen's influence. His path leads only~to darkness.,Be mindful of Richtofen's influence. His path leads only~to darkness.,1250
vox_maxi_sidequest_misc_2,You continue to be a powerful ally.,You continue to be a powerful ally.,1250
vox_maxi_sidequest_misc_3,What are you doing? Do you wish Richtofen's plans to come~to fruition?,What are you doing? Do you wish Richtofen's plans to come~to fruition?,1250
vox_maxi_sidequest_misc_4,I cannot help those who do not help themselves.,I cannot help those who do not help themselves.,1250
vox_maxi_sidequest_misc_5,No good will come from such actions.,No good will come from such actions.,1250
vox_maxi_sidequest_misc_6,Something has gone wrong. Very wrong.,Something has gone wrong. Very wrong.,1250
vox_maxi_sidequest_misc_7,You must return to the righteous path.,You must return to the righteous path.,1250
vox_maxi_sidequest_nag_0,You must follow my instructions without further delay.~Please continue.,You must follow my instructions without further delay.~Please continue.,1250
vox_maxi_sidequest_nag_1,"I do not wish to seem unsympathetic to your own situation,~but you really must proceed with my orders.","I do not wish to seem unsympathetic to your own situation,~but you really must proceed with my orders.",1250
vox_maxi_sidequest_nag_2,What reason do you have for such disobedience? Is one of~you listening to the wrong advice?,What reason do you have for such disobedience? Is one of~you listening to the wrong advice?,1250
vox_maxi_sidequest_nag_3,I have warned you before. Do not listen to the words of~others. I had hoped I would not need to warn you again.,I have warned you before. Do not listen to the words of~others. I had hoped I would not need to warn you again.,1250
vox_maxi_sidequest_nag_4,I cannot tell you just how much you put at risk by your~non-compliance.,I cannot tell you just how much you put at risk by your~non-compliance.,1250
vox_maxi_sidequest_parts_0,Excellent. Continue at pace.,Excellent. Continue at pace.,1250
vox_maxi_sidequest_parts_1,Two more components are required. Ensure that they are not~used to further Richtofen's nefarious goals.,Two more components are required. Ensure that they are not~used to further Richtofen's nefarious goals.,1250
vox_maxi_sidequest_parts_2,"The structure is almost complete. You are brave warriors,~my friends. Perhaps braver than those who walked this road|before you.","The structure is almost complete. You are brave warriors,~my friends. Perhaps braver than those who walked this road|before you.",1250
vox_maxi_sidequest_parts_3,I am pleased to see that Richtofen has not diverted you~from our mutual goal.,I am pleased to see that Richtofen has not diverted you~from our mutual goal.,1250
vox_maxi_sidequest_pl_0,The Lantern is a vessel for energy. The energy contained~within all matter.,The Lantern is a vessel for energy. The energy contained~within all matter.,1250
vox_maxi_sidequest_pl_1,You must find a method to manipulate the power of the~undead. Their energy may provide vital fuel for the|lantern.,You must find a method to manipulate the power of the~undead. Their energy may provide vital fuel for the|lantern.,1250
vox_maxi_sidequest_pl_2,Keep going. The lantern's energy grows ever stronger.,Keep going. The lantern's energy grows ever stronger.,1250
vox_maxi_sidequest_pl_3,"Lest you face corruption from the errant energy, you may~need help from a soul already bound to this realm.","Lest you face corruption from the errant energy, you may~need help from a soul already bound to this realm.",1250
vox_maxi_sidequest_signs_0,"Though they failed to complete the task, the others left~clues for those who followed.","Though they failed to complete the task, the others left~clues for those who followed.",1250
vox_maxi_sidequest_signs_1,Only a burst of electricity will have the brute force~necessary to release the energy bound to this realm.,Only a burst of electricity will have the brute force~necessary to release the energy bound to this realm.,1250
vox_maxi_sidequest_signs_2,Brute Force may release the energy bound to this realm.,Brute Force may release the energy bound to this realm.,1250
vox_maxi_sidequest_step10_0,This is it. Sufficient payment will initiate the final~challenge.,This is it. Sufficient payment will initiate the final~challenge.,1250
vox_maxi_sidequest_step10_1,Quickly! The targets must be destroyed!,Quickly! The targets must be destroyed!,1250
vox_maxi_sidequest_step10_2,"Ah, you were too slow. The process must be completed in~haste.","Ah, you were too slow. The process must be completed in~haste.",1250
vox_maxi_sidequest_step10_3,You must begin the challenge once more.,You must begin the challenge once more.,1250
vox_maxi_sidequest_step10_4,I am so very grateful for your efforts. My goal is almost~within reach.,I am so very grateful for your efforts. My goal is almost~within reach.,1250
vox_maxi_sidequest_step8_0,I fear the Wisp may not have enough power for our needs.,I fear the Wisp may not have enough power for our needs.,1250
vox_maxi_sidequest_step8_1,"I had hoped that it would not come to this, but it appears~we must manipulate time itself in order to supply|sufficient energy to the tower.","I had hoped that it would not come to this, but it appears~we must manipulate time itself in order to supply|sufficient energy to the tower.",1250
vox_maxi_sidequest_step8_2,There is a device that will allow you to create a point in~time that you can return to when you choose.,There is a device that will allow you to create a point in~time that you can return to when you choose.,1250
vox_maxi_sidequest_step8_3,This may prove to be the only method for extracting~sufficient energy from the Wisp.,This may prove to be the only method for extracting~sufficient energy from the Wisp.,1250
vox_maxi_sidequest_town_0,My communications are more fractured below ground.,My communications are more fractured below ground.,1250
vox_maxi_sidequest_town_1,It is essential that you find the parts needed to complete~a structure capable of delivering power to the tower above|ground.,It is essential that you find the parts needed to complete~a structure capable of delivering power to the tower above|ground.,1250
vox_maxi_sidequest_vulture_0,"So long as your eyes are open, the spirits will show you~the way.","So long as your eyes are open, the spirits will show you~the way.",1250
vox_zmba_dr_cure_found_0,You found it! So good! So good!,You found it! So good! So good!,1250
vox_zmba_dr_cure_found_1,Now you go from crumbly hateful to humbly grateful. I~rhymed!,Now you go from crumbly hateful to humbly grateful. I~rhymed!,1250
vox_zmba_dr_cure_found_2,"The clock is ticking, my little pink sausage. You better~move those porky little legs!","The clock is ticking, my little pink sausage. You better~move those porky little legs!",1250
vox_zmba_dr_cure_found_3,"Oh, look at today's special. Lovely, juicy, succulent~flesh.","Oh, look at today's special. Lovely, juicy, succulent~flesh.",1250
vox_zmba_dr_cure_found_4,This is going to be fun! Go! Make whoopee!,This is going to be fun! Go! Make whoopee!,1250
vox_zmba_dr_cure_found_5,"Sick em, boys! Sick em! Oh, that's sick.","Sick em, boys! Sick em! Oh, that's sick.",1250
vox_zmba_dr_kill_plr_0,"Oh, too bad for you. You were gobbled up by the zombie.~Now someone else gets to try. Next!","Oh, too bad for you. You were gobbled up by the zombie.~Now someone else gets to try. Next!",1250
vox_zmba_dr_kill_plr_1,And they last longer than you!,And they last longer than you!,1250
vox_zmba_dr_kill_plr_2,NEXT!,NEXT!,1250
vox_zmba_dr_monkey_0,"Oh, the poor solid soul. He fell for your deception.","Oh, the poor solid soul. He fell for your deception.",1250
vox_zmba_dr_monkey_1,You've been fooled by a simple simian! No flesh for you!,You've been fooled by a simple simian! No flesh for you!,1250
vox_zmba_dr_plr_survive_0,Keep going! You are setting records today! They're not~really. I just want to give your life some meaning.,Keep going! You are setting records today! They're not~really. I just want to give your life some meaning.,1250
vox_zmba_dr_plr_survive_1,They say time waits for no man.,They say time waits for no man.,1250
vox_zmba_dr_plr_survive_2,It's so true! The clock ticks and tocks and tocks and~ticks and ticks and tocks and where you get the idea.,It's so true! The clock ticks and tocks and tocks and~ticks and ticks and tocks and where you get the idea.,1250
vox_zmba_dr_plr_survive_3,"You better hurry, little human, little hairy human.","You better hurry, little human, little hairy human.",1250
vox_zmba_dr_start_0,Everyone's a zombie!,Everyone's a zombie!,1250
vox_zmba_dr_start_1,"First one to find the cure gets to be human again.~Everyone else, eat them!","First one to find the cure gets to be human again.~Everyone else, eat them!",1250
vox_zmba_dr_start_2,Who can stay human longest?,Who can stay human longest?,1250
vox_zmba_dr_time_0,Time is up! But who has won? I can hardly wait to not~care! Someone get me a towel!,Time is up! But who has won? I can hardly wait to not~care! Someone get me a towel!,1250
vox_zmba_dr_zmb_survive_2,Do I hear the rumble of empty bellies? You must be so~hungry!,Do I hear the rumble of empty bellies? You must be so~hungry!,1250
vox_zmba_end_game_maxis_wins_1,"Ah, you fools! Why did you listen to him?","Ah, you fools! Why did you listen to him?",5000
vox_zmba_end_game_maxis_wins_3,"Ah, I tried so hard to warn you. Don't go!","Ah, I tried so hard to warn you. Don't go!",5000
vox_zmba_end_game_maxis_wins_5,"Hello! Are you forgetting something? Even if your wretched~daughter is still alive, she has my body!","Hello! Are you forgetting something? Even if your wretched~daughter is still alive, she has my body!",5000
vox_zmba_end_game_richtofen_wins_0,"Finally, I am in control! The ether is mine to manipulate~as I wish! The world is now my own personal plaything!","Finally, I am in control! The ether is mine to manipulate~as I wish! The world is now my own personal plaything!",5000
vox_zmba_end_game_richtofen_wins_2,"I've won, Maxis! That's what I've done!","I've won, Maxis! That's what I've done!",5000
vox_zmba_end_game_richtofen_wins_4,"Not really, no. Won't I already possess the power to lead~this netherworld and re-enter the physical realm once|more? I can choose anybody I wish!","Not really, no. Won't I already possess the power to lead~this netherworld and re-enter the physical realm once|more? I can choose anybody I wish!",5000
vox_zmba_end_game_richtofen_wins_5,"As for you, Maxis, you will simply cease to be. See you~then! Toodle!","As for you, Maxis, you will simply cease to be. See you~then! Toodle!",5000
vox_zmba_end_game_richtofen_wins_7,"Take a deep breath, Samuel. We're about to get a whole lot~closer.","Take a deep breath, Samuel. We're about to get a whole lot~closer.",5000
vox_zmba_event_dogstart_0,Fetch me their souls!,Fetch me their souls!,5000
vox_zmba_event_magicbox_0,Bye-bye.,Bye-bye.,5000
vox_zmba_grief_1rivdown_0,One of them is down!,One of them is down!,5000
vox_zmba_grief_1rivup_0,Only Vanasim remains! Show no mercy!,Only Vanasim remains! Show no mercy!,5000
vox_zmba_grief_2rivdown_0,Two enemies are dead!,Two enemies are dead!,5000
vox_zmba_grief_2rivup_0,Two left and some suffer.,Two left and some suffer.,5000
vox_zmba_grief_3rivdown_0,Three of them are down!,Three of them are down!,5000
vox_zmba_grief_3rivup_0,Three enemies remain!,Three enemies remain!,5000
vox_zmba_grief_intro_0,"We will work together against the zombies, yeah? Co-op~time! So much fun! Wunderbar! You're on two teams and only|one team makes it out alive. So, good luck.","We will work together against the zombies, yeah? Co-op~time! So much fun! Wunderbar! You're on two teams and only|one team makes it out alive. So, good luck.",5000
vox_zmba_grief_lose_0,Crushed beneath a hill.,Crushed beneath a hill.,5000
vox_zmba_grief_restart_0,Round restarting. You have given the other team another~chance.,Round restarting. You have given the other team another~chance.,5000
vox_zmba_grief_solo_0,It's up to you now. You are the only one left. Pity.,It's up to you now. You are the only one left. Pity.,5000
vox_zmba_grief_win_0,Der Siege ist der Gro kraft! Feel the thrill of victory!,Der Siege ist der Gro kraft! Feel the thrill of victory!,5000
vox_zmba_powerup_carpenter_0,Carpenter!,Carpenter!,5000
vox_zmba_powerup_doublepoints_0,Double Points!,Double Points!,5000
vox_zmba_powerup_firesale_0,Time for a fire sale!,Time for a fire sale!,5000
vox_zmba_powerup_instakill_0,Insta-Kill.,Insta-Kill.,5000
vox_zmba_powerup_maxammo_0,Max Ammo!,Max Ammo!,5000
vox_zmba_powerup_nuke_0,Kaboom!,Kaboom!,5000
vox_zmba_sidequest_amp_0,"Oh, look! Just what we're looking for. Well, almost. They~need a little more oomph before they will serve our needs.","Oh, look! Just what we're looking for. Well, almost. They~need a little more oomph before they will serve our needs.",5000
vox_zmba_sidequest_amp_1,"Find the right tool, Samuel, but do it quickly. Your~allies may yet choose to follow Maxis.","Find the right tool, Samuel, but do it quickly. Your~allies may yet choose to follow Maxis.",5000
vox_zmba_sidequest_amp_2,"Oh, look at that! That's perfect! It's bigger and better!","Oh, look at that! That's perfect! It's bigger and better!",5000
vox_zmba_sidequest_amp_3,Find the others! Repeat the process!,Find the others! Repeat the process!,5000
vox_zmba_sidequest_ctw_0,Maxis calls it a wisp. It's really just a ball of life~force imprisoned in this place for all eternity.,Maxis calls it a wisp. It's really just a ball of life~force imprisoned in this place for all eternity.,5000
vox_zmba_sidequest_ctw_1,It is probably best not to dwell on what it really is. It~will make you so sad.,It is probably best not to dwell on what it really is. It~will make you so sad.,5000
vox_zmba_sidequest_ctw_2,Oh look! The poor little thing is desperately trying to~find a nice warm body to inhabit.,Oh look! The poor little thing is desperately trying to~find a nice warm body to inhabit.,5000
vox_zmba_sidequest_ctw_3,Get it! Get it now! I want this energy! I must have~energy!,Get it! Get it now! I want this energy! I must have~energy!,5000
vox_zmba_sidequest_ctw_4,"Oh, I'm so exhausted after all that excitement. Do me a~favor, will you? Be a pal and find the switch to turn it|on.","Oh, I'm so exhausted after all that excitement. Do me a~favor, will you? Be a pal and find the switch to turn it|on.",5000
vox_zmba_sidequest_ctw_5,"Ah, the wisp is such a tricky little sausage. I think he~may have chosen to return to his point of origin. That's|just a fancy way for me to say, start again!","Ah, the wisp is such a tricky little sausage. I think he~may have chosen to return to his point of origin. That's|just a fancy way for me to say, start again!",5000
vox_zmba_sidequest_gallows_0,Aha! Perfect! Und guillotine! Find and bring the parts to~this location. Together we will thwart Maxis!,Aha! Perfect! Und guillotine! Find and bring the parts to~this location. Together we will thwart Maxis!,5000
vox_zmba_sidequest_gallows_1,"Don't worry, we don't actually need to cut off his head. I~was talking metaphorically. Although decapitations can|follow if time permits.","Don't worry, we don't actually need to cut off his head. I~was talking metaphorically. Although decapitations can|follow if time permits.",5000
vox_zmba_sidequest_gl_0,There should be a little light floating around. Perhaps~some poltergeist resided within.,There should be a little light floating around. Perhaps~some poltergeist resided within.,5000
vox_zmba_sidequest_gl_1,Pick up the lantern. I'm sure it is harmless enough.,Pick up the lantern. I'm sure it is harmless enough.,5000
vox_zmba_sidequest_ip_0,"So many puzzles, so many games, where do they come from?~That's a ghost.","So many puzzles, so many games, where do they come from?~That's a ghost.",5000
vox_zmba_sidequest_ip_1,"Maxis does this all the time, you know. You're not the~first.","Maxis does this all the time, you know. You're not the~first.",5000
vox_zmba_sidequest_ip_2,"He will push you as far as he can following his own~ridiculous rules, only to cast you aside like youth|tissues.","He will push you as far as he can following his own~ridiculous rules, only to cast you aside like youth|tissues.",5000
vox_zmba_sidequest_ip_3,"I won't do that to you, Samuel Stuhlinger. I like you too~much. Now be a good boy and run along to the maze.","I won't do that to you, Samuel Stuhlinger. I like you too~much. Now be a good boy and run along to the maze.",5000
vox_zmba_sidequest_ip_4,I'm sure it's now just a simple matter of flipping the~switches in the correct order.,I'm sure it's now just a simple matter of flipping the~switches in the correct order.,5000
vox_zmba_sidequest_ip_5,"Ah, it's so proud of you. We are inching ever closer to~our goal. Many inches of inching.","Ah, it's so proud of you. We are inching ever closer to~our goal. Many inches of inching.",5000
vox_zmba_sidequest_ip_6,"Oh, do you ever wish for something so hard that you think~you're going to burst if you don't get it?","Oh, do you ever wish for something so hard that you think~you're going to burst if you don't get it?",5000
vox_zmba_sidequest_ip_7,"Well, today all our wishes are going to come true. Just~stick all your hard-earned pennies along to the fountain.","Well, today all our wishes are going to come true. Just~stick all your hard-earned pennies along to the fountain.",5000
vox_zmba_sidequest_ll_0,"Listen carefully, my friend. Now the lantern is full of~juicy ghost juiciness. You must use that power to show|your the way.","Listen carefully, my friend. Now the lantern is full of~juicy ghost juiciness. You must use that power to show|your the way.",5000
vox_zmba_sidequest_ll_1,"So sorry, I'm being cryptic again. Basically, I'm telling~you to go shine its light on stuff.","So sorry, I'm being cryptic again. Basically, I'm telling~you to go shine its light on stuff.",5000
vox_zmba_sidequest_misc_0,It's like you do whatever I ask!,It's like you do whatever I ask!,5000
vox_zmba_sidequest_misc_1,"Ha ha ha, you are making an old German very happy. Ha ha,~old stiff.","Ha ha ha, you are making an old German very happy. Ha ha,~old stiff.",5000
vox_zmba_sidequest_misc_2,Keep going. I do not want you to stop. Not even for~breath. Not even for breath.,Keep going. I do not want you to stop. Not even for~breath. Not even for breath.,5000
vox_zmba_sidequest_misc_3,"Damn, Koff! You're ruining everything!","Damn, Koff! You're ruining everything!",5000
vox_zmba_sidequest_misc_4,Are you even listening? It does not seem like you are!,Are you even listening? It does not seem like you are!,5000
vox_zmba_sidequest_misc_5,"Of all my kind of helpers, I think you are my favorite.","Of all my kind of helpers, I think you are my favorite.",5000
vox_zmba_sidequest_misc_6,"Nine, nine, no, no, see, I translated, just so you can~understand how badly you messed up.","Nine, nine, no, no, see, I translated, just so you can~understand how badly you messed up.",5000
vox_zmba_sidequest_misc_7,Are you trying to help Maxis? I see no other explanation!,Are you trying to help Maxis? I see no other explanation!,5000
vox_zmba_sidequest_misc_8,You must find a way to undo your wrongdoing.,You must find a way to undo your wrongdoing.,5000
vox_zmba_sidequest_nag_0,"You have to do what I say, Charmute. It really is very~important.","You have to do what I say, Charmute. It really is very~important.",5000
vox_zmba_sidequest_nag_1,"You need to get the others to do what you tell them.~That's what working together is, huh? Do it!","You need to get the others to do what you tell them.~That's what working together is, huh? Do it!",5000
vox_zmba_sidequest_nag_2,Explain it to them! I don't care if they are talking over~you! Just tell them what they have to do!,Explain it to them! I don't care if they are talking over~you! Just tell them what they have to do!,5000
vox_zmba_sidequest_nag_3,"Why don't you listen to me? Did I do something wrong? I'm~so annoyed, I don't even want to speak to you.","Why don't you listen to me? Did I do something wrong? I'm~so annoyed, I don't even want to speak to you.",5000
vox_zmba_sidequest_nag_4,"You really are quite pathetic, aren't you? Where would you~be without me? Nowhere! That's where! I hate you! I hate|you so much!","You really are quite pathetic, aren't you? Where would you~be without me? Nowhere! That's where! I hate you! I hate|you so much!",5000
vox_zmba_sidequest_nag_5,I didn't mean it. I just got a little upset because you~don't seem to want to do what I say. Can we start over?,I didn't mean it. I just got a little upset because you~don't seem to want to do what I say. Can we start over?,5000
vox_zmba_sidequest_parts_0,"Das ist sehr gut, little Samuel. I confess that I had~worried that your courage might desert you. I love being|wrong!","Das ist sehr gut, little Samuel. I confess that I had~worried that your courage might desert you. I love being|wrong!",5000
vox_zmba_sidequest_parts_1,Progress. I LOVE PROGRESS!,Progress. I LOVE PROGRESS!,5000
vox_zmba_sidequest_parts_2,"You are approaching the climactic moment. Oh, it feels~good here.","You are approaching the climactic moment. Oh, it feels~good here.",5000
vox_zmba_sidequest_parts_3,"Wunderbar! You have done so well, but we are not finished~yet. Listen for my helpful advice. I can only apologize if|it seems cryptic. I cannot see so well from here.","Wunderbar! You have done so well, but we are not finished~yet. Listen for my helpful advice. I can only apologize if|it seems cryptic. I cannot see so well from here.",5000
vox_zmba_sidequest_pl_0,Departed souls leave residual energy in their wake. This~energy must be used to fuel the lantern.,Departed souls leave residual energy in their wake. This~energy must be used to fuel the lantern.,5000
vox_zmba_sidequest_pl_1,It's also perfect! I invite you to keep it up! Keep it up!~I know I am.,It's also perfect! I invite you to keep it up! Keep it up!~I know I am.,5000
vox_zmba_sidequest_signs_0,"This talk of energy is so vague, yeah? It's best not to~worry about it.","This talk of energy is so vague, yeah? It's best not to~worry about it.",5000
vox_zmba_sidequest_signs_1,"Just think of the big ones, positive and negative, north~and south, light and dark, good and evil!","Just think of the big ones, positive and negative, north~and south, light and dark, good and evil!",5000
vox_zmba_sidequest_signs_2,"Anyway, cheer up, it's all good. You just need to smear~the right area with some fresh zombie blood. So fresh.","Anyway, cheer up, it's all good. You just need to smear~the right area with some fresh zombie blood. So fresh.",5000
vox_zmba_sidequest_step10_0,"Now, throw your pennies into the fountain and we get to~play a fun little game.","Now, throw your pennies into the fountain and we get to~play a fun little game.",5000
vox_zmba_sidequest_step10_1,"Move quickly, my little cowboy. You must shoot all the~targets.","Move quickly, my little cowboy. You must shoot all the~targets.",5000
vox_zmba_sidequest_step10_2,"Uh-oh! You weren't exactly quick on the draw there, you!","Uh-oh! You weren't exactly quick on the draw there, you!",5000
vox_zmba_sidequest_step10_3,HATE THE FOUNTAIN AND TRY AGAIN,HATE THE FOUNTAIN AND TRY AGAIN,5000
vox_zmba_sidequest_step10_4,I love you.,I love you.,5000
vox_zmba_sidequest_step10_5,"Every tower has been activated, just as I planned. We can~finally begin our endgame!","Every tower has been activated, just as I planned. We can~finally begin our endgame!",5000
vox_zmba_sidequest_step10_6,"I cannot begin my endgame until we have control of all the~towers, yeah? Yeah. Looks like I'm not finished with you|just yet!","I cannot begin my endgame until we have control of all the~towers, yeah? Yeah. Looks like I'm not finished with you|just yet!",5000
vox_zmba_sidequest_step8_0,"Okay, Samuel, I don't want you to get upset over it, but~it seems that somewhere along the way, we accidentally|tore a teensy-weensy hole in the fabric of time and space.","Okay, Samuel, I don't want you to get upset over it, but~it seems that somewhere along the way, we accidentally|tore a teensy-weensy hole in the fabric of time and space.",5000
vox_zmba_sidequest_step8_1,"Like I said, it's nothing to worry about, but you need to~cross your own timeline in order to put things right.","Like I said, it's nothing to worry about, but you need to~cross your own timeline in order to put things right.",5000
vox_zmba_sidequest_step8_2,Just detonate a time bomb near the guillotine and~everything will be hunky dory.,Just detonate a time bomb near the guillotine and~everything will be hunky dory.,5000
vox_zmba_sidequest_step8_3,"Welcome to your future! Now hurry and find the switch!~Ironically enough, we do not have much time.","Welcome to your future! Now hurry and find the switch!~Ironically enough, we do not have much time.",5000
vox_zmba_sidequest_step8_4,"Oh yeah, maybe I should have warned you about that. Now~don't get upset, Sammy boy. They're going to put things|right.","Oh yeah, maybe I should have warned you about that. Now~don't get upset, Sammy boy. They're going to put things|right.",5000
vox_zmba_sidequest_step8_5,"Now Samuel, search their cold, dead bodies. It shouldn't~be too upsetting. I know you've earned clothes.","Now Samuel, search their cold, dead bodies. It shouldn't~be too upsetting. I know you've earned clothes.",5000
vox_zmba_sidequest_step8_6,Woo! How's that? That's exciting!,Woo! How's that? That's exciting!,5000
vox_zmba_sidequest_town_0,The components necessary to build an energy conduit to~power the tower can only source from this location.,The components necessary to build an energy conduit to~power the tower can only source from this location.,5000
vox_zmba_sidequest_town_1,"When you find them, you must ensure that they are not used~to help Marxists.","When you find them, you must ensure that they are not used~to help Marxists.",5000
vox_zmba_sidequest_vulture_0,Do you see the spirit? It shouldn't be too hard to see.~Unless you've been doing things that ruin your eyesight.,Do you see the spirit? It shouldn't be too hard to see.~Unless you've been doing things that ruin your eyesight.,5000
vox_zmba_sidequest_zmba_start_1_0,Samuel? Samuel Stuhlinger?,Samuel? Samuel Stuhlinger?,5000
vox_zmba_sidequest_zmba_start_3_0,"Calm yourself, Samuel. We're all friends here, are we not?","Calm yourself, Samuel. We're all friends here, are we not?",5000
vox_zmba_sidequest_zmba_start_5_0,"We have no time for such petty rivalries, my friend. I~fear that Maxis may manipulate your companions into|following his orders. He can be a very convincing liar. I~know this firsthand.","We have no time for such petty rivalries, my friend. I~fear that Maxis may manipulate your companions into|following his orders. He can be a very convincing liar. I~know this firsthand.",5000
vox_zmba_sidequest_zmba_start_6_0,For now you must focus on only gaining control of the~tower above ground. It is more important than you can|possibly imagine!,For now you must focus on only gaining control of the~tower above ground. It is more important than you can|possibly imagine!,5000
vox_zmba_stuhlinger_1st_possession_1_0,"Ah, at last, I am, oh, what's the word, corporeal? No, no,~no, physical, whatever. I have my very own party!","Ah, at last, I am, oh, what's the word, corporeal? No, no,~no, physical, whatever. I have my very own party!",1250
vox_zmba_stuhlinger_1st_possession_2_0,I can touch! I can feel! I can smell! Maybe that's not~such a good thing. What is that stink?,I can touch! I can feel! I can smell! Maybe that's not~such a good thing. What is that stink?,1250
vox_zmba_stuhlinger_1st_possession_3_0,"Now, wait, something's wrong. I'm struggling to control my~movements.","Now, wait, something's wrong. I'm struggling to control my~movements.",1250
vox_zmba_stuhlinger_1st_possession_4_0,"Okay, maybe I just need some practice.","Okay, maybe I just need some practice.",1250
vox_zmba_stuhlinger_2nd_possession_2_0,"Oh, Samuel! You're still here? Okay, okay. This is a~little awkward.","Oh, Samuel! You're still here? Okay, okay. This is a~little awkward.",1250
vox_zmba_stuhlinger_2nd_possession_3_0,"It's really not that different to how things were before,~Sammy. We get to talk to each other, play games, have fun.|It's really quite exciting. You'll like the fact that~we're going to be eating more salad.","It's really not that different to how things were before,~Sammy. We get to talk to each other, play games, have fun.|It's really quite exciting. You'll like the fact that~we're going to be eating more salad.",1250
vox_zmba_stuhlinger_2nd_possession_5_0,"Ahaha! That doesn't come in a bowl! But I do understand,~Sammy. Just carry on as normal, and I'll try to leave you|alone for a while.","Ahaha! That doesn't come in a bowl! But I do understand,~Sammy. Just carry on as normal, and I'll try to leave you|alone for a while.",1250
vox_zmba_stuhlinger_3rd_possession_1_0,"You know, if I'm completely honest, I really didn't think~this is true.","You know, if I'm completely honest, I really didn't think~this is true.",1250
vox_zmba_stuhlinger_3rd_possession_2_0,I'd almost forgotten how unfun it is to live with the~constant threat of being devoured by the undead.,I'd almost forgotten how unfun it is to live with the~constant threat of being devoured by the undead.,1250
vox_zmba_stuhlinger_3rd_possession_3_0,"Can we go somewhere else? The more time I spend here, the~more I realize that this location is somewhat unpleasant.","Can we go somewhere else? The more time I spend here, the~more I realize that this location is somewhat unpleasant.",1250
vox_zmba_stuhlinger_3rd_possession_4_0,I had hoped that everything would be exactly the way I~wanted it to be. But I was wrong! I was so wrong!,I had hoped that everything would be exactly the way I~wanted it to be. But I was wrong! I was so wrong!,1250
vox_zmba_stuhlinger_3rd_possession_5_0,Sammy! Sammy boy! Are you ignoring me? Sammy?,Sammy! Sammy boy! Are you ignoring me? Sammy?,1250
vox_zmba_stuhlinger_3rd_possession_6_0,We don't talk anymore. I'm missing you. I'm missing your~talking to me.,We don't talk anymore. I'm missing you. I'm missing your~talking to me.,1250
vox_zmba_stuhlinger_3rd_possession_7_0,"This is awful! Am I condemned to sleepwalk through the~rest of your lives, Edward?","This is awful! Am I condemned to sleepwalk through the~rest of your lives, Edward?",1250
vox_zmba_stuhlinger_3rd_possession_8_0,Nein! It cannot be like this forever! There has to be a~way to break the cycle!,Nein! It cannot be like this forever! There has to be a~way to break the cycle!,1250
vox_zmba_zombie_possession_1_0,"What? No, no! This is disgusting! This is not how things~are supposed to turn out!","What? No, no! This is disgusting! This is not how things~are supposed to turn out!",1250
vox_zmba_zombie_possession_10_0,What did I ever do to deserve this torment?,What did I ever do to deserve this torment?,1250
vox_zmba_zombie_possession_11_0,It's like you're not even listening to me anymore.,It's like you're not even listening to me anymore.,1250
vox_zmba_zombie_possession_12_0,I just want to feel needed again.,I just want to feel needed again.,1250
vox_zmba_zombie_possession_13_0,Who did we trap for all eternity? Do you have any idea how~long that is?,Who did we trap for all eternity? Do you have any idea how~long that is?,1250
vox_zmba_zombie_possession_3_0,I'm trapped! I'm rotting! I'm hungry!,I'm trapped! I'm rotting! I'm hungry!,1250
vox_zmba_zombie_possession_4_0,"Help me, Samuel! I was always a good friend to you, wasn't~I?","Help me, Samuel! I was always a good friend to you, wasn't~I?",1250
vox_zmba_zombie_possession_6_0,"The bodies are so filthy, so dirty, so stinky. I'm going~to kill you to stop eating brains and take a shower. It's|horrible.","The bodies are so filthy, so dirty, so stinky. I'm going~to kill you to stop eating brains and take a shower. It's|horrible.",1250
vox_zmba_zombie_possession_8_0,"Curse you, Maxis! You and your stupid girl! You are always~ruining my fun again!","Curse you, Maxis! You and your stupid girl! You are always~ruining my fun again!",1250
vox_zmba_zombie_possession_9_0,"I'm still here, you know.","I'm still here, you know.",1250
vox_zmba_qol_powerup_zombie_blood,Zombie Blood.,Zombie Blood.,5000
vox_zmba_qol_powerup_zombie_blood_0,Zombie Blood.,Zombie Blood.,5000
vox_zmba_sam_qol_powerup_zombie_blood,Zombie Blood.,Zombie Blood.,5000
vox_zmba_sam_qol_powerup_zombie_blood_0,Zombie Blood.,Zombie Blood.,5000
vox_zmba_qol_powerup_blood_money,Blood Money.,Blood Money.,5000
vox_zmba_qol_powerup_blood_money_0,Blood Money.,Blood Money.,5000
vox_zmba_sam_qol_powerup_blood_money,Blood Money.,Blood Money.,5000
vox_zmba_sam_qol_powerup_blood_money_0,Blood Money.,Blood Money.,5000
vox_zmba_qol_powerup_death_machine,Death Machine.,Death Machine.,5000
vox_zmba_qol_powerup_death_machine_0,Death Machine.,Death Machine.,5000
vox_zmba_sam_qol_powerup_death_machine,Death Machine.,Death Machine.,5000
vox_zmba_sam_qol_powerup_death_machine_0,Death Machine.,Death Machine.,5000
vox_zmba_qol_powerup_bonfire_sale,Bonfire Sale!,Bonfire Sale!,5000
vox_zmba_qol_powerup_bonfire_sale_0,Bonfire Sale!,Bonfire Sale!,5000
vox_zmba_sam_qol_powerup_bonfire_sale,Bonfire Sale!,Bonfire Sale!,5000
vox_zmba_sam_qol_powerup_bonfire_sale_0,Bonfire Sale!,Bonfire Sale!,5000
