alias,mature,safe
vox_plr_0_ammo_low_0,Weapon's getting a little light.,Weapon's getting a little light.
vox_plr_0_ammo_low_1,"Oh, I need some lead for my pencil.","Oh, I need some lead for my pencil."
vox_plr_0_ammo_low_2,"Anyone sees ammo, it's mine.","Anyone sees ammo, it's mine."
vox_plr_0_ammo_low_3,This old man can still go bare knuckle if he has to.,This old man can still go bare knuckle if he has to.
vox_plr_0_ammo_low_4,Under five bullets. I guess I could cap us all.,Under five bullets. I guess I could cap us all.
vox_plr_0_ammo_out_0,Russman shooting blanks!,Russman shooting blanks!
vox_plr_0_ammo_out_1,"Kick an old man when he's down, why don't you?","Kick an old man when he's down, why don't you?"
vox_plr_0_ammo_out_2,No ammo. Figures.,No ammo. Figures.
vox_plr_0_ammo_out_3,Ain't this a poking eye?,Ain't this a poking eye?
vox_plr_0_ammo_out_4,Bad day's getting worse.,Bad day's getting worse.
vox_plr_0_ammo_out_5,"Watch your backs, fellas. I'm all out.","Watch your backs, fellas. I'm all out."
vox_plr_0_anim_intro11_0,"Pay attention, moron!","Pay attention, moron!"
vox_plr_0_anim_intro12_0,"If you're gonna talk to your imaginary friends, Stu...","If you're gonna talk to your imaginary friends, Stu..."
vox_plr_0_anim_intro13_0,You might want to wait till you're in a Z-free zone.,You might want to wait till you're in a Z-free zone.
vox_plr_0_anim_intro15_0,AHHHH!,AHHHH!
vox_plr_0_box_move_0,"You making a muckery of me, box?","You making a muckery of me, box?"
vox_plr_0_box_move_1,I'm an expert tracker. I will find you.,I'm an expert tracker. I will find you.
vox_plr_0_box_move_2,"Trying to short me on our deal, huh?","Trying to short me on our deal, huh?"
vox_plr_0_box_move_3,You should have moved on Marlton's turn.,You should have moved on Marlton's turn.
vox_plr_0_box_move_4,Run all you want. Don't make no difference to me.,Run all you want. Don't make no difference to me.
vox_plr_0_build_add_0,This'll be a darn sight easier if it came with directions.,This'll be a darn sight easier if it came with directions.
vox_plr_0_build_add_1,"I think this goes here. Oh, fuck it. I just jam it in.","I think this goes here. Oh, fuck it. I just jam it in."
vox_plr_0_build_add_2,Junk plus junk equals more junk.,Junk plus junk equals more junk.
vox_plr_0_build_final_0,"Well, ain't that something? Hey, Brain Box, you know what~it is?","Well, ain't that something? Hey, Brain Box, you know what~it is?"
vox_plr_0_build_final_1,It's finished! I think I gave myself another heart attack.,It's finished! I think I gave myself another heart attack.
vox_plr_0_build_final_2,That was a whole lot of hassle for not much reward.,That was a whole lot of hassle for not much reward.
vox_plr_0_build_pck_jet_0,"Come to Russman, baby! Now, let's go find out what the~fuck you are.","Come to Russman, baby. Now let's go find out what you are."
vox_plr_0_build_pck_sliquifier_0,I just know I'm gonna throw my back out carrying this.,I just know I'm gonna throw my back out carrying this.
vox_plr_0_build_pck_wsliquifier_0,Who left us here? What? Was it me?,Who left us here? What? Was it me?
vox_plr_0_build_pck_wsteam_0,Leave shit like this around and someone's bound to steal~it. Might as well be me.,Leave shit like this around and someone's bound to steal~it. Might as well be me.
vox_plr_0_build_pickup_0,"This looks useful. Darn if I know what for, though.","This looks useful. Darn if I know what for, though."
vox_plr_0_build_pickup_1,I think I better just hang on to this.,I think I better just hang on to this.
vox_plr_0_build_pickup_2,"It's a bit of something, alright.","It's a bit of something, alright."
vox_plr_0_build_plc_sliquifier_0,Anyone who touches my stuff will pay a heavy price.~Believe me.,Anyone who touches my stuff will pay a heavy price.~Believe me.
vox_plr_0_build_plc_steam_1,I think I'll just put you down. Give myself a rest.,I think I'll just put you down. Give myself a rest.
vox_plr_0_build_swap_0,Maybe I need this other thing more.,Maybe I need this other thing more.
vox_plr_0_build_swap_1,All this crap looks the same to me anyhow.,All this crap looks the same to me anyhow.
vox_plr_0_build_swap_2,I'll leave this one for later.,I'll leave this one for later.
vox_plr_0_crawler_attack_0,"Don't nibble the rust, man!","Don't nibble the rust, man!"
vox_plr_0_crawler_attack_1,Who said you could take a bath?,Who said you could take a bath?
vox_plr_0_crawler_attack_2,Wish I'd worn my shit-kicking boots.,Wish I'd worn my shit-kicking boots.
vox_plr_0_crawler_attack_3,"Why, you little runt!","Why, you little runt!"
vox_plr_0_crawler_attack_4,These little shits are getting on my nerves.,These little shits are getting on my nerves.
vox_plr_0_crawler_kill_0,"Not on my watch, buddy boy!","Not on my watch, buddy boy!"
vox_plr_0_crawler_kill_1,No nibbles for you!,No nibbles for you!
vox_plr_0_crawler_kill_2,Stay still.,Stay still.
vox_plr_0_crawler_kill_3,I put them out as misery.,I put them out as misery.
vox_plr_0_crawler_kill_4,Only good crawler is a dead crawler.,Only good crawler is a dead crawler.
vox_plr_0_crawler_start_0,We got crawlers!,We got crawlers!
vox_plr_0_crawler_start_1,How come they're twice as annoying at half the size?,How come they're twice as annoying at half the size?
vox_plr_0_crawler_start_2,Watch out for the little runs.,Watch out for the little runs.
vox_plr_0_crawler_start_3,"Cotton up your boots, we got ass-draggers.","Cotton up your boots, we got ass-draggers."
vox_plr_0_crawler_start_4,They survived the blast.,They survived the blast.
vox_plr_0_earn_acheivement_0,I appreciate the recognition of my skills.,I appreciate the recognition of my skills.
vox_plr_0_find_secret_0,What is that? Don't tell me I'm hearing things like Stu.,What is that? Don't tell me I'm hearing things like Stu.
vox_plr_0_generic_who_0,Who's Who?,Who's Who?
vox_plr_0_heal_revived_0,"Couldn't go on without Russman, huh?","Couldn't go on without Russman, huh?"
vox_plr_0_heal_revived_1,I'll return the favor. Maybe.,I'll return the favor. Maybe.
vox_plr_0_heal_revived_2,"You don't talk about this, understand?","You don't talk about this, understand?"
vox_plr_0_heal_revived_3,Guess none of you was watching my back.,Guess none of you was watching my back.
vox_plr_0_heal_revived_4,Be thankful I'm still around.,Be thankful I'm still around.
vox_plr_0_hr_resp_crawler_start_0,They're kind of funny when they're stumpified.,They're kind of funny when they're stumpified.
vox_plr_0_hr_resp_crawler_start_1,"He's down, but he ain't out.","He's down, but he ain't out."
vox_plr_0_hr_resp_crawler_start_2,"Finish what you started, Stu!","Finish what you started, Stu!"
vox_plr_0_hr_resp_crawler_start_3,Damn! These little shits are persistent. I'll give them~that.,Damn! These little shits are persistent. I'll give them~that.
vox_plr_0_hr_resp_crawler_start_4,"Hit them again, as often as you have to.","Hit them again, as often as you have to."
vox_plr_0_hr_resp_kill_headshot_0,"I don't care what the others say. You're kicking ass, Stu.","I don't care what the others say. You're kicking ass, Stu."
vox_plr_0_hr_resp_kill_headshot_1,You popped this melon real good.,You popped this melon real good.
vox_plr_0_hr_resp_kill_headshot_2,"He went down like a sack of potatoes, Stu.","He went down like a sack of potatoes, Stu."
vox_plr_0_hr_resp_kill_headshot_3,That's how you do it.,That's how you do it.
vox_plr_0_hr_resp_kill_headshot_4,"Couldn't have killed him better myself. Well, actually, I~could have, but nice shot.","Couldn't have killed him better myself. Well, actually, I~could have, but nice shot."
vox_plr_0_hr_resp_surrounded_0,"You got a man up now, Stu.","You got a man up now, Stu."
vox_plr_0_hr_resp_surrounded_1,"You can do it, Stu. Just remember everything I taught you.","You can do it, Stu. Just remember everything I taught you."
vox_plr_0_hr_resp_surrounded_2,"Put your war face on! You do have one, don't you?","Put your war face on! You do have one, don't you?"
vox_plr_0_hr_resp_surrounded_3,"Stay calm, Stu. Black out the voices in your head.","Stay calm, Stu. Black out the voices in your head."
vox_plr_0_hr_resp_wpck_monkey_0,"Hey, hey, hey! You two will make a good team!","Hey, hey, hey! You two will make a good team!"
vox_plr_0_hr_resp_wpck_monkey_1,That there's an explosive monkey. Guard him with your~life.,That there's an explosive monkey. Guard him with your~life.
vox_plr_0_hr_resp_wpck_monkey_2,"When you hit trouble, toss off a monkey.","When you hit trouble, toss off a monkey."
vox_plr_0_hr_resp_wpck_monkey_3,Is that little bastard ever gonna evolve?,Is that little bastard ever gonna evolve?
vox_plr_0_hr_resp_wpck_monkey_4,"Better start grinding your organ now you got a monkey,~Stu.","Better start grinding your organ now you got a monkey,~Stu."
vox_plr_0_kill_close_0,You need to learn some manners.,You need to learn some manners.
vox_plr_0_kill_close_1,You crossed the line!,You crossed the line!
vox_plr_0_kill_close_2,"Hi, I'm Russman. Bye.","Hi, I'm Russman. Bye."
vox_plr_0_kill_close_3,You brought it on yourself.,You brought it on yourself.
vox_plr_0_kill_close_4,Done and done!,Done and done!
vox_plr_0_kill_damaged_0,Who in the hell do you think you are to put your hands on~me?,Who in the hell do you think you are to put your hands on~me?
vox_plr_0_kill_damaged_1,"Russman don't start fights, he finishes them.","Russman don't start fights, he finishes them."
vox_plr_0_kill_damaged_2,"You done goofed, blood bag.","You done goofed, blood bag."
vox_plr_0_kill_damaged_3,You realize where you went wrong.,You realize where you went wrong.
vox_plr_0_kill_damaged_4,You got balls picking on me.,You got balls picking on me.
vox_plr_0_kill_explo_0,"I can't imagine a prettier sight, unless it was bigger.","I can't imagine a prettier sight, unless it was bigger."
vox_plr_0_kill_explo_1,And the chunks hit the wall.,And the chunks hit the wall.
vox_plr_0_kill_explo_2,"You got blasticated, morons!","You got blasticated, morons!"
vox_plr_0_kill_explo_3,It's raining red. Hallelujah.,It's raining red. Hallelujah.
vox_plr_0_kill_explo_4,At least you didn't die alone.,At least you didn't die alone.
vox_plr_0_kill_headshot_0,You see that? You wish you saw that.,You see that? You wish you saw that.
vox_plr_0_kill_headshot_1,"That's right, keep walking till you realize you don't have~a fucking head.","That's right, keep walking. Till you realize you don't~have a head."
vox_plr_0_kill_headshot_2,Right in the brain box.,Right in the brain box.
vox_plr_0_kill_headshot_3,I'm a crack shot. You're lucky that's not where I shot~you.,I'm a crack shot. You're lucky that's not where I shot~you.
vox_plr_0_kill_headshot_4,It's like my bullet hunted you down.,It's like my bullet hunted you down.
vox_plr_0_kill_headshot_5,This shit comes easy to a man of my skills.,This shit comes easy to a man of my skills.
vox_plr_0_kill_headshot_6,"Hey, Scumbucket, you just got shot!","Hey, Scumbucket, you just got shot!"
vox_plr_0_kill_headshot_7,Oh-ho! He's down for the count!,Oh-ho! He's down for the count!
vox_plr_0_kill_headshot_8,That's some long range badassery right there.,That's some long range badassery right there.
vox_plr_0_kill_headshot_9,"You wandered into the wrong neighborhood, didn't you?","You wandered into the wrong neighborhood, didn't you?"
vox_plr_0_kill_insta_0,"When Russman hits something, it don't get back up.","When Russman hits something, it don't get back up."
vox_plr_0_kill_insta_1,"Lay down, bitch boy!","Lay down, boy!"
vox_plr_0_kill_insta_2,I'll cut you like butter.,I'll cut you like butter.
vox_plr_0_kill_insta_3,Russman coming through!,Russman coming through!
vox_plr_0_kill_insta_4,"You're taking a beating, boy.","You're taking a beating, boy."
vox_plr_0_kill_limb_0,"By my count, you're down one limb.","By my count, you're down one limb."
vox_plr_0_kill_limb_1,I'm toying with you like a cat. A cat with a gun.,I'm toying with you like a cat. A cat with a gun.
vox_plr_0_kill_limb_2,You dropped something.,You dropped something.
vox_plr_0_kill_limb_3,Feeling light on the limbs?,Feeling light on the limbs?
vox_plr_0_kill_limb_4,"Pick it back up! Go on, I dare ya!","Pick it back up! Go on, I dare ya!"
vox_plr_0_kill_monkey_0,That monkey's better at combat than Marlton.,That monkey's better at combat than Marlton.
vox_plr_0_kill_monkey_1,"Annoying tune. Nice ending, though.","Annoying tune. Nice ending, though."
vox_plr_0_kill_monkey_2,And the monkey does its job.,And the monkey does its job.
vox_plr_0_kill_monkey_3,Monkey Bombs are fun!,Monkey Bombs are fun!
vox_plr_0_kill_monkey_4,I gotta wonder where that monkey came from.,I gotta wonder where that monkey came from.
vox_plr_0_kill_ray_0,"Shit, this thing's actually a whole lot of fun.","Shit, this thing's actually a whole lot of fun."
vox_plr_0_kill_ray_1,Eat my death ray and keep chewing.,Eat my death ray and keep chewing.
vox_plr_0_kill_ray_2,Now comes the part where you fall down.,Now comes the part where you fall down.
vox_plr_0_kill_ray_3,Cooked from the inside.,Cooked from the inside.
vox_plr_0_kill_ray_4,I can smell your flesh cooking.,I can smell your flesh cooking.
vox_plr_0_kill_sliquifier_0,"You're just moose now, Freak-a-Lope.","You're just moose now, Freak-a-Lope."
vox_plr_0_kill_sliquifier_1,How you like being turned to goo?,How you like being turned to goo?
vox_plr_0_kill_sliquifier_2,"Meet your watery end, zombie.","Meet your watery end, zombie."
vox_plr_0_kill_sliquifier_3,"You look like what you are, a pile of raw sewage.","You look like what you are, a pile of raw sewage."
vox_plr_0_kill_sliquifier_4,I might try this out on my dinner. Save wear and tear on~my dentures.,I might try this out on my dinner. Save wear and tear on~my dentures.
vox_plr_0_kill_streak_0,Anyone keep a count?,Anyone keep a count?
vox_plr_0_kill_streak_1,You boys picked on the wrong guy.,You boys picked on the wrong guy.
vox_plr_0_kill_streak_2,You must be in awe. You must be.,You must be in awe. You must be.
vox_plr_0_kill_streak_3,Another one for the pile.,Another one for the pile.
vox_plr_0_kill_streak_4,You freaks starting to see a pattern yet?,You freaks starting to see a pattern yet?
vox_plr_0_kill_streak_5,Sometimes I almost feel sorry for you.,Sometimes I almost feel sorry for you.
vox_plr_0_kill_streak_6,Rack'em up!,Rack'em up!
vox_plr_0_kill_streak_7,Russman is breaking records today.,Russman is breaking records today.
vox_plr_0_kill_streak_8,Should I leave some for you guys?,Should I leave some for you guys?
vox_plr_0_kill_streak_9,"One Man Army, that's Russman!","One Man Army, that's Russman!"
vox_plr_0_leaper_attack_0,Where'd you come from?,Where'd you come from?
vox_plr_0_leaper_attack_1,This old man don't appreciate being jumped on like that.,This old man don't appreciate being jumped on like that.
vox_plr_0_leaper_attack_2,Yeehaw! You almost gave me a damn heart attack!,Yeehaw! You almost gave me a damn heart attack!
vox_plr_0_leaper_attack_3,"That fair, dammit!","That fair, dammit!"
vox_plr_0_leaper_attack_4,"Sneaking up on Russman, huh?","Sneaking up on Russman, huh?"
vox_plr_0_leaper_kill_0,"Take a leap into hell, freak face.","Take a leap into hell, freak face."
vox_plr_0_leaper_kill_1,Your dancing days are over.,Your dancing days are over.
vox_plr_0_leaper_kill_2,"Ain't so jumpy now, are ya?","Ain't so jumpy now, are ya?"
vox_plr_0_leaper_kill_3,I think you had a little too much sugar.,I think you had a little too much sugar.
vox_plr_0_leaper_kill_4,I don't discriminate when it comes to killing freaks.,I don't discriminate when it comes to killing freaks.
vox_plr_0_leaper_reveal_0,That doesn't sound good.,That doesn't sound good.
vox_plr_0_leaper_reveal_1,"Oh, shit. Here we go again.","Oh, shit. Here we go again."
vox_plr_0_leaper_reveal_2,Bouncing bastards really test my patience. And my joints.,Bouncing bastards really test my patience. And my joints.
vox_plr_0_leaper_reveal_3,"Better watch the walls, people! Asshoppers are coming!","Better watch the walls, people! Asshoppers are coming!"
vox_plr_0_leaper_reveal_4,I was hoping we'd get a break from these bastards.,I was hoping we'd get a break from these bastards.
vox_plr_0_leaper_see_0,You guys got a little too much energy for my liking.,You guys got a little too much energy for my liking.
vox_plr_0_leaper_see_1,"Stay still, damn it!","Stay still, damn it!"
vox_plr_0_leaper_see_2,I prefer it when you keep rotten flesh on ground level.,I prefer it when you keep rotten flesh on ground level.
vox_plr_0_leaper_see_3,Jump at me and see what happens. I dare you.,Jump at me and see what happens. I dare you.
vox_plr_0_leaper_see_4,They're crawling over every damn surface.,They're crawling over every damn surface.
vox_plr_0_nomoney_box_0,What does a box need money for anyway?,What does a box need money for anyway?
vox_plr_0_nomoney_generic_0,I remember when this used to only cost a dime.,I remember when this used to only cost a dime.
vox_plr_0_nomoney_generic_1,Where did I leave my cash?,Where did I leave my cash?
vox_plr_0_nomoney_generic_2,"Aw, man. Russman, out of cash.","Aw, man. Russman, out of cash."
vox_plr_0_nomoney_perk_0,I ought to just smash my way in.,I ought to just smash my way in.
vox_plr_0_nomoney_weapon_0,What can I tell you? Money's been tight since I retired.,What can I tell you? Money's been tight since I retired.
vox_plr_0_oh_shit_0,Alright! Who's first?,Alright! Who's first?
vox_plr_0_oh_shit_1,"Oh, you all want some!","Oh, you all want some!"
vox_plr_0_oh_shit_10,This ain't exactly how I planned.,This ain't exactly how I planned.
vox_plr_0_oh_shit_11,"If I'm going down, I'm taking you all with me.","If I'm going down, I'm taking you all with me."
vox_plr_0_oh_shit_12,"If you're looking for trouble, Marlton's somewhere else.","If you're looking for trouble, Marlton's somewhere else."
vox_plr_0_oh_shit_13,It ain't over while I still got some fire in my belly.,It ain't over while I still got some fire in my belly.
vox_plr_0_oh_shit_14,I ain't going out like this.,I ain't going out like this.
vox_plr_0_oh_shit_2,Come on! I can do this all day!,Come on! I can do this all day!
vox_plr_0_oh_shit_3,I've seen worse off than you!,I've seen worse off than you!
vox_plr_0_oh_shit_4,"Oh, got a gang up on Russman, huh?","Oh, got a gang up on Russman, huh?"
vox_plr_0_oh_shit_5,"Give it your best shot, freaks!","Give it your best shot, freaks!"
vox_plr_0_oh_shit_6,"So you wanna fight, huh?","So you wanna fight, huh?"
vox_plr_0_oh_shit_7,No one gonna back me up here!,No one gonna back me up here!
vox_plr_0_oh_shit_8,Looks like it's just me and you all.,Looks like it's just me and you all.
vox_plr_0_oh_shit_9,One more step and you'll regret it.,One more step and you'll regret it.
vox_plr_0_pap_arm_0,Russman approves.,Russman approves.
vox_plr_0_pap_arm_1,"You're my bitch now, machine. Don't get offended. I like~bitches.","You're my bitch now, machine. Don't get offended. I like~bitches."
vox_plr_0_pap_arm_2,These improvements better not be just cosmetic.,These improvements better not be just cosmetic.
vox_plr_0_pap_arm_3,"Other than your somewhat inflated prices, I consider this~a fair transaction.","Other than your somewhat inflated prices, I consider this~a fair transaction."
vox_plr_0_pap_arm_4,"Come to Russman, baby. We're gonna have fun together.","Come to Russman, baby. We're gonna have fun together."
vox_plr_0_pap_arm2_0,"Okay, let's get back to work.","Okay, let's get back to work."
vox_plr_0_pap_arm2_1,Ain't the first time I've been impressed with a weapon.~Hope it ain't the last.,Ain't the first time I've been impressed with a weapon.~Hope it ain't the last.
vox_plr_0_pap_arm2_2,Gimme that. I gotta find what trouble Stu's got himself~into.,Gimme that. I gotta find what trouble Stu's got himself~into.
vox_plr_0_pap_arm2_3,"I would thank you, machine, but you doesn't charge me too~much.","I would thank you, machine, but you doesn't charge me too~much."
vox_plr_0_pap_arm2_4,"If this breaks, I'm bringing it back.","If this breaks, I'm bringing it back."
vox_plr_0_pap_wait_0,"Times like these, I start thinking about some of the~things I regret in life. Doesn't take long.","Times like these, I start thinking about some of the~things I regret in life. Doesn't take long."
vox_plr_0_pap_wait_1,"Ooh, that girl. She really was something. I sure hope I~didn't catch nothing.","Ooh, that girl. She really was something. I sure hope I~didn't catch nothing."
vox_plr_0_pap_wait_2,"Broken Arrow seems like a long time ago. Back then, Stu~was little more than a baby-faced brat.","Broken Arrow seems like a long time ago. Back then, Stu~was little more than a baby-faced brat."
vox_plr_0_pap_wait_3,Damn Marlton and his dumbass mouth ruined everything.,Damn Marlton and his dumbass mouth ruined everything.
vox_plr_0_pap_wait_4,I'll get even with that little blabberchops one day.,I'll get even with that little blabberchops one day.
vox_plr_0_pap_wait2_0,Drink once from the wrong well and everyone calls you a~monster.,Drink once from the wrong well and everyone calls you a~monster.
vox_plr_0_pap_wait2_1,I hope Stu don't pay too much heed to that voice in his~head.,I hope Stu don't pay too much heed to that voice in his~head.
vox_plr_0_pap_wait2_2,I used to be somebody. Now I'm a cypher. A delirious~caricature of my former self. Why is that?,I used to be somebody. Now I'm a cypher. A delirious~caricature of my former self. Why is that?
vox_plr_0_pap_wait2_3,"Maybe all this means something. I'm darned if I know what,~though.","Maybe all this means something. I'm darned if I know what,~though."
vox_plr_0_pap_wait2_4,Times are wasting. This machine gives a man too much time~to think.,Times are wasting. This machine gives a man too much time~to think.
vox_plr_0_perk_doubletap_0,My trigger finger's ready to work overtime.,My trigger finger's ready to work overtime.
vox_plr_0_perk_jugga_0,"I'm already tougher in leather, but hey, I'm thirsty.","I'm already tougher in leather, but hey, I'm thirsty."
vox_plr_0_perk_mulekick_0,Mule Kick!,Mule Kick!
vox_plr_0_perk_revive_0,This'll keep the wolf from the door.,This'll keep the wolf from the door.
vox_plr_0_perk_speed_0,Feeling pretty limber after that.,Feeling pretty limber after that.
vox_plr_0_perk_stamine_0,I feel young. It's like I'm 60 again.,I feel young. It's like I'm 60 again.
vox_plr_0_perk_tombstone_0,"Huh, not bad.","Huh, not bad."
vox_plr_0_perk_who_0,This'll put some lead in my pencil.,This'll put some lead in my pencil.
vox_plr_0_power_off_0,Maybe we ought to figure out the power situation.,Maybe we ought to figure out the power situation.
vox_plr_0_power_off_1,Whoever did the wiring around here sure fucked it up.,Whoever did the wiring around here sure messed it up.
vox_plr_0_power_off_2,"Marlton, why don't you go exploring? See if you can get~the power on.","Marlton, why don't you go exploring? See if you can get~the power on."
vox_plr_0_power_off_3,We should get the power on. Just so you all can see how~awesome I am.,We should get the power on. Just so you all can see how~awesome I am.
vox_plr_0_power_off_4,Looks like some a-hole forgot to turn on the lights.,Looks like some a-hole forgot to turn on the lights.
vox_plr_0_power_on_0,"And Russman said, let there be light. And the light was~too scared to disagree.","And Russman said, let there be light. And the light was~too scared to disagree."
vox_plr_0_power_on_1,That'll do it. Till something shorts anyways.,That'll do it. Till something shorts anyways.
vox_plr_0_power_on_2,Russman is bringing the power!,Russman is bringing the power!
vox_plr_0_powerup_ammo_0,By time I catch a break.,By time I catch a break.
vox_plr_0_powerup_ammo_1,"Full Up, Wipe Out.","Full Up, Wipe Out."
vox_plr_0_powerup_ammo_2,This is what I've been waiting for.,This is what I've been waiting for.
vox_plr_0_powerup_carp_0,"Get out, keep out.","Get out, keep out."
vox_plr_0_powerup_carp_1,Wonder if I got time for a nap.,Wonder if I got time for a nap.
vox_plr_0_powerup_carp_2,Hammer and nails is for young folk.,Hammer and nails is for young folk.
vox_plr_0_powerup_double_0,"Line up to die, dummies!","Line up to die, dummies!"
vox_plr_0_powerup_double_1,Two for one on the Freak-a-Lopes.,Two for one on the Freak-a-Lopes.
vox_plr_0_powerup_double_2,"Come and get it, rock snobblers!","Come and get it, rock snobblers!"
vox_plr_0_powerup_firesale_0,M-Prices is coming down!,M-Prices is coming down!
vox_plr_0_powerup_firesale_1,"Uh-huh. What's the trick this time, Devil Box?","Uh-huh. What's the trick this time, Devil Box?"
vox_plr_0_powerup_firesale_2,Devil Box runs the sale? Believe it when I see it.,Devil Box runs the sale? Believe it when I see it.
vox_plr_0_powerup_firesale_3,"Yeah, you being nice to Russman now, asswipe.","Yeah, you being nice to Russman now, asswipe."
vox_plr_0_powerup_insta_0,Flatten your ass!,Flatten your ass!
vox_plr_0_powerup_insta_1,Time to spread the joy!,Time to spread the joy!
vox_plr_0_powerup_insta_2,That'll make it easier on my bum hip.,That'll make it easier on my bum hip.
vox_plr_0_powerup_nuke_0,Lights you up!,Lights you up!
vox_plr_0_powerup_nuke_1,"Later, Gators!","Later, Gators!"
vox_plr_0_powerup_nuke_2,You've been irradiated!,You've been irradiated!
vox_plr_0_rebuild_boards_0,Don't know why I'm doing this. They'll just rip them right~back down.,Don't know why I'm doing this. They'll just rip them right~back down.
vox_plr_0_riv_resp_crawler_start_0,You shoot like an old man. Not this old man. One who can't~shoot.,You shoot like an old man. Not this old man. One who can't~shoot.
vox_plr_0_riv_resp_crawler_start_1,"You bite your balls off, Marlton. Assuming you got any.","You bite your balls off, Marlton. Assuming you got any."
vox_plr_0_riv_resp_crawler_start_2,"You got the killer instinct, Marlton? Then act on it!","You got the killer instinct, Marlton? Then act on it!"
vox_plr_0_riv_resp_crawler_start_3,"You planning on keeping him as a pet, Marlton?","You planning on keeping him as a pet, Marlton?"
vox_plr_0_riv_resp_crawler_start_4,Put them down for good. Getting tired of being knee deep~in zombie parts.,Put them down for good. Getting tired of being knee deep~in zombie parts.
vox_plr_0_riv_resp_kill_headshot_0,"Little boy got a lucky shot, huh?","Little boy got a lucky shot, huh?"
vox_plr_0_riv_resp_kill_headshot_1,That's right. Keep your mouths shut and your guns aimed.,That's right. Keep your mouths shut and your guns aimed.
vox_plr_0_riv_resp_kill_headshot_2,Maybe you talked him to death.,Maybe you talked him to death.
vox_plr_0_riv_resp_kill_headshot_3,Nothing special about that shot. He just had a big old~head.,Nothing special about that shot. He just had a big old~head.
vox_plr_0_riv_resp_kill_headshot_4,"See that, Stu? She's picking up some skills from Russman.","See that, Stu? She's picking up some skills from Russman."
vox_plr_0_riv_resp_surrounded_0,"How you gonna talk your way out of this, Marlton?","How you gonna talk your way out of this, Marlton?"
vox_plr_0_riv_resp_surrounded_1,"Oh boy, they look extra hungry.","Oh boy, they look extra hungry."
vox_plr_0_riv_resp_surrounded_2,Looks like Marlton's offering himself up as bait.,Looks like Marlton's offering himself up as bait.
vox_plr_0_riv_resp_surrounded_3,"You brought it on yourself, college boy.","You brought it on yourself, college boy."
vox_plr_0_riv_resp_surrounded_4,Things ain't looking good for the bookworm.,Things ain't looking good for the bookworm.
vox_plr_0_riv_resp_wpck_monkey_0,"Oh, come on. Marlton don't deserve a monkey.","Oh, come on. Marlton don't deserve a monkey."
vox_plr_0_riv_resp_wpck_monkey_1,Why don't you just take your monkey and go play in a~corner?,Why don't you just take your monkey and go play in a~corner?
vox_plr_0_riv_resp_wpck_monkey_2,Maybe the monkey will teach you how to shoot.,Maybe the monkey will teach you how to shoot.
vox_plr_0_riv_resp_wpck_monkey_3,"Hey, Monkey, why don't you throw Marlton instead?","Hey, Monkey, why don't you throw Marlton instead?"
vox_plr_0_riv_resp_wpck_monkey_4,"What happens next is between you and the monkey, Marlton.","What happens next is between you and the monkey, Marlton."
vox_plr_0_sidequest_find_nav_0,More nerd stuff. Suppose it can't do any harm to keep it.,More nerd stuff. Suppose it can't do any harm to keep it.
vox_plr_0_sidequest_navcard_0,"Well, who'd have thunk it? That thing we've been lugging~around actually worked.","Well, who'd have thunk it? That thing we've been lugging~around actually worked."
vox_plr_0_sidequest_start_7_0,Russia.,Russia.
vox_plr_0_wpck_57_0,Damn crappy piece of damn crap!,Damn crappy piece of damn crap!
vox_plr_0_wpck_57_1,"Five, seven. Both those numbers are high for marks out of~ten.","Five, seven. Both those numbers are high for marks out of~ten."
vox_plr_0_wpck_57_2,This box don't know a damn thing. This should have been~for Stu.,This box don't know a damn thing. This should have been~for Stu.
vox_plr_0_wpck_an94_0,"Light, but still packs a punch. A little easier on my~arthritis, too.","Light, but still packs a punch. A little easier on my~arthritis, too."
vox_plr_0_wpck_an94_1,"Who doesn't love a light machine gun? Marlton, probably.~Kids are wuss.","Who doesn't love a light machine gun? Marlton, probably.~Kids are wuss."
vox_plr_0_wpck_an94_2,This is as fine a piece of machinery as I ever saw.,This is as fine a piece of machinery as I ever saw.
vox_plr_0_wpck_chicom_0,Dumb name for a gun if you ask me.,Dumb name for a gun if you ask me.
vox_plr_0_wpck_chicom_1,I think I'll call it the Pulverizer. Least until I forget.,I think I'll call it the Pulverizer. Least until I forget.
vox_plr_0_wpck_chicom_2,I should try and come up with a more manly name for this.,I should try and come up with a more manly name for this.
vox_plr_0_wpck_dsr50_0,Why would I want to be looking down at itty bitty scope?,Why would I want to be looking down at itty bitty scope?
vox_plr_0_wpck_dsr50_1,Think I don't know crap when I see it?,Think I don't know crap when I see it?
vox_plr_0_wpck_dsr50_2,"Come on, box. Help me out here.","Come on, box. Help me out here."
vox_plr_0_wpck_duel57_0,I'll hit with the left. I'll hit with the right. Either~way you're going down.,I'll hit with the left. I'll hit with the right. Either~way you're going down.
vox_plr_0_wpck_duel57_1,Two guns are better than one. Can't argue with that.,Two guns are better than one. Can't argue with that.
vox_plr_0_wpck_duel57_2,"Hell, I could juggle three if I needed to.","Hell, I could juggle three if I needed to."
vox_plr_0_wpck_emp_0,I prefer my grenades the old-fashioned way. What the hell?,I prefer my grenades the old-fashioned way. What the hell?
vox_plr_0_wpck_emp_1,I think these things do something to the brain.,I think these things do something to the brain.
vox_plr_0_wpck_emp_2,"I like real big explosions, not this pussy pulse piss.","I like real big explosions, not this pussy pulse piss."
vox_plr_0_wpck_fal_0,You kidding me? I want a refund.,You kidding me? I want a refund.
vox_plr_0_wpck_fal_1,I do better just throw them bullets at them.,I do better just throw them bullets at them.
vox_plr_0_wpck_fal_2,"You got no business giving me shit like this, box.","You got no business giving me shit like this, box."
vox_plr_0_wpck_favorite_0,I'm through gambling on that damn box. I'm happy with~this.,I'm through gambling on that damn box. I'm happy with~this.
vox_plr_0_wpck_favorite_1,Take my money. Give me this.,Take my money. Give me this.
vox_plr_0_wpck_favorite_2,I'm done gambling. Give me this. I'm happy.,I'm done gambling. Give me this. I'm happy.
vox_plr_0_wpck_galil_0,"You read my mind, box.","You read my mind, box."
vox_plr_0_wpck_galil_1,"This is more my style. Point, shoot, thing goes dead.","This is more my style. Point, shoot, thing goes dead."
vox_plr_0_wpck_galil_2,Bring out your dad!,Bring out your dad!
vox_plr_0_wpck_hamr_0,I will hammer those stink stumblers into the dirt!,I will hammer those stink stumblers into the dirt!
vox_plr_0_wpck_hamr_1,This is gonna be a whole lot of fun.,This is gonna be a whole lot of fun.
vox_plr_0_wpck_hamr_2,"My name is Russman. Fear me, corpse heads.","My name is Russman. Fear me, corpse heads."
vox_plr_0_wpck_judge_0,The Executioner? I knew an Executioner once. Real nice~guy.,The Executioner? I knew an Executioner once. Real nice~guy.
vox_plr_0_wpck_judge_1,Stu always wanted one of these. Amongst other things.,Stu always wanted one of these. Amongst other things.
vox_plr_0_wpck_judge_2,Rock and roll will never die. Sure is old though.,Rock and roll will never die. Sure is old though.
vox_plr_0_wpck_kap_0,Do I look like I'm in the mood for your shitbox?,Do I look like I'm in the mood for your shitbox?
vox_plr_0_wpck_kap_1,"Box, you are in serious danger of going on the fire.","Box, you are in serious danger of going on the fire."
vox_plr_0_wpck_kap_2,Russman is less than impressed. A lot less.,Russman is less than impressed. A lot less.
vox_plr_0_wpck_knife_0,Knives that fire. What next? A hat that cuts hair?,Knives that fire. What next? A hat that cuts hair?
vox_plr_0_wpck_knife_1,I really don't see what's appealing about these things.,I really don't see what's appealing about these things.
vox_plr_0_wpck_knife_2,"I can see myself just being left with the handle. Mmm, I'm~good.","I can see myself just being left with the handle. Mmm, I'm~good."
vox_plr_0_wpck_lsat_0,Now that is something I can really enjoy.,Now that is something I can really enjoy.
vox_plr_0_wpck_lsat_1,"Less time reloading, more time killing.","Less time reloading, more time killing."
vox_plr_0_wpck_lsat_2,I'm gonna burn through some ammo with this. Can't wait!,I'm gonna burn through some ammo with this. Can't wait!
vox_plr_0_wpck_m1216_0,"Long time since I've known the love of a good woman. Or~any woman. Hey, Misty! I got an idea!","Long time since I've known the love of a good woman. Or~any woman. Hey, Misty! I got an idea!"
vox_plr_0_wpck_m1216_1,"You can have this, Misty, as soon as you pry it from my~cold, dead hands.","You can have this, Misty, as soon as you pry it from my~cold, dead hands."
vox_plr_0_wpck_m1216_2,"Girl, the guns ain't no fun.","Girl, the guns ain't no fun."
vox_plr_0_wpck_m32_0,"Well, color me surprised. I love this gun.","Well, color me surprised. I love this gun."
vox_plr_0_wpck_m32_1,I'd do a little happy dance if I still had cartilage in my~knees.,I'd do a little happy dance if I still had cartilage in my~knees.
vox_plr_0_wpck_m32_2,"Don't worry your pretty little head, Misty. Russman is~bringing the heat.","Don't worry your pretty little head, Misty. Russman is~bringing the heat."
vox_plr_0_wpck_m82a1_0,Fortune smiles on the brave and the old.,Fortune smiles on the brave and the old.
vox_plr_0_wpck_m82a1_1,I can hardly wait to turn this baby loose.,I can hardly wait to turn this baby loose.
vox_plr_0_wpck_m82a1_2,"Assault rifle, huh? Good enough for this old man.","Assault rifle, huh? Good enough for this old man."
vox_plr_0_wpck_m82a1_3,I never did care much for scopes.,I never did care much for scopes.
vox_plr_0_wpck_m82a1_4,Sniper rifle? I don't care about shooting shit a half mile~away.,Sniper rifle? I don't care about shooting shit a half mile~away.
vox_plr_0_wpck_m82a1_5,"You think I want to look at those freaks close up? No~thanks, pal.","You think I want to look at those freaks close up? No~thanks, pal."
vox_plr_0_wpck_m8a1_0,Good things come to those who wait. And I have done my~share of waiting.,Good things come to those who wait. And I have done my~share of waiting.
vox_plr_0_wpck_m8a1_1,I can walk tall and feel good with this little lady on my~arm.,I can walk tall and feel good with this little lady on my~arm.
vox_plr_0_wpck_m8a1_2,Part of me really likes this. Can you guess which part?,Part of me really likes this. Can you guess which part?
vox_plr_0_wpck_monkey_0,What kind of person straps explosives to a monkey? My kind~of person.,What kind of person straps explosives to a monkey? My kind~of person.
vox_plr_0_wpck_monkey_1,"Come here, you little shit. You're my monkey now.","Come here, you little shit. You're my monkey now."
vox_plr_0_wpck_monkey_2,Don't get attached. You ain't gonna be around much longer.,Don't get attached. You ain't gonna be around much longer.
vox_plr_0_wpck_pdw57_0,Bit small for my tastes. I prefer something a little~beefier.,Bit small for my tastes. I prefer something a little~beefier.
vox_plr_0_wpck_pdw57_1,"PDW? Ah, I can't be bothered squinting to read. I just try~it out.","PDW? Ah, I can't be bothered squinting to read. I just try~it out."
vox_plr_0_wpck_pdw57_2,You think a man like me wants to be seen with a teeny~weeny little shooter?,You think a man like me wants to be seen with a teeny~weeny little shooter?
vox_plr_0_wpck_python_0,Let's go wake up the dead and put them to sleep.,Let's go wake up the dead and put them to sleep.
vox_plr_0_wpck_python_1,"Ah, the finisher. I came up with that. What's it really~called?","Ah, the finisher. I came up with that. What's it really~called?"
vox_plr_0_wpck_python_2,There will be holes where once were heads.,There will be holes where once were heads.
vox_plr_0_wpck_ray_0,"Now you're learning, box. Keep the good stuff coming.","Now you're learning, box. Keep the good stuff coming."
vox_plr_0_wpck_ray_1,How big is this box anyway?,How big is this box anyway?
vox_plr_0_wpck_ray_2,Looks like I'm gonna microwave the little bastards.,Looks like I'm gonna microwave the little bastards.
vox_plr_0_wpck_rpd_0,I'm gonna shake the bones right out of they skin.,I'm gonna shake the bones right out of they skin.
vox_plr_0_wpck_rpd_1,Rapidly Punitive Destruction. Is that right?,Rapidly Punitive Destruction. Is that right?
vox_plr_0_wpck_rpd_2,This'll wake up the neighborhood. Not before I kill him.,This'll wake up the neighborhood. Not before I kill him.
vox_plr_0_wpck_rpg_0,"Ooh, whoa, now we're cooking.","Ooh, whoa, now we're cooking."
vox_plr_0_wpck_rpg_1,Sticks and stones just break bones. This will destroy!,Sticks and stones just break bones. This will destroy!
vox_plr_0_wpck_rpg_2,Ha! An RPG is fine by me.,Ha! An RPG is fine by me.
vox_plr_0_wpck_saiga12_0,I feel I should say something. Anything.,I feel I should say something. Anything.
vox_plr_0_wpck_saiga12_1,"Hey Misty, what would you do for a gun like this?","Hey Misty, what would you do for a gun like this?"
vox_plr_0_wpck_saiga12_2,Funny shotgun. Whatever happened to the good old double~barrel?,Funny shotgun. Whatever happened to the good old double~barrel?
vox_plr_0_wpck_sidr_0,"You making fun of me, box?","You making fun of me, box?"
vox_plr_0_wpck_sidr_1,"Do you think I'm stupid, box? I know you're holding the~good stuff.","Do you think I'm stupid, box? I know you're holding the~good stuff."
vox_plr_0_wpck_sidr_2,What is that? Ages 5 to 10?,What is that? Ages 5 to 10?
vox_plr_0_wpck_type25_0,Hey freaks! You scared yet? You damn well should be!,Hey freaks! You scared yet? You damn well should be!
vox_plr_0_wpck_type25_1,These old bones ain't ever gonna tire of this.,These old bones ain't ever gonna tire of this.
vox_plr_0_wpck_type25_2,What more could I ask for? Another one?,What more could I ask for? Another one?
vox_plr_0_wpck_x95l_0,"Simple but effective, like most of the women in my life.","Simple but effective, like most of the women in my life."
vox_plr_0_wpck_x95l_1,"When a man is tired of guns, he is tired of life.","When a man is tired of guns, he is tired of life."
vox_plr_0_wpck_x95l_2,"You holding out on me, box? You must have something~better.","You holding out on me, box? You must have something~better."
vox_plr_1_ammo_low_0,I've almost got more balls than bullets.,I've almost got more balls than bullets.
vox_plr_1_ammo_low_1,"Oh, I think I shot myself out a little too fast here.","Oh, I think I shot myself out a little too fast here."
vox_plr_1_ammo_low_2,"Oh, nuts!","Oh, nuts!"
vox_plr_1_ammo_low_3,"Hey, Russ! Got any spare lead?","Hey, Russ! Got any spare lead?"
vox_plr_1_ammo_low_4,"Come on, voice guy! Throw us a Max Ammo!","Come on, voice guy! Throw us a Max Ammo!"
vox_plr_1_ammo_out_0,"I'd call this a coincidence, but this happens way too~often.","I'd call this a coincidence, but this happens way too~often."
vox_plr_1_ammo_out_1,Ah! Did someone steal my ammo?!,Ah! Did someone steal my ammo?!
vox_plr_1_ammo_out_2,"Come on, voice! Help me!","Come on, voice! Help me!"
vox_plr_1_ammo_out_3,Maybe there's some loose shells on the ground!,Maybe there's some loose shells on the ground!
vox_plr_1_ammo_out_4,"Should I stay still? Hey, maybe they won't notice me.","Should I stay still? Hey, maybe they won't notice me."
vox_plr_1_ammo_out_5,I will fight to the death. Just hoping it's not mine.,I will fight to the death. Just hoping it's not mine.
vox_plr_1_anim_intro1_0,I don't understand.,I don't understand.
vox_plr_1_anim_intro10_0,They'd kill me if they knew.,They'd kill me if they knew.
vox_plr_1_anim_intro19_0,What do we do now?,What do we do now?
vox_plr_1_anim_intro2_0,Why are you doing this? Why me?,Why are you doing this? Why me?
vox_plr_1_anim_intro21_0,"What do you mean, accept our fate? I don't understand!","What do you mean, accept our fate? I don't understand!"
vox_plr_1_anim_intro26_0,Have we been here before?,Have we been here before?
vox_plr_1_anim_intro3_0,Travel where? Don't you get it? There's nothing left!,Travel where? Don't you get it? There's nothing left!
vox_plr_1_anim_intro4_0,How did you?,How did you?
vox_plr_1_anim_intro5_0,"What? What do you mean, man the rift?","What? What do you mean, man the rift?"
vox_plr_1_anim_intro6_0,"Well, maybe I don't wanna. Huh? Did you think of that?","Well, maybe I don't wanna. Huh? Did you think of that?"
vox_plr_1_anim_intro7_0,No! No!,No! No!
vox_plr_1_anim_intro8_0,"Oh, you can't tell them about the flesh! What I did!","Oh, you can't tell them about the flesh! What I did!"
vox_plr_1_anim_intro9_0,They'd kill me if they knew.,They'd kill me if they knew.
vox_plr_1_box_move_0,"Oh, it's aliens. It's got to be aliens.","Oh, it's aliens. It's got to be aliens."
vox_plr_1_box_move_1,I guess I'll be following then.,I guess I'll be following then.
vox_plr_1_box_move_2,"Hey, did that laugh have a German accent? Hey, you all~heard that voice, right?","Hey, did that laugh have a German accent? Hey, you all~heard that voice, right?"
vox_plr_1_box_move_3,"You can run, but you can't hide!","You can run, but you can't hide!"
vox_plr_1_box_move_4,Why now?,Why now?
vox_plr_1_build_add_0,"If I just push these parts together, it'll... Ah, shit!~Oh, did I break it?","If I just push these parts together, it'll... Ah, shit!~Oh, did I break it?"
vox_plr_1_build_add_1,Can't we just get the geek to put all this shit together?,Can't we just get the geek to put all this shit together?
vox_plr_1_build_add_2,Fits like a glove. On a fucking foot!,Fits like a glove. Yeah. On a foot!
vox_plr_1_build_final_0,"Hey, it's a, uh, what do you call it? Yeah, one of those.","Hey, it's a, uh, what do you call it? Yeah, one of those."
vox_plr_1_build_final_1,It's just what I've always wanted. What is it?,It's just what I've always wanted. What is it?
vox_plr_1_build_final_2,I reckon this is just about done.,I reckon this is just about done.
vox_plr_1_build_pck_wsliquifier_0,This looks more dangerous than Bungie jumping into a~volcano.,This looks more dangerous than Bungie jumping into a~volcano.
vox_plr_1_build_pck_wsteam_0,"I am not sure just what the fuck this is, but I am taking~it with me.","You know, I am not sure what this is, but I'm taking it~with me."
vox_plr_1_build_pickup_0,"Looks like junk, but you never know.","Looks like junk, but you never know."
vox_plr_1_build_pickup_1,"Well, it's part of something. Darned if I know what~though.","Well, it's part of something. Darned if I know what~though."
vox_plr_1_build_pickup_2,"Hey, voice! You wanna tell me what the fuck this is?","Hey, voice, you wanna tell me what this is?"
vox_plr_1_build_plc_sliquifier_0,"No one else is gonna steal this if I set it down here,~right?","No one else is gonna steal this if I set it down here,~right?"
vox_plr_1_build_plc_sliquifier_1,"No one else is gonna steal this if I set it down here,~right?","No one else is gonna steal this if I set it down here,~right?"
vox_plr_1_build_plc_steam_0,"Guess, uh, no one else wants this, huh?","Guess, uh, no one else wants this, huh?"
vox_plr_1_build_plc_steam_1,Maybe someone else could lug this around for a change.,Maybe someone else could lug this around for a change.
vox_plr_1_build_swap_0,Why do you make me choose? I should have brought a bag.,Why do you make me choose? I should have brought a bag.
vox_plr_1_build_swap_1,Maybe this one is more important?,Maybe this one is more important?
vox_plr_1_build_swap_2,I guess you can't have everything.,I guess you can't have everything.
vox_plr_1_crawler_attack_0,He's gonna get me!,He's gonna get me!
vox_plr_1_crawler_attack_1,It just won't die!,It just won't die!
vox_plr_1_crawler_attack_2,Stop it! I said stop it!,Stop it! I said stop it!
vox_plr_1_crawler_attack_3,No! I should have worn a cup!,No! I should have worn a cup!
vox_plr_1_crawler_attack_4,Ouch! That hurts!,Ouch! That hurts!
vox_plr_1_crawler_kill_0,"Get out of here, runt!","Get out of here, runt!"
vox_plr_1_crawler_kill_1,That was easy!,That was easy!
vox_plr_1_crawler_kill_2,"I think he's done. Oh no, that was just my shadow. My bad.","I think he's done. Oh no, that was just my shadow. My bad."
vox_plr_1_crawler_kill_3,"I got him, Russman!","I got him, Russman!"
vox_plr_1_crawler_start_0,Some bits are still moving!,Some bits are still moving!
vox_plr_1_crawler_start_1,He's just mad because he ruined his pants.,He's just mad because he ruined his pants.
vox_plr_1_crawler_start_2,Anyone else hear him talk?,Anyone else hear him talk?
vox_plr_1_crawler_start_3,"Whoa, they get angrier when they're little!","Whoa, they get angrier when they're little!"
vox_plr_1_crawler_start_4,He's dragging like a dog with an itchy ass!,He's dragging like a dog with an itchy ass!
vox_plr_1_earn_acheivement_0,"Well, it's good that my all-round badassery is~appreciated.","Well, it's good that my all-round badassery is~appreciated."
vox_plr_1_find_secret_0,"This must mean something, but what exactly?","This must mean something, but what exactly?"
vox_plr_1_generic_who_0,Who's Who?,Who's Who?
vox_plr_1_gripe_russia_0,"Ugh, Russia.","Ugh, Russia."
vox_plr_1_heal_revived_0,"There's a reason you're keeping me around, right?","There's a reason you're keeping me around, right?"
vox_plr_1_heal_revived_1,"Oh, thank goodness you saved me. I, uh, I had it all in~hand.","Oh, thank goodness you saved me. I, uh, I had it all in~hand."
vox_plr_1_heal_revived_2,Something strange happened. I just can't put my finger in~it.,Something strange happened. I just can't put my finger in~it.
vox_plr_1_heal_revived_3,"You expect something in return, don't you?","You expect something in return, don't you?"
vox_plr_1_heal_revived_4,"There was something slippery on the floor. Blood, banana,~and I'm not sure which.","There was something slippery on the floor. Blood, banana,~and I'm not sure which."
vox_plr_1_hr_resp_crawler_start_0,"Oh, you're just teasing them, ain't you, Russ?","Oh, you're just teasing them, ain't you, Russ?"
vox_plr_1_hr_resp_crawler_start_1,"Hey, you want me to help you finish off? Uh, no, no, uh,~what's the term?","Hey, you want me to help you finish off? Uh, no, no, uh,~what's the term?"
vox_plr_1_hr_resp_crawler_start_2,I can take it from here. Where do you want it?,I can take it from here. Where do you want it?
vox_plr_1_hr_resp_crawler_start_3,"Oh, he's a squirrely little bastard, all right.","Oh, he's a squirrely little critter, all right."
vox_plr_1_hr_resp_crawler_start_4,"Finish him, Russman! I just wanna watch!","Finish him, Russman! I just wanna watch!"
vox_plr_1_hr_resp_kill_headshot_0,"Oh, you're on fire, Russman! Keep it going, buddy!","Oh, you're on fire, Russman! Keep it going, buddy!"
vox_plr_1_hr_resp_kill_headshot_1,"Man, you could do that with your eyes closed. You didn't,~did you?","Man, you could do that with your eyes closed. You didn't,~did you?"
vox_plr_1_hr_resp_kill_headshot_2,"Oh, he felt that one all right.","Oh, he felt that one all right."
vox_plr_1_hr_resp_kill_headshot_3,"See, Marlton? Russman gets shit done.",See Marlton? Russman gets things done.
vox_plr_1_hr_resp_kill_headshot_4,"Wow. I mean, just wow!","Wow. I mean, just wow!"
vox_plr_1_hr_resp_surrounded_0,I'M COMING TO HELP DADDY! DADDY-O!,I'M COMING TO HELP DADDY! DADDY-O!
vox_plr_1_hr_resp_surrounded_1,Try and lead them towards Misty.,Try and lead them towards Misty.
vox_plr_1_hr_resp_surrounded_2,"You got this, Russman! You do, don't ya? Huh? Okay.","You got this, Russman! You do, don't ya? Huh? Okay."
vox_plr_1_hr_resp_surrounded_3,"Keep your paws off the elderly, maggot bags.","Keep your paws off the elderly, maggot bags."
vox_plr_1_hr_resp_surrounded_4,"Show them who's boss, Russman!","Show them who's boss, Russman!"
vox_plr_1_hr_resp_wpck_monkey_0,"Even if you don't know monkeys, you sure know explosives,~Russman.","Even if you don't know monkeys, you sure know explosives,~Russman."
vox_plr_1_hr_resp_wpck_monkey_1,"Ah, give it to Marlton. Maybe he'll take it apart and blow~his stupid face off.","Ah, give it to Marlton. Maybe he'll take it apart and blow~his stupid face off."
vox_plr_1_hr_resp_wpck_monkey_2,"You got some prime primate there, Russman.","You got some prime primate there, Russman."
vox_plr_1_hr_resp_wpck_monkey_3,"Hey, let me know when you throw it, okay? I'll see if I~can pick up some tips.","Hey, let me know when you throw it, okay? I'll see if I~can pick up some tips."
vox_plr_1_hr_resp_wpck_monkey_4,"Hey, that monkey kind of looks like that Flesher chick~you, you, you know, well, never mind.","Hey, that monkey kind of looks like that Flesher chick~you, you, you know, well, never mind."
vox_plr_1_kill_close_0,What is it you want from me?,What is it you want from me?
vox_plr_1_kill_close_1,What? Did you say something?,What? Did you say something?
vox_plr_1_kill_close_2,That almost sounded like... words?,That almost sounded like... words?
vox_plr_1_kill_close_3,Stop talking to me!,Stop talking to me!
vox_plr_1_kill_close_4,"Okay, I'm dreaming again. I've gotta be!","Okay, I'm dreaming again. I've gotta be!"
vox_plr_1_kill_damaged_0,Are you making fun of me?,Are you making fun of me?
vox_plr_1_kill_damaged_1,Now it's my turn!,Now it's my turn!
vox_plr_1_kill_damaged_2,I got teeth too!,I got teeth too!
vox_plr_1_kill_damaged_3,"Oh, I don't blame you. I'm hungry too.","Oh, I don't blame you. I'm hungry too."
vox_plr_1_kill_damaged_4,Not today!,Not today!
vox_plr_1_kill_explo_0,Damn! That was so loud I saw it!,Damn! That was so loud I saw it!
vox_plr_1_kill_explo_1,Did I do that? I'm not even sure!,Did I do that? I'm not even sure!
vox_plr_1_kill_explo_2,"Hey, Russman! Hope I'm not treading on your toes, buddy!","Hey, Russman! Hope I'm not treading on your toes, buddy!"
vox_plr_1_kill_explo_3,Woo! They sure got toasted.,Woo! They sure got toasted.
vox_plr_1_kill_explo_4,I think we got him!,I think we got him!
vox_plr_1_kill_headshot_0,I don't know how I did that! My glasses are all steamed~up!,I don't know how I did that! My glasses are all steamed~up!
vox_plr_1_kill_headshot_1,"Oh, oh, anyone see that? No? Ah, shit, it was awesome.","Anyone see that? No? Aw man, it was awesome."
vox_plr_1_kill_headshot_2,Ain't none of you can hold a candle to me. Wax.,Ain't none of you can hold a candle to me. Wax.
vox_plr_1_kill_headshot_3,"Wow, he just dropped like a, well, like a dead body.","Wow, he just dropped like a, well, like a dead body."
vox_plr_1_kill_headshot_4,"Hey, hey, you see that headshot, Russman? It was a doozy.","Hey, hey, you see that headshot, Russman? It was a doozy."
vox_plr_1_kill_headshot_5,Oh shit! He was like a mile away!,Oh man! He was like a mile away!
vox_plr_1_kill_headshot_6,I think I'm really getting good at this.,I think I'm really getting good at this.
vox_plr_1_kill_headshot_7,"Bang! You're dead! Guess you knew that, huh?","Bang! You're dead! Guess you knew that, huh?"
vox_plr_1_kill_headshot_8,You're late for supper. Kitchen's closed.,You're late for supper. Kitchen's closed.
vox_plr_1_kill_headshot_9,"Yeah, I hate to break it to ya, but you're dead. Again.","Yeah, I hate to break it to ya, but you're dead. Again."
vox_plr_1_kill_insta_0,Down in one!,Down in one!
vox_plr_1_kill_insta_1,Admit it! You're impressed!,Admit it! You're impressed!
vox_plr_1_kill_insta_2,I'll make this quick!,I'll make this quick!
vox_plr_1_kill_insta_3,This is easy.,This is easy.
vox_plr_1_kill_insta_4,Talk to the dirt!,Talk to the dirt!
vox_plr_1_kill_limb_0,"Ah, quit complaining! You've still got one arm left!","Ah, quit complaining! You've still got one arm left!"
vox_plr_1_kill_limb_1,Like a jigsaw in reverse.,Like a jigsaw in reverse.
vox_plr_1_kill_limb_2,Don't mourn your arm! You'll join it soon enough!,Don't mourn your arm! You'll join it soon enough!
vox_plr_1_kill_limb_3,Oops! Oh! Did you need that?,Oops! Oh! Did you need that?
vox_plr_1_kill_limb_4,I'll take you one limb at a time if I have to.,I'll take you one limb at a time if I have to.
vox_plr_1_kill_monkey_0,A monkey's death is a hero's death.,A monkey's death is a hero's death.
vox_plr_1_kill_monkey_1,I like this little tune!,I like this little tune!
vox_plr_1_kill_monkey_2,"Monkeys are fucking awesome, man!","Man, monkeys are awesome!"
vox_plr_1_kill_monkey_3,That worked pretty good.,That worked pretty good.
vox_plr_1_kill_monkey_4,"Monkey One, Zombies.","Monkey One, Zombies."
vox_plr_1_kill_ray_0,You don't even have a future!,You don't even have a future!
vox_plr_1_kill_ray_1,I'm zapping my way out of this!,I'm zapping my way out of this!
vox_plr_1_kill_ray_2,"Ha! You got outgunned, freak!","Ha! You got outgunned, freak!"
vox_plr_1_kill_ray_3,Maybe next time you'll think twice.,Maybe next time you'll think twice.
vox_plr_1_kill_ray_4,I'M THE ONE WHO PUTS THE F U IN FUTURE!,I'M THE ONE WHO PUTS THE F U IN FUTURE!
vox_plr_1_kill_sliquifier_0,Woo-hoo-hoo-hoo! Who's next up for my melting gun?,Woo-hoo-hoo-hoo! Who's next up for my melting gun?
vox_plr_1_kill_sliquifier_1,"Hey, Misty! Wanna, uh, wanna clean that up?","Hey, Misty! Wanna, uh, wanna clean that up?"
vox_plr_1_kill_sliquifier_2,"I got something for you, freaks!","I got something for you, freaks!"
vox_plr_1_kill_sliquifier_3,Who wants juicing next?,Who wants juicing next?
vox_plr_1_kill_sliquifier_4,That's what I call a sticky end! Har har har.,That's what I call a sticky end! Har har har.
vox_plr_1_kill_streak_0,"One, two, three! Ah, shit! I'm losing count!",One! Two! Two! Wait! I'm losing count!
vox_plr_1_kill_streak_1,"Oh, I'm rolling down Fury Road.","Oh, I'm rolling down Fury Road."
vox_plr_1_kill_streak_2,"Well, I counted at least 20.","Well, I counted at least 20."
vox_plr_1_kill_streak_3,I'm on fire and I'm not even burned. Though I do have a~burning sensation when I pee.,I'm on fire and I'm not even burned. Though I do have a~burning sensation when I pee.
vox_plr_1_kill_streak_4,Only streaks I'm used to are the ones in my underwear.,Only streaks I'm used to are the ones in my underwear.
vox_plr_1_kill_streak_5,Oh shit! I can't believe I got away with that!,"Oh man, I can't believe I got away with that."
vox_plr_1_kill_streak_6,I am a man! A big man!,I am a man! A big man!
vox_plr_1_kill_streak_7,"Hey, Russman! Russman! Did you see me? Huh? Did you? I was~so cool!","Hey, Russman! Russman! Did you see me? Huh? Did you? I was~so cool!"
vox_plr_1_kill_streak_8,I am feeling all kinds of awesome.,I am feeling all kinds of awesome.
vox_plr_1_kill_streak_9,I should have left one alive so he could warn the others.,I should have left one alive so he could warn the others.
vox_plr_1_leaper_attack_0,Where'd you come from?,Where'd you come from?
vox_plr_1_leaper_attack_1,"Save me, Ross! No, wait! I got it! I got it!","Save me, Ross! No, wait! I got it! I got it!"
vox_plr_1_leaper_attack_2,He's got me! No way! I think it's a female.,He's got me! No way! I think it's a female.
vox_plr_1_leaper_attack_3,Ah! Go for the geek! He's strawberry flavored!,Ah! Go for the geek! He's strawberry flavored!
vox_plr_1_leaper_attack_4,"Hey, did I say you could jump my bones?","Hey, did I say you could jump my bones?"
vox_plr_1_leaper_kill_0,"Not so agile now, huh?","Not so agile now, huh?"
vox_plr_1_leaper_kill_1,You are crowded!,You are crowded!
vox_plr_1_leaper_kill_2,"Take a leap into the next life, flesh gobbler.","Take a leap into the next life, flesh gobbler."
vox_plr_1_leaper_kill_3,"Oh, you're done jumping for today. And forever!","Oh, you're done jumping for today. And forever!"
vox_plr_1_leaper_kill_4,"Wow, you must have been an athlete in a former life.","Wow, you must have been an athlete in a former life."
vox_plr_1_leaper_reveal_0,"Okay, that sounds ominous.","Okay, that sounds ominous."
vox_plr_1_leaper_reveal_1,"What are you playing at, voice? Are you just screwing with~us?","What are you playing at, voice? Are you just screwing with~us?"
vox_plr_1_leaper_reveal_2,Oh shit! Here come the bouncy biters!,Oh shit! Here come the bouncy biters!
vox_plr_1_leaper_reveal_3,Sounds like more of those wall crawling freaks!,Sounds like more of those wall crawling freaks!
vox_plr_1_leaper_reveal_4,"Keep them peeled, peeps. We got a wave of bouncy biters~coming.","Keep them peeled, peeps. We got a wave of bouncy biters~coming."
vox_plr_1_leaper_see_0,I see them! Chumpy little critters too!,I see them! Chumpy little critters too!
vox_plr_1_leaper_see_1,Some joker crossbreed corpses and fleas?,Some joker crossbreed corpses and fleas?
vox_plr_1_leaper_see_2,Jump at me and you will regret it.,Jump at me and you will regret it.
vox_plr_1_leaper_see_3,Those jumpy jump fucks are right on us!,"Oh, those jumpy jumpers are right on us!"
vox_plr_1_leaper_see_4,"Oh, sons of bitches are on the damn walls!","Oh, they're all over the walls!"
vox_plr_1_nomoney_box_0,Maybe we can make a deal when the others aren't listening.,Maybe we can make a deal when the others aren't listening.
vox_plr_1_nomoney_generic_0,"Me? I don't have any money. Oh, but the global banking~conspiracy can buy themselves all the zombies they want.|How fair is that?","Me? I don't have any money. Oh, but the global banking~conspiracy can buy themselves all the zombies they want.|How fair is that?"
vox_plr_1_nomoney_perk_0,"Uh, question? How can I pay when the global financial~system collapsed?","Uh, question? How can I pay when the global financial~system collapsed?"
vox_plr_1_nomoney_weapon_0,This makes no sense. No sense! Money has no real value~anymore!,This makes no sense. No sense! Money has no real value~anymore!
vox_plr_1_oh_shit_0,"If I don't man up, we'll be a man down!","If I don't man up, we'll be a man down!"
vox_plr_1_oh_shit_1,"Oh, I get it! It's a conspiracy, right?","Oh, I get it! It's a conspiracy, right?"
vox_plr_1_oh_shit_10,"Be brave, Samuel. You know you can do it.","Be brave, Samuel. You know you can do it."
vox_plr_1_oh_shit_11,"If I die, will my questions be answered?","If I die, will my questions be answered?"
vox_plr_1_oh_shit_12,Are you picking on me because I know too much?,Are you picking on me because I know too much?
vox_plr_1_oh_shit_13,I'm almost out of options here!,I'm almost out of options here!
vox_plr_1_oh_shit_14,This cannot be part of a plan! It can't be!,This cannot be part of a plan! It can't be!
vox_plr_1_oh_shit_2,This is not what I planned!,This is not what I planned!
vox_plr_1_oh_shit_3,"Why don't you help me now, voice?","Why don't you help me now, voice?"
vox_plr_1_oh_shit_4,We need a nuke!,We need a nuke!
vox_plr_1_oh_shit_5,"I've got your basic situation situation here, folks!","I've got your basic situation situation here, folks!"
vox_plr_1_oh_shit_6,WHAT DO YOU WANT FROM ME?!,WHAT DO YOU WANT FROM ME?!
vox_plr_1_oh_shit_7,"That's close enough. In fact, no, that's too close.","That's close enough. In fact, no, that's too close."
vox_plr_1_oh_shit_8,Just stop! Okay? I'll tell you everything!,Just stop! Okay? I'll tell you everything!
vox_plr_1_oh_shit_9,I know what you really are!,I know what you really are!
vox_plr_1_pap_arm_0,"What? Kill them all? You mean the freaks, right? No, the~other freaks. Yes.","What? Kill them all? You mean the freaks, right? No, the~other freaks. Yes."
vox_plr_1_pap_arm_1,"You know, why can't we just get this at the start?","You know, why can't we just get this at the start?"
vox_plr_1_pap_arm_2,"I swear, nothing's ever simple.","I swear, nothing's ever simple."
vox_plr_1_pap_arm_3,This is special with a capital F.,This is special with a capital F.
vox_plr_1_pap_arm_4,"Oh, worth every penny. Not surprising, seeing how money~don't mean shit these days.",Worth every penny. Not surprising seeing how money isn't~worth anything these days.
vox_plr_1_pap_arm2_0,"Oh, fancy schmancy.","Oh, fancy schmancy."
vox_plr_1_pap_arm2_1,This is a thing of beauty. I may well sleep with it~tonight.,This is a thing of beauty. I may well sleep with it~tonight.
vox_plr_1_pap_arm2_2,"Oh, come to Sammy, sweetheart. I'll take real good care of~you. Daddy like.","Oh, come to Sammy, sweetheart. I'll take real good care of~you. Daddy like."
vox_plr_1_pap_arm2_3,"Oh, this is the best present I ever had. I hope it lasts~longer than that birthday cat I got. Should have unwrapped|him faster. Sorry, Fluffy.","Oh, this is the best present I ever had. I hope it lasts~longer than that birthday cat I got. Should have unwrapped|him faster. Sorry, Fluffy."
vox_plr_1_pap_arm2_4,I take it this is the deluxe version?,I take it this is the deluxe version?
vox_plr_1_pap_wait_0,"So, voice in my head, you gonna hold my past misdeeds over~me forever?","So, voice in my head, you gonna hold my past misdeeds over~me forever?"
vox_plr_1_pap_wait_1,"You're always jab, jab, jabbering in my ear. Why do you~never answer me?","You're always jab, jab, jabbering in my ear. Why do you~never answer me?"
vox_plr_1_pap_wait_2,"Oh, I have a voice too. Hear me! Listen to me!","Oh, I have a voice too. Hear me! Listen to me!"
vox_plr_1_pap_wait_3,"God, what do you want from me? You know, I'm already~ashamed of what I did.","God, what do you want from me? You know, I'm already~ashamed of what I did."
vox_plr_1_pap_wait_4,"What, I guess I'm supposed to just, what, wait until you~see it deemed fit to talk to me? That's not fair! No!","What, I guess I'm supposed to just, what, wait until you~see it deemed fit to talk to me? That's not fair! No!"
vox_plr_1_pap_wait2_0,"You know, seems like whenever I start a train of thought,~I, uh, just, uh... How long's this thing take, anyway?","You know, seems like whenever I start a train of thought,~I, uh, just, uh... How long's this thing take, anyway?"
vox_plr_1_pap_wait2_1,"Damn diary. Voices. I don't need this shit. I really,~really don't.","Damn diary. Voices. I don't need this shit. I really,~really don't."
vox_plr_1_pap_wait2_2,"There's nothing behind me, is there?","There's nothing behind me, is there?"
vox_plr_1_pap_wait2_3,Like this machine is going to answer any of my questions.,Like this machine is going to answer any of my questions.
vox_plr_1_pap_wait2_4,"You're just another weird thing in a weird, weird world.","You're just another weird thing in a weird, weird world."
vox_plr_1_perk_doubletap_0,Anyone consider the possibility that this stuff is toxic~to our brains?,Anyone consider the possibility that this stuff is toxic~to our brains?
vox_plr_1_perk_jugga_0,"Confidence. I think it gives me confidence. Oh, I hope so.~I really do.","Confidence. I think it gives me confidence. Oh, I hope so.~I really do."
vox_plr_1_perk_mulekick_0,Mule Kick!,Mule Kick!
vox_plr_1_perk_revive_0,"Sure, you want me to keep the others alive. Why though?","Sure, you want me to keep the others alive. Why though?"
vox_plr_1_perk_speed_0,Everything seems to speed it up!,Everything seems to speed it up!
vox_plr_1_perk_stamine_0,I feel the need! The need for moving quickly!,I feel the need! The need for moving quickly!
vox_plr_1_perk_tombstone_0,"Ugh, that tasted like liquid shock.","Ugh, that tasted like liquid shock."
vox_plr_1_perk_who_0,Who's Who. That's what I want to know. Especially that~crazy German voice.,Who's Who. That's what I want to know. Especially that~crazy German voice.
vox_plr_1_power_off_0,Why don't that voice save us some time and tell us where~the power is?,Why don't that voice save us some time and tell us where~the power is?
vox_plr_1_power_off_1,"You know, it'd be nice if the damn power was already on~for once.","You know, it'd be nice if the damn power was already on~for once."
vox_plr_1_power_off_2,"Power switch should be nearby. Go find it, Darlington.","Power switch should be nearby. Go find it, Darlington."
vox_plr_1_power_off_3,Let's get some juice running through this place so we can~see what we're doing.,Let's get some juice running through this place so we can~see what we're doing.
vox_plr_1_power_off_4,"Same old, same old. Turn on the power, rinse and repeat.~Which, by the way, is a conspiracy of the shampoo makers.|You really don't have to wash your hair twice.","Same old, same old. Turn on the power, rinse and repeat.~Which, by the way, is a conspiracy of the shampoo makers.|You really don't have to wash your hair twice."
vox_plr_1_power_on_0,"It's on now. The power, I mean.","It's on now. The power, I mean."
vox_plr_1_power_on_1,We got power! And we don't even have to pay a utility~bill. Don't get me started.,We got power! And we don't even have to pay a utility~bill. Don't get me started.
vox_plr_1_power_on_2,Power's on. Just don't touch any bare wires! Trust me.,Power's on. Just don't touch any bare wires! Trust me.
vox_plr_1_powerup_ammo_0,"Oh, fantastic! Now I've got a chance!","Oh, fantastic! Now I've got a chance!"
vox_plr_1_powerup_ammo_1,Yeah! Yeah! Yeah!,Yeah! Yeah! Yeah!
vox_plr_1_powerup_ammo_2,You got it!,You got it!
vox_plr_1_powerup_carp_0,"Oh, whew, thank goodness.","Oh, whew, thank goodness."
vox_plr_1_powerup_carp_1,I couldn't have held out much longer.,I couldn't have held out much longer.
vox_plr_1_powerup_carp_2,I didn't need that!,I didn't need that!
vox_plr_1_powerup_double_0,"Oh, even I can't screw this up.","Oh, even I can't screw this up."
vox_plr_1_powerup_double_1,Samuel sends you the bill!,Samuel sends you the bill!
vox_plr_1_powerup_double_2,"Come on and try me, you gut gobblers!","Come on and try me, you gut gobblers!"
vox_plr_1_powerup_firesale_0,Conspiracy Crate's newest trick. Half-Off!,Conspiracy Crate's newest trick. Half-Off!
vox_plr_1_powerup_firesale_1,"Uh-huh. Why ain't it half off all the time, huh? Answer me~that.","Uh-huh. Why ain't it half off all the time, huh? Answer me~that."
vox_plr_1_powerup_firesale_2,So let me get this straight. You're normally marking up~all the prices double.,So let me get this straight. You're normally marking up~all the prices double.
vox_plr_1_powerup_firesale_3,Just more global financial system manipulation.,Just more global financial system manipulation.
vox_plr_1_powerup_insta_0,Greasy Pop!,Greasy Pop!
vox_plr_1_powerup_insta_1,"Hey! Taste this, dirtbags!","Hey! Taste this, dirtbags!"
vox_plr_1_powerup_insta_2,"Come and get some, filth!","Come and get some, filth!"
vox_plr_1_powerup_nuke_0,Confidence!,Confidence!
vox_plr_1_powerup_nuke_1,Enough of you!,Enough of you!
vox_plr_1_powerup_nuke_2,Did everyone see me do that?,Did everyone see me do that?
vox_plr_1_rebuild_boards_0,"Oh, this will hold him back better than that idiot~Marlton. Oh, I hate him so much.","Oh, this will hold him back better than that idiot~Marlton. Oh, I hate him so much."
vox_plr_1_riv_resp_crawler_start_0,"Smart, Misty. Smart as in fucking stupid.","Oh, that's smart, Misty. Smart as in pretty dang stupid."
vox_plr_1_riv_resp_crawler_start_1,You want to take them home or something?,You want to take them home or something?
vox_plr_1_riv_resp_crawler_start_2,"Hey, your boyfriend's legless. Explains a lot.","Hey, your boyfriend's legless. Explains a lot."
vox_plr_1_riv_resp_crawler_start_3,"Try aiming for their head. You know what head is, right?","Try aiming for their head. You know what head is, right?"
vox_plr_1_riv_resp_crawler_start_4,I hate her so much!,I hate her so much!
vox_plr_1_riv_resp_kill_headshot_0,"Nice shooting! But you know, I'd rather see you mud~wrestling.","Nice shooting! But you know, I'd rather see you mud~wrestling."
vox_plr_1_riv_resp_kill_headshot_1,"Girl aside, man, what a shitty way to go.","Girl aside, man, what a shitty way to go."
vox_plr_1_riv_resp_kill_headshot_2,"So, Russman recalibrate your sights for ya?","So, Russman recalibrate your sights for ya?"
vox_plr_1_riv_resp_kill_headshot_3,"Hey voice, you helping her too?","Hey voice, you helping her too?"
vox_plr_1_riv_resp_kill_headshot_4,Chick with a gun. What's the world coming to?,Chick with a gun. What's the world coming to?
vox_plr_1_riv_resp_surrounded_0,"Oh, Misty. Oh, looks like they're ready for their supper.","Oh, Misty. Oh, looks like they're ready for their supper."
vox_plr_1_riv_resp_surrounded_1,Chick vs. Chompers. This is gonna be great!,Chick vs. Chompers. This is gonna be great!
vox_plr_1_riv_resp_surrounded_2,My money's on the undead!,My money's on the undead!
vox_plr_1_riv_resp_surrounded_3,"Oh, you're in a real fight now, Misty. Take your shirt~off!","Oh, you're in a real fight now, Misty. Take your shirt~off!"
vox_plr_1_riv_resp_surrounded_4,"Oh shit! Russman, you gotta see this!","Oh man, Russman, you gotta see this."
vox_plr_1_riv_resp_wpck_monkey_0,"You want to spank the monkey, Misty? Did you hear what I~said?","You want to spank the monkey, Misty? Did you hear what I~said?"
vox_plr_1_riv_resp_wpck_monkey_1,"Gotta watch them things, they get a little rambunctious.","Gotta watch them things, they get a little rambunctious."
vox_plr_1_riv_resp_wpck_monkey_2,You got a monkey! I got a banana I could give you.,You got a monkey! I got a banana I could give you.
vox_plr_1_riv_resp_wpck_monkey_3,"Monkey See, Monkey Do. Hey, why don't you show them how~you guys make a sandwich?","Monkey See, Monkey Do. Hey, why don't you show them how~you guys make a sandwich?"
vox_plr_1_riv_resp_wpck_monkey_4,"Oh, so the girl gets a monkey. Where's my monkey?","Oh, so the girl gets a monkey. Where's my monkey?"
vox_plr_1_sidequest_find_nav_0,"More games, more puzzles, super. What does it all mean?","More games, more puzzles, super. What does it all mean?"
vox_plr_1_sidequest_navcard_0,"So it goes here. Well, thank you. Couldn't you have just~told us?","So it goes here. Well, thank you. Couldn't you have just~told us?"
vox_plr_1_sidequest_power_on_0,I don't understand. How can there be power? Everything's~gone.,I don't understand. How can there be power? Everything's~gone.
vox_plr_1_sidequest_samuel_self_0,LEAVE ME ALONE!,LEAVE ME ALONE!
vox_plr_1_sidequest_samuel_self_1,Stop talking to me!,Stop talking to me!
vox_plr_1_sidequest_samuel_self_2,"Oh, keep it together, Samuel.","Oh, keep it together, Samuel."
vox_plr_1_sidequest_samuel_self_3,Why is this happening to me?,Why is this happening to me?
vox_plr_1_sidequest_samuel_self_4,"Oh, it's this book! It's cursed!","Oh, it's this book! It's cursed!"
vox_plr_1_sidequest_samuel_self_5,It's not real. No! No! I know it's real!,It's not real. No! No! I know it's real!
vox_plr_1_sidequest_samuel_self_6,Crazy German telling me to do things.,Crazy German telling me to do things.
vox_plr_1_sidequest_samuel_self_7,The voice. He knows things I couldn't. He has to be real.,The voice. He knows things I couldn't. He has to be real.
vox_plr_1_sidequest_start_1_0,Where are we? What happened to the town? The light. I~remember the light.,Where are we? What happened to the town? The light. I~remember the light.
vox_plr_1_sidequest_start_3_0,You.,You.
vox_plr_1_sidequest_zombie_word_0,"Oh, it spoke! One of them spoke!","Oh, it spoke! One of them spoke!"
vox_plr_1_wpck_57_0,"Only one? Fuck you, box!","Only one? Ah, screw you, box!"
vox_plr_1_wpck_57_1,"I prefer dual wield, but this leaves me a hand free to~keep myself entertained. However I choose.","I prefer dual wield, but this leaves me a hand free to~keep myself entertained. However I choose."
vox_plr_1_wpck_57_2,"Hoo-hoo-hoo! I'm packing the good stuff, baby!","Hoo-hoo-hoo! I'm packing the good stuff, baby!"
vox_plr_1_wpck_an94_0,"Hell yeah, I'll take it!","Hell yeah, I'll take it!"
vox_plr_1_wpck_an94_1,"They say good things come in small packages. Ain't that~right, Marlton?","They say good things come in small packages. Ain't that~right, Marlton?"
vox_plr_1_wpck_an94_2,"Oh, I have a feeling this baby and me are going to work~well together. I'll lead.","Oh, I have a feeling this baby and me are going to work~well together. I'll lead."
vox_plr_1_wpck_chicom_0,"Oh, this could work. Kinda. Maybe. Ah, please let it work.","Oh, this could work. Kinda. Maybe. Ah, please let it work."
vox_plr_1_wpck_chicom_1,Give me something else! I'm sorry. Pretty please?,Give me something else! I'm sorry. Pretty please?
vox_plr_1_wpck_chicom_2,This thing is rigged and clearly not in my favor.,This thing is rigged and clearly not in my favor.
vox_plr_1_wpck_dsr50_0,"Another damn pussy-ass weapon? This yours, Marlton?","Another damn pussy-ass weapon? This yours, Marlton?"
vox_plr_1_wpck_dsr50_1,Can't we just cut down on the random and just stick with~the good stuff?,Can't we just cut down on the random and just stick with~the good stuff?
vox_plr_1_wpck_dsr50_2,"DSR 50. Uh-huh. I take it that's, what, a score out of~100?","DSR 50. Uh-huh. I take it that's, what, a score out of~100?"
vox_plr_1_wpck_duel57_0,"Well, I normally like to keep one hand free for... Uh...~Well, I just do, okay?","Well, I normally like to keep one hand free for... Uh...~Well, I just do, okay?"
vox_plr_1_wpck_duel57_1,"Two for the price of one, huh?","Two for the price of one, huh?"
vox_plr_1_wpck_duel57_2,"Locked and loaded. Oh, that sounds so good. I wish I was~loaded right now.","Locked and loaded. Oh, that sounds so good. I wish I was~loaded right now."
vox_plr_1_wpck_emp_0,"EMP? Marlton, you want to make me an offer for this piece~of shit?","EMP? Marlton, you want to make me an offer for this piece~of shit?"
vox_plr_1_wpck_emp_1,I don't even know how to use this techy shit.,I don't even know how to use this techy shit.
vox_plr_1_wpck_emp_2,"I want something that shoots, dammit!","I want something that shoots, dammit!"
vox_plr_1_wpck_fal_0,"Hey, voice! Is giving out crap like this part of your big~plan?","Hey, voice! Is giving out crap like this part of your big~plan?"
vox_plr_1_wpck_fal_1,How the hell can I help you if you won't help me?,How the hell can I help you if you won't help me?
vox_plr_1_wpck_fal_2,"Oh, you've got to be shitting me.","Oh, you have got to be fooling me."
vox_plr_1_wpck_favorite_0,"If you want something done right, buy it yourself. That's~what mommy said.","If you want something done right, buy it yourself. That's~what mommy said."
vox_plr_1_wpck_favorite_1,"Finally, I can start making a dent in these freak fucks.","Finally, I can start making a dent in these freaks."
vox_plr_1_wpck_favorite_2,I'll take this! Thank you.,I'll take this! Thank you.
vox_plr_1_wpck_galil_0,"Finally, something good. Come on, Cracker Bodies. I want~to talk with you.","Finally, something good. Come on, Cracker Bodies. I want~to talk with you."
vox_plr_1_wpck_galil_1,"Oh, those father muckers are in trouble now.","Oh, those father muckers are in trouble now."
vox_plr_1_wpck_galil_2,Time to unleash the inner badass. Inner bad that's in my~ass? Whatever.,Time to unleash the inner badass. Inner bad that's in my~ass? Whatever.
vox_plr_1_wpck_hamr_0,I may just live to see morning after all.,I may just live to see morning after all.
vox_plr_1_wpck_hamr_1,"Hammer. Mmm, ham. Oh, man. I am jonesing for just a little~taste.","Hammer. Mmm, ham. Oh, man. I am jonesing for just a little~taste."
vox_plr_1_wpck_hamr_2,"Hammer. Mmm, ham. Oh, man. I am jonesing for just a little~taste.","Hammer. Mmm, ham. Oh, man. I am jonesing for just a little~taste."
vox_plr_1_wpck_judge_0,"Okay, now that is what I call a gun.","Okay, now that is what I call a gun."
vox_plr_1_wpck_judge_1,"Hey, it's my lucky day. Maybe I'm on a roll.","Hey, it's my lucky day. Maybe I'm on a roll."
vox_plr_1_wpck_judge_2,"Hey, Russman, see what I got? Yeah, ain't it awesome?","Hey, Russman, see what I got? Yeah, ain't it awesome?"
vox_plr_1_wpck_kap_0,"A quick question, why even have shitty weapons in the box?","Quick question, why even have crummy weapons in the box?"
vox_plr_1_wpck_kap_1,"What, is this just a game to you, voice?","What, is this just a game to you, voice?"
vox_plr_1_wpck_kap_2,I want a damn refund!,I want a damn refund!
vox_plr_1_wpck_knife_0,What? No fork? How about a soup spoon?,What? No fork? How about a soup spoon?
vox_plr_1_wpck_knife_1,"Yeah, I might just hang on to this. Yeah. In case I fancy~a little, uh, slice.","Yeah, I might just hang on to this. Yeah. In case I fancy~a little, uh, slice."
vox_plr_1_wpck_knife_2,This really get through those leathery bastards?,This really get through those leathery bastards?
vox_plr_1_wpck_lsat_0,"That's what I'm talking about! Wait, was I talking about~it? I can't remember!","That's what I'm talking about! Wait, was I talking about~it? I can't remember!"
vox_plr_1_wpck_lsat_1,"You can't ever have too many bullets! Ain't that right,~Russman?","You can't ever have too many bullets! Ain't that right,~Russman?"
vox_plr_1_wpck_lsat_2,"Oh, this baby comes fully loaded.","Oh, this baby comes fully loaded."
vox_plr_1_wpck_m1216_0,"Hey, bitch! You been screwing around with this machine?","Hey, sweetie, you been messing around with this machine?"
vox_plr_1_wpck_m1216_1,"Oh, another one for Misty. Imagine that. What, she do you~some kind of favor, Bucks?","Oh, another one for Misty. Imagine that. What, she do you~some kind of favor, Bucks?"
vox_plr_1_wpck_m1216_2,I'm only taking it because I paid. It's under protest.,I'm only taking it because I paid. It's under protest.
vox_plr_1_wpck_m32_0,"Hey Russman, I'm packing one of your faves now. Yeah,~check it out.","Hey Russman, I'm packing one of your faves now. Yeah,~check it out."
vox_plr_1_wpck_m32_1,"Woo, this is some fine-ass firepower right here.","Oh, this is some fine firepower right here."
vox_plr_1_wpck_m32_2,"Oh, Russman likes this one. That's good enough for me.","Oh, Russman likes this one. That's good enough for me."
vox_plr_1_wpck_m82a1_0,It takes a big man to handle a big weapon. I am that man!,It takes a big man to handle a big weapon. I am that man!
vox_plr_1_wpck_m82a1_1,Oh yeah! Those rot-snogglers are heading to Pain Town!,Oh yeah! Those rot-snogglers are heading to Pain Town!
vox_plr_1_wpck_m82a1_2,About time I got something worthwhile from this damn box.,About time I got something worthwhile from this damn box.
vox_plr_1_wpck_m82a1_3,Come on! I prefer my bullet flying thick and fast!,Come on! I prefer my bullet flying thick and fast!
vox_plr_1_wpck_m82a1_4,"Oh, sniping is boring. I want some rat-a-tat-tat, you~know?","Oh, sniping is boring. I want some rat-a-tat-tat, you~know?"
vox_plr_1_wpck_m82a1_5,"Oh yeah, great idea this is. Squint down a little scope~while the horde sneaks up behind ya.","Oh yeah, great idea this is. Squint down a little scope~while the horde sneaks up behind ya."
vox_plr_1_wpck_m8a1_0,"Now we are talking. No, I am. Wait, where's the other~voice gone?","Now we are talking. No, I am. Wait, where's the other~voice gone?"
vox_plr_1_wpck_m8a1_1,"Finally, I get down to kicking ass the way I've always~wanted to.","Finally, I get down to kicking ass the way I've always~wanted to."
vox_plr_1_wpck_m8a1_2,"Oh yeah, baby. This feels good. Oh, nice gun.","Oh yeah, baby. This feels good. Oh, nice gun."
vox_plr_1_wpck_monkey_0,Why a monkey? Anyone ever ask that? I would.,Why a monkey? Anyone ever ask that? I would.
vox_plr_1_wpck_monkey_1,"Oh, I think someone's making fun of us.","Oh, I think someone's making fun of us."
vox_plr_1_wpck_monkey_2,"Yeah, it's goofy as all hell, but at least we know it~works.","Yeah, it's goofy as all hell, but at least we know it~works."
vox_plr_1_wpck_pdw57_0,What? This is a bit of a tiddler. Maybe it ain't so bad.,What? This is a bit of a tiddler. Maybe it ain't so bad.
vox_plr_1_wpck_pdw57_1,"Ugh, I wish I was packing something bigger!","Ugh, I wish I was packing something bigger!"
vox_plr_1_wpck_pdw57_2,This little thing's an insult to a man like me.,This little thing's an insult to a man like me.
vox_plr_1_wpck_python_0,"Oh man, it feels good to hold it tight. I like the gun~too.","Oh man, it feels good to hold it tight. I like the gun~too."
vox_plr_1_wpck_python_1,I can't remember. Do pythons poison or constrict? Or is it~both?,I can't remember. Do pythons poison or constrict? Or is it~both?
vox_plr_1_wpck_python_2,"Oh, I can see why you love this, Russman. It just feels...~good.","Oh, I can see why you love this, Russman. It just feels...~good."
vox_plr_1_wpck_ray_0,"Nice! Hey, how about giving me this thing every time, huh?","Nice! Hey, how about giving me this thing every time, huh?"
vox_plr_1_wpck_ray_1,"Okay, okay. Now we'll get this under control.","Okay, okay. Now we'll get this under control."
vox_plr_1_wpck_ray_2,I am back in business. Who's first?,I am back in business. Who's first?
vox_plr_1_wpck_rpd_0,Ha ha! Now I have a means to an end!,Ha ha! Now I have a means to an end!
vox_plr_1_wpck_rpd_1,"Oh, no, no. Don't bother to wrap it. I want to try it out.","Oh, no, no. Don't bother to wrap it. I want to try it out."
vox_plr_1_wpck_rpd_2,RPD. What's that spell? Is it something good? Rippid? I~don't know.,RPD. What's that spell? Is it something good? Rippid? I~don't know.
vox_plr_1_wpck_rpg_0,You want me to play ball? You better start dishing out the~good shit.,"Hey, you want me to play ball? You better start dishing~out the goods."
vox_plr_1_wpck_rpg_1,"Yeah, like the risk of accidental death isn't high enough.","Yeah, like the risk of accidental death isn't high enough."
vox_plr_1_wpck_rpg_2,"Damn, Russman! I know how much you like the Boom Boom~shit!","Damn, Russman! I know how much you like the Boom Boom~shit!"
vox_plr_1_wpck_saiga12_0,"You know I got what you want, Misty.","You know I got what you want, Misty."
vox_plr_1_wpck_saiga12_1,At least I'll keep it out of the hands of that dumb chick.,At least I'll keep it out of the hands of that dumb chick.
vox_plr_1_wpck_saiga12_2,"Oh, shit upon shit! I keep getting girly guns!","Oh, doo-doo upon doo-doo. I keep getting girly guns."
vox_plr_1_wpck_sidr_0,"Oh, this is just embarrassing. What, you gonna make me~fight naked too?","Oh, this is just embarrassing. What, you gonna make me~fight naked too?"
vox_plr_1_wpck_sidr_1,There's gotta be a pattern to this. It can't just be~random.,There's gotta be a pattern to this. It can't just be~random.
vox_plr_1_wpck_sidr_2,"Nope, it's random. With a bias towards crap!","Nope, it's random. With a bias towards crap!"
vox_plr_1_wpck_type25_0,"Fuck yeah! Oh, sorry. Oh, wow. I got a little overexcited.","Yeah! Oh, sorry. Got a little overexcited."
vox_plr_1_wpck_type25_1,"Oh, now that's what I'm talking about. Now I'm talking.","Oh, now that's what I'm talking about. Now I'm talking."
vox_plr_1_wpck_type25_2,"Come here, deadbeats. I'm ready for ya!","Come here, deadbeats. I'm ready for ya!"
vox_plr_1_wpck_x95l_0,"Well, you'll do. At least till something better comes~along.","Well, you'll do. At least till something better comes~along."
vox_plr_1_wpck_x95l_1,"Okay, I think I'm starting to get the hang of this.","Okay, I think I'm starting to get the hang of this."
vox_plr_1_wpck_x95l_2,"Oh, can't we have, like, just some cool names here? How~about the, the, fuck you up-a-tron?","Hey, can't we at least have some cool sounding names?~Like, how about the Messuapatron? Yeah."
vox_plr_2_ammo_low_0,I'm running on fumes here!,I'm running on fumes here!
vox_plr_2_ammo_low_1,"God, why aren't there any ammo when you need it?","God, why aren't there any ammo when you need it?"
vox_plr_2_ammo_low_2,"Hey, person in charge, how about throwing us one of those~ammo things?","Hey, person in charge, how about throwing us one of those~ammo things?"
vox_plr_2_ammo_low_3,Getting low on ammo!,Getting low on ammo!
vox_plr_2_ammo_low_4,I'm almost out!,I'm almost out!
vox_plr_2_ammo_out_0,"No ammo. All right, I take you barehanded.","No ammo. All right, I take you barehanded."
vox_plr_2_ammo_out_1,I ain't been this low on ammo since the last time.,I ain't been this low on ammo since the last time.
vox_plr_2_ammo_out_2,"God, you hear that click click? That's my empty guns,~folks!","God, you hear that click click? That's my empty guns,~folks!"
vox_plr_2_ammo_out_3,"Damn it! Without ammo, this weapon's as useful as stupid~jerk!","Damn it! Without ammo, this weapon's as useful as stupid~jerk!"
vox_plr_2_ammo_out_4,"Come on, evil voices, throw us a bone!","Come on, evil voices, throw us a bone!"
vox_plr_2_ammo_out_5,"Well, don't expect any last minute saves. I'm completely~out.","Well, don't expect any last minute saves. I'm completely~out."
vox_plr_2_anim_intro16_0,Stupider!,Stupider!
vox_plr_2_anim_intro17_0,"Get over here, now!","Get over here, now!"
vox_plr_2_anim_intro20_0,"We arm up, find a good place to defend, kick ass, that's~it.","We arm up, find a good place to defend, kick ass, that's~it."
vox_plr_2_anim_intro24_0,We're going down. We're going down fighting.,We're going down. We're going down fighting.
vox_plr_2_anim_intro25_0,No!,No!
vox_plr_2_box_move_0,What? Now hold on a minute!,What? Now hold on a minute!
vox_plr_2_box_move_1,Don't try to appease me with a damn bear!,Don't try to appease me with a damn bear!
vox_plr_2_box_move_2,Why'd it move? I got reason enough to hate that box~already.,Why'd it move? I got reason enough to hate that box~already.
vox_plr_2_box_move_3,"Ugh, don't that just beat all.","Ugh, don't that just beat all."
vox_plr_2_box_move_4,They're a twister coming through!,They're a twister coming through!
vox_plr_2_build_add_0,"Seems to fit, as long as I wiggle it a little.","Seems to fit, as long as I wiggle it a little."
vox_plr_2_build_add_1,"Fits like a glove. Sure don't look like one, though.","Fits like a glove. Sure don't look like one, though."
vox_plr_2_build_add_2,Ha! Would you look at that? I've always had a knack for~fixing things.,Ha! Would you look at that? I've always had a knack for~fixing things.
vox_plr_2_build_final_0,I think this is just about done.,I think this is just about done.
vox_plr_2_build_final_1,"It's finished! Now, what the hell is it?","It's finished! Now, what the hell is it?"
vox_plr_2_build_final_2,"Now, I just need to find out what it does.","Now, I just need to find out what it does."
vox_plr_2_build_pck_sliquifier_0,Best way to test a weapon? Pointing at some rock gobblers.,Best way to test a weapon? Pointing at some rock gobblers.
vox_plr_2_build_pck_steam_0,Maybe I ought to ask Marlton about this one.,Maybe I ought to ask Marlton about this one.
vox_plr_2_build_pck_wsliquifier_0,"Yep, I think this is better off in my hands.","Yep, I think this is better off in my hands."
vox_plr_2_build_pck_wsteam_0,At least it ain't as heavy as it looks!,At least it ain't as heavy as it looks!
vox_plr_2_build_pickup_0,"Huh, this looks like a little piece of... something.","Huh, this looks like a little piece of... something."
vox_plr_2_build_pickup_1,I think I'd better hang on to this.,I think I'd better hang on to this.
vox_plr_2_build_pickup_2,"Hmm, don't look like much, but it may be useful.","Hmm, don't look like much, but it may be useful."
vox_plr_2_build_plc_sliquifier_0,Kinda tired of lugging this thing around.,Kinda tired of lugging this thing around.
vox_plr_2_build_plc_turbine_0,"Okay, no one steal this while my back is turned, okay?","Okay, no one steal this while my back is turned, okay?"
vox_plr_2_build_swap_0,"Sometimes, two hands just ain't enough.","Sometimes, two hands just ain't enough."
vox_plr_2_build_swap_1,I'll just leave this here and borrow this other thing.,I'll just leave this here and borrow this other thing.
vox_plr_2_build_swap_2,"Well, guess it's one or the other. Okay, I'll take this.","Well, guess it's one or the other. Okay, I'll take this."
vox_plr_2_crawler_attack_0,Yowzers! That's bastards nibbling on my leg!,Yowzers! That's bastards nibbling on my leg!
vox_plr_2_crawler_attack_1,"Back off, Crowboy!","Back off, Crowboy!"
vox_plr_2_crawler_attack_2,"Ah, not the boots! They're my ass-kicking boots!","Ah, not the boots! They're my ass-kicking boots!"
vox_plr_2_crawler_attack_3,Ha! Now I'm mad!,Ha! Now I'm mad!
vox_plr_2_crawler_attack_4,You're not gonna live to regret that!,You're not gonna live to regret that!
vox_plr_2_crawler_kill_0,"Say goodnight, filthbag!","Say goodnight, filthbag!"
vox_plr_2_crawler_kill_1,Son of a bitch was making too much noise!,Son of a bitch was making too much noise!
vox_plr_2_crawler_kill_2,Ha! He's done! For now.,Ha! He's done! For now.
vox_plr_2_crawler_kill_3,Little runt was getting on my nerves!,Little runt was getting on my nerves!
vox_plr_2_crawler_kill_4,You were just getting on my nerves!,You were just getting on my nerves!
vox_plr_2_crawler_start_0,Someone keep an eye on that little shit!,Someone keep an eye on that little shit!
vox_plr_2_crawler_start_1,Ah! We got a crawler!,Ah! We got a crawler!
vox_plr_2_crawler_start_2,"God, he's like a little baby! An ugly, evil little baby!","God, he's like a little baby! An ugly, evil little baby!"
vox_plr_2_crawler_start_3,"Great, that's all we need. Chomping teeth at crotch~height.","Great, that's all we need. Chomping teeth at crotch~height."
vox_plr_2_crawler_start_4,"At least he's halfway dead. That's math, stupider.","At least he's halfway dead. That's math, stupider."
vox_plr_2_earn_acheivement_0,I don't do it for medals. I do it for the kicks.,I don't do it for medals. I do it for the kicks.
vox_plr_2_find_secret_0,"Hmm, should I stop and listen? Or just keep fighting?","Hmm, should I stop and listen? Or just keep fighting?"
vox_plr_2_generic_who_0,Who's Who?,Who's Who?
vox_plr_2_heal_revived_0,"It ain't enough to know how to ride, you gotta know how to~fall.","It ain't enough to know how to ride, you gotta know how to~fall."
vox_plr_2_heal_revived_1,Guess I owe you one.,Guess I owe you one.
vox_plr_2_heal_revived_2,"You know what they say, don't ever squat with your spurs~on.","You know what they say, don't ever squat with your spurs~on."
vox_plr_2_heal_revived_3,Much appreciated.,Much appreciated.
vox_plr_2_heal_revived_4,Don't you go getting any ideas.,Don't you go getting any ideas.
vox_plr_2_hr_resp_crawler_start_0,"Oh, you just winged him, Marley!","Oh, you just winged him, Marley!"
vox_plr_2_hr_resp_crawler_start_1,I think you pissed him off!,I think you pissed him off!
vox_plr_2_hr_resp_crawler_start_2,Losing his legs doesn't seem to have slowed him down none.,Losing his legs doesn't seem to have slowed him down none.
vox_plr_2_hr_resp_crawler_start_3,"Hoo-hoo-hoo! I think you shot him in the balls, Marlton!","Hoo-hoo-hoo! I think you shot him in the balls, Marlton!"
vox_plr_2_hr_resp_crawler_start_4,"Okay, now finish him before he scurries off.","Okay, now finish him before he scurries off."
vox_plr_2_hr_resp_kill_headshot_0,"We might make a man of you yet, Marlton.","We might make a man of you yet, Marlton."
vox_plr_2_hr_resp_kill_headshot_1,"Oh, Marlton! You just hit puberty or something?","Oh, Marlton! You just hit puberty or something?"
vox_plr_2_hr_resp_kill_headshot_2,"Hey, stupid jerk! Even the bookworm can out-shoot you!","Hey, stupid jerk! Even the bookworm can out-shoot you!"
vox_plr_2_hr_resp_kill_headshot_3,"Oh, that's some real world skills you got there.","Oh, that's some real world skills you got there."
vox_plr_2_hr_resp_kill_headshot_4,You make a pact with the devil or something?,You make a pact with the devil or something?
vox_plr_2_hr_resp_kill_headshot_5,You make a pact with the devil or something?,You make a pact with the devil or something?
vox_plr_2_hr_resp_surrounded_0,"Hold on, Marley! I got a plan!","Hold on, Marley! I got a plan!"
vox_plr_2_hr_resp_surrounded_1,"Watch your surroundings, Marlton!","Watch your surroundings, Marlton!"
vox_plr_2_hr_resp_surrounded_2,"Ah, look out, Marlton! You're about to take a whoopin'!","Ah, look out, Marlton! You're about to take a whoopin'!"
vox_plr_2_hr_resp_surrounded_3,"Ah, poor nerd's gonna get himself killed!","Ah, poor nerd's gonna get himself killed!"
vox_plr_2_hr_resp_wpck_monkey_0,"I hope you got some monkey experience, Marlton.","I hope you got some monkey experience, Marlton."
vox_plr_2_hr_resp_wpck_monkey_1,"No, don't bother with any fancy calculations. Just use it~when shit hits the fan.","Don't bother with any fancy calculations, just use it when~stuff hits the fan."
vox_plr_2_hr_resp_wpck_monkey_2,"Don't worry about how it works, Marley. It'll drive you~insane.","Don't worry about how it works, Marley. It'll drive you~insane."
vox_plr_2_hr_resp_wpck_monkey_3,A monkey ain't no match for a good horse. Unless you need~some bananas eaten.,A monkey ain't no match for a good horse. Unless you need~some bananas eaten.
vox_plr_2_kill_close_0,Ah! That's close enough!,Ah! That's close enough!
vox_plr_2_kill_close_1,Sit your ass down!,Sit your ass down!
vox_plr_2_kill_close_2,"Get back it up there, bozo!","Get back it up there, bozo!"
vox_plr_2_kill_close_3,"You walked into the wrong bar, buddy boy.","You walked into the wrong bar, buddy boy."
vox_plr_2_kill_close_4,You're messing with the wrong girl!,You're messing with the wrong girl!
vox_plr_2_kill_damaged_0,"You touch it, you pay for it.","You touch it, you pay for it."
vox_plr_2_kill_damaged_1,"Look, but don't touch!","Look, but don't touch!"
vox_plr_2_kill_damaged_2,"Scratch me, I'll scratch you back!","Scratch me, I'll scratch you back!"
vox_plr_2_kill_damaged_3,I ain't gonna stand for that!,I ain't gonna stand for that!
vox_plr_2_kill_damaged_4,Don't you even think about it!,Don't you even think about it!
vox_plr_2_kill_explo_0,Never knew what hit em!,Never knew what hit em!
vox_plr_2_kill_explo_1,Shit! That's a medium mess!,Shit! That's a medium mess!
vox_plr_2_kill_explo_2,Ha ha! You guys got diced!,Ha ha! You guys got diced!
vox_plr_2_kill_explo_3,"Oh man, that was not pretty, but it sure was sweet.","Oh man, that was not pretty, but it sure was sweet."
vox_plr_2_kill_explo_4,Woo! Clean up on aisle three!,Woo! Clean up on aisle three!
vox_plr_2_kill_headshot_0,Now that is how you put down a rock gobbler!,Now that is how you put down a rock gobbler!
vox_plr_2_kill_headshot_1,Ain't that a hole in the head!,Ain't that a hole in the head!
vox_plr_2_kill_headshot_2,"I can shoot the wings off a fly. Believe me, I've done it.","I can shoot the wings off a fly. Believe me, I've done it."
vox_plr_2_kill_headshot_3,"Oh, shot you right off the horizon, didn't I? Ha ha!","Oh, shot you right off the horizon, didn't I? Ha ha!"
vox_plr_2_kill_headshot_4,Right in the kisser!,Right in the kisser!
vox_plr_2_kill_headshot_5,"Ooh, you hear better with that hole in your head?","Ooh, you hear better with that hole in your head?"
vox_plr_2_kill_headshot_6,Ha! Now you've got piercings too! In your face!,Ha! Now you've got piercings too! In your face!
vox_plr_2_kill_headshot_7,"Ugh, I can smell you coming!","Ugh, I can smell you coming!"
vox_plr_2_kill_headshot_8,"Ugh, I'm a crack shot, even from this distance.","Ugh, I'm a crack shot, even from this distance."
vox_plr_2_kill_headshot_9,"Oh, didn't see that coming, did ya?","Oh, didn't see that coming, did ya?"
vox_plr_2_kill_insta_0,Ladies first!,Ladies first!
vox_plr_2_kill_insta_1,"Ah, beat it, deadbeat!","Ah, beat it, deadbeat!"
vox_plr_2_kill_insta_2,"Ha ha! You're done, bitch!","Ha ha! You're done, bitch!"
vox_plr_2_kill_insta_3,You just got owned!,You just got owned!
vox_plr_2_kill_insta_4,Ugh! Chew on that!,Ugh! Chew on that!
vox_plr_2_kill_limb_0,"Oh, without your hand, those long lonely nights are gonna~get lonelier.","Oh, without your hand, those long lonely nights are gonna~get lonelier."
vox_plr_2_kill_limb_1,"You're so dumb, you'll probably start walking in circles.","You're so dumb, you'll probably start walking in circles."
vox_plr_2_kill_limb_2,That was a warning shot!,That was a warning shot!
vox_plr_2_kill_limb_3,"Aww, did you break a nail?","Aww, did you break a nail?"
vox_plr_2_kill_limb_4,"Oh, you're gonna cry!","Oh, you're gonna cry!"
vox_plr_2_kill_monkey_0,Everyone loves the monkey!,Everyone loves the monkey!
vox_plr_2_kill_monkey_1,Woo! Monkey Mayhem! Ha ha!,Woo! Monkey Mayhem! Ha ha!
vox_plr_2_kill_monkey_2,"Rest in peace, monkey. Your sacrifice will not be~forgotten.","Rest in peace, monkey. Your sacrifice will not be~forgotten."
vox_plr_2_kill_monkey_3,Wow! That monkey really went off!,Wow! That monkey really went off!
vox_plr_2_kill_monkey_4,They ain't walking that one off.,They ain't walking that one off.
vox_plr_2_kill_ray_0,Haha! You just got zapped!,Haha! You just got zapped!
vox_plr_2_kill_ray_1,"Taste the future, Rot Gobbler!","Taste the future, Rot Gobbler!"
vox_plr_2_kill_ray_2,Yeah! This is some hot shit right here!,Haha! This is some hot stuff right here!
vox_plr_2_kill_ray_3,Ha! Does it hurt when I kill you? I sure hope so!,Ha! Does it hurt when I kill you? I sure hope so!
vox_plr_2_kill_ray_4,Eat my death ray!,Eat my death ray!
vox_plr_2_kill_sliquifier_0,"Oh, you just got blended, baby!","Oh, you just got blended, baby!"
vox_plr_2_kill_sliquifier_1,"Ugh, that's gonna stain the floor for sure.","Ugh, that's gonna stain the floor for sure."
vox_plr_2_kill_sliquifier_2,I wouldn't want to be the one cleaning that up.,I wouldn't want to be the one cleaning that up.
vox_plr_2_kill_sliquifier_3,Let your worries melt away.,Let your worries melt away.
vox_plr_2_kill_sliquifier_4,Woo! Liquefying rock gobblers sure is fun!,Woo! Liquefying rock gobblers sure is fun!
vox_plr_2_kill_streak_1,Yes! Keep them coming! I got this!,Yes! Keep them coming! I got this!
vox_plr_2_kill_streak_2,Woo! It's hunting season!,Woo! It's hunting season!
vox_plr_2_kill_streak_3,You expected a different outcome? Rock Gobblers!,You expected a different outcome? Rock Gobblers!
vox_plr_2_kill_streak_4,Roll up! Roll up! Watch the Chud Chumper killing Marvel in~action!,Roll up! Roll up! Watch the Chud Chumper killing Marvel in~action!
vox_plr_2_kill_streak_5,Haha! I'm putting them down double time!,Haha! I'm putting them down double time!
vox_plr_2_kill_streak_6,"Woo! I'm Finn in the herd, boys!","Woo! I'm Finn in the herd, boys!"
vox_plr_2_kill_streak_7,I'll walk right through ya!,I'll walk right through ya!
vox_plr_2_kill_streak_8,This must be some kind of record!,This must be some kind of record!
vox_plr_2_kill_streak_9,"That's all of them, right?","That's all of them, right?"
vox_plr_2_leaper_attack_0,"Get off me, you spring-loaded son of a bitch!","Get off me, you spring-loaded son of a gun!"
vox_plr_2_leaper_attack_1,Ah! You jumped the wrong girl!,Ah! You jumped the wrong girl!
vox_plr_2_leaper_attack_2,Where the hell did you come from?,Where the hell did you come from?
vox_plr_2_leaper_attack_3,Damn it! Why can't you just stumble like the others?,Damn it! Why can't you just stumble like the others?
vox_plr_2_leaper_attack_4,Pick on someone else. How about Russman?,Pick on someone else. How about Russman?
vox_plr_2_leaper_kill_0,"Your leaping days are over, Buster!","Your leaping days are over, Buster!"
vox_plr_2_leaper_kill_1,"Oh, when Misty says stay down, she means it.","Oh, when Misty says stay down, she means it."
vox_plr_2_leaper_kill_2,"That sure took the spring out of your step, didn't it?","That sure took the spring out of your step, didn't it?"
vox_plr_2_leaper_kill_3,"You jumped your last jump, Jack Jumper!","You jumped your last jump, Jack Jumper!"
vox_plr_2_leaper_kill_4,"Ah, take a leap into oblivion, you damn freak!","Ah, take a leap into oblivion, you damn freak!"
vox_plr_2_leaper_reveal_0,Something's coming. Something different.,Something's coming. Something different.
vox_plr_2_leaper_reveal_1,Hold up! This sounds like a whole heap of trouble.,Hold up! This sounds like a whole heap of trouble.
vox_plr_2_leaper_reveal_2,Not these freaks again!,Not these freaks again!
vox_plr_2_leaper_reveal_3,Those jumping snapdragons are headed this way.,Those jumping snapdragons are headed this way.
vox_plr_2_leaper_reveal_4,Hands up! Those jumping jack bastards are coming again!,Heads up! Those jumping jack critters are coming again!
vox_plr_2_leaper_see_0,They're on the damn walls!,They're on the damn walls!
vox_plr_2_leaper_see_1,"Hey, watch the walls! And the ceilings!","Hey, watch the walls! And the ceilings!"
vox_plr_2_leaper_see_2,"Eyes high, everyone. These ain't your regular stumblers.","Eyes high, everyone. These ain't your regular stumblers."
vox_plr_2_leaper_see_3,Damn! These things just get uglier and uglier!,Damn! These things just get uglier and uglier!
vox_plr_2_leaper_see_4,These things evolving? Or is it just an old school~mutation?,These things evolving? Or is it just an old school~mutation?
vox_plr_2_nomoney_box_0,"Screw you, box! Your junk is overpriced anyway.","Screw you, box! Your junk is overpriced anyway."
vox_plr_2_nomoney_generic_0,"Things are tight till payday, fellas. Misty's dead broke.","Things are tight till payday, fellas. Misty's dead broke."
vox_plr_2_nomoney_perk_0,I don't really need these fancy drinks anyway.,I don't really need these fancy drinks anyway.
vox_plr_2_nomoney_weapon_0,"Ugh, I gotta make some money. Fast!","Ugh, I gotta make some money. Fast!"
vox_plr_2_oh_shit_0,Am I the only one in this fight?,Am I the only one in this fight?
vox_plr_2_oh_shit_1,Yes! He's getting a little too close for comfort!,Yes! He's getting a little too close for comfort!
vox_plr_2_oh_shit_10,Come closer. I'll give you something to scream about.,Come closer. I'll give you something to scream about.
vox_plr_2_oh_shit_11,Where the hell is everyone else?,Where the hell is everyone else?
vox_plr_2_oh_shit_12,They're closing in!,They're closing in!
vox_plr_2_oh_shit_13,I got a whole herd on me here!,I got a whole herd on me here!
vox_plr_2_oh_shit_14,"Oh, look, look, fresh meat right over there. Nope, didn't~work.","Oh, look, look, fresh meat right over there. Nope, didn't~work."
vox_plr_2_oh_shit_2,"You got a gang up on the girl, huh?","You got a gang up on the girl, huh?"
vox_plr_2_oh_shit_3,"God, this ain't gonna end well for anybody!","God, this ain't gonna end well for anybody!"
vox_plr_2_oh_shit_4,This is getting out of hand!,This is getting out of hand!
vox_plr_2_oh_shit_5,"Oh, one more step! I dare ya!","Oh, one more step! I dare ya!"
vox_plr_2_oh_shit_6,"Ah, damn! How many branches of the ugly tree did you guys~hit?","Ah, damn! How many branches of the ugly tree did you guys~hit?"
vox_plr_2_oh_shit_7,"Ugh, you're looking for trouble? Tag, I'm it!","Ugh, you're looking for trouble? Tag, I'm it!"
vox_plr_2_oh_shit_8,"Oh, so it's a fight you want.","Oh, so it's a fight you want."
vox_plr_2_oh_shit_9,You keep coming and I will slap you maggot bags into next~week.,You keep coming and I will slap you maggot bags into next~week.
vox_plr_2_pap_arm_0,Happiness is indeed a warm gun.,Happiness is indeed a warm gun.
vox_plr_2_pap_arm_1,Maybe I could shove Stoolfinger in there. See if it fixes~him up.,Maybe I could shove Stoolfinger in there. See if it fixes~him up.
vox_plr_2_pap_arm_2,A-mazing! You fixed something that wasn't even broken!,A-mazing! You fixed something that wasn't even broken!
vox_plr_2_pap_arm_3,Don't that beat all? Ha! It better had.,Don't that beat all? Ha! It better had.
vox_plr_2_pap_arm_4,"Well, well, I think a round of applause is in order.","Well, well, I think a round of applause is in order."
vox_plr_2_pap_arm2_0,Thank you kindly.,Thank you kindly.
vox_plr_2_pap_arm2_1,This just gets better and better.,This just gets better and better.
vox_plr_2_pap_arm2_2,Now that's what I call a real fixer-upper.,Now that's what I call a real fixer-upper.
vox_plr_2_pap_arm2_3,Holy moly! You sure did do a number on this old thing.,Holy moly! You sure did do a number on this old thing.
vox_plr_2_pap_arm2_4,"Oh, come to Misty, baby.","Oh, come to Misty, baby."
vox_plr_2_pap_wait_0,"The weirdness just keeps coming, don't it?","The weirdness just keeps coming, don't it?"
vox_plr_2_pap_wait_1,Let's see what this little doohickey can do.,Let's see what this little doohickey can do.
vox_plr_2_pap_wait_2,"All right, I paid my money. Now where's my prize?","All right, I paid my money. Now where's my prize?"
vox_plr_2_pap_wait_3,"I do find myself wondering, who built these things?","I do find myself wondering, who built these things?"
vox_plr_2_pap_wait_4,"Huh, well when life gives you lemons, make a better gun!","Huh, well when life gives you lemons, make a better gun!"
vox_plr_2_pap_wait2_0,"Third time's a charm! No wait, this is only the second.","Third time's a charm! No wait, this is only the second."
vox_plr_2_pap_wait2_1,"Oh my, oh my, lookie what we have here.","Oh my, oh my, lookie what we have here."
vox_plr_2_pap_wait2_2,I should get a discount for being a regular customer.,I should get a discount for being a regular customer.
vox_plr_2_pap_wait2_3,"Come on, machine! Time is a-wastin'!","Come on, machine! Time is a-wastin'!"
vox_plr_2_pap_wait2_4,How about some music while I'm waiting?,How about some music while I'm waiting?
vox_plr_2_perk_doubletap_0,This is like the worst moonshine ever.,This is like the worst moonshine ever.
vox_plr_2_perk_jugga_0,Ho ho ho ho! Wow! That'll put hairs on your chest.,Ho ho ho ho! Wow! That'll put hairs on your chest.
vox_plr_2_perk_mulekick_0,Mule Kick!,Mule Kick!
vox_plr_2_perk_revive_0,Does this have to work for Stupager?,Does this have to work for Stupager?
vox_plr_2_perk_speed_0,"I wasn't exactly slow before, but hey, I'll take all the~help I can get.","I wasn't exactly slow before, but hey, I'll take all the~help I can get."
vox_plr_2_perk_stamine_0,Haha! I got some fast feet now!,Haha! I got some fast feet now!
vox_plr_2_perk_tombstone_0,Anyone feeling lucky? I do!,Anyone feeling lucky? I do!
vox_plr_2_perk_who_0,"Ugh, you sure that's fit for humans?","Ugh, you sure that's fit for humans?"
vox_plr_2_power_off_0,Looks like we're gonna have to hook up the power. Again.,Looks like we're gonna have to hook up the power. Again.
vox_plr_2_power_off_1,Power out? Talk about deja fucking vu!,"Oh, power out? Talk about deja freaking voo!"
vox_plr_2_power_off_2,No power? Why can't shit be simple?,No power? Why can't this be simple?
vox_plr_2_power_off_3,Power's out again. Can't we hire someone to do this shit?,"Ugh, powers out again. Can't we hire someone to do this~stuff?"
vox_plr_2_power_off_4,"Once again, we find ourselves without electricity.","Once again, we find ourselves without electricity."
vox_plr_2_power_on_0,"Hey, we got power!","Hey, we got power!"
vox_plr_2_power_on_1,"Okay, now we can see what we're killing.","Okay, now we can see what we're killing."
vox_plr_2_power_on_2,"Ugh, I think this place probably looked better in the~dark.","Ugh, I think this place probably looked better in the~dark."
vox_plr_2_powerup_ammo_0,Woo! I topped off my tank!,Woo! I topped off my tank!
vox_plr_2_powerup_ammo_1,Full as a tick!,Full as a tick!
vox_plr_2_powerup_ammo_2,Look at all this ammo!,Look at all this ammo!
vox_plr_2_powerup_carp_0,Woo! Thanks for the break!,Woo! Thanks for the break!
vox_plr_2_powerup_carp_1,"Well, that saves me a lot of hammering.","Well, that saves me a lot of hammering."
vox_plr_2_powerup_carp_2,"I thank you, my wrists thank you.","I thank you, my wrists thank you."
vox_plr_2_powerup_double_0,Two for one time!,Two for one time!
vox_plr_2_powerup_double_1,Double Trouble!,Double Trouble!
vox_plr_2_powerup_double_2,"One, two, I'm killing you!","One, two, I'm killing you!"
vox_plr_2_powerup_firesale_0,"Cheap stuff, you bet.","Cheap stuff, you bet."
vox_plr_2_powerup_firesale_1,"Ooh, a sale!","Ooh, a sale!"
vox_plr_2_powerup_firesale_2,Ha ha! Only suckers pay retail.,Ha ha! Only suckers pay retail.
vox_plr_2_powerup_firesale_3,Line up and buy!,Line up and buy!
vox_plr_2_powerup_insta_0,CRUNCH!,CRUNCH!
vox_plr_2_powerup_insta_1,Unleash the Whirly Gig!,Unleash the Whirly Gig!
vox_plr_2_powerup_insta_2,You just woke one sleepy giant!,You just woke one sleepy giant!
vox_plr_2_powerup_nuke_0,KABLUEY!,KABLUEY!
vox_plr_2_powerup_nuke_1,CINDERS!,CINDERS!
vox_plr_2_powerup_nuke_2,That's the big boom!,That's the big boom!
vox_plr_2_rebuild_boards_0,"Eh, I'd rather just get stupider to stand against the~window.","Eh, I'd rather just get stupider to stand against the~window."
vox_plr_2_riv_resp_crawler_start_0,"Ha! He's still twice the man you are, Stolefinger.","Ha! He's still twice the man you are, Stolefinger."
vox_plr_2_riv_resp_crawler_start_1,What? You want him as a pet? Or something?,What? You want him as a pet? Or something?
vox_plr_2_riv_resp_crawler_start_2,"If you were aiming for his head, you missed by a country~mile.","If you were aiming for his head, you missed by a country~mile."
vox_plr_2_riv_resp_crawler_start_3,"You made the mess, Droolinger. You clean it up.","You made the mess, Droolinger. You clean it up."
vox_plr_2_riv_resp_crawler_start_4,"Common sense ain't that common. Huh, thinking hurts.","Common sense ain't that common. Huh, thinking hurts."
vox_plr_2_riv_resp_kill_headshot_0,I think he just ran into your line of fire.,I think he just ran into your line of fire.
vox_plr_2_riv_resp_kill_headshot_1,That zombie must have had a death wish. Ain't no other~explanation.,That zombie must have had a death wish. Ain't no other~explanation.
vox_plr_2_riv_resp_kill_headshot_2,"Oh, Drolinger got a headshot. We ain't never gonna hear~the end of this.","Oh, Drolinger got a headshot. We ain't never gonna hear~the end of this."
vox_plr_2_riv_resp_kill_headshot_3,"You've gotta be as surprised as I am, stupid jerk!","You've gotta be as surprised as I am, stupid jerk!"
vox_plr_2_riv_resp_surrounded_0,I don't normally interfere with something that ain't~bothering me none.,I don't normally interfere with something that ain't~bothering me none.
vox_plr_2_riv_resp_surrounded_1,"Got yourself in a bit of a situation, huh? Thinking hurts.","Got yourself in a bit of a situation, huh? Thinking hurts."
vox_plr_2_riv_resp_surrounded_2,"Oh, I think you're about to buy the farm.","Oh, I think you're about to buy the farm."
vox_plr_2_riv_resp_surrounded_3,"You ready to kick that bucket, stupid jerk?","You ready to kick that bucket, stupid jerk?"
vox_plr_2_riv_resp_surrounded_4,"Try not to panic, Marlton! And at the very least, don't~cry!","Try not to panic, Marlton! And at the very least, don't~cry!"
vox_plr_2_riv_resp_surrounded_5,"Try not to panic, Marlton! And at the very least, don't~cry!","Try not to panic, Marlton! And at the very least, don't~cry!"
vox_plr_2_riv_resp_wpck_monkey_0,Maybe that monkey can teach you some manners.,Maybe that monkey can teach you some manners.
vox_plr_2_riv_resp_wpck_monkey_1,Aha! Stuhlinger meets a shitslinger. How fitting.,"Wow, Stuhlfinger meets a peep slinger. How fitting."
vox_plr_2_riv_resp_wpck_monkey_2,"Hey, keep it safe! How about down the front of your pants?","Hey, keep it safe! How about down the front of your pants?"
vox_plr_2_riv_resp_wpck_monkey_3,"Oh, you can leave, stupider. The monkey can fill your~spot.","Oh, you can leave, stupider. The monkey can fill your~spot."
vox_plr_2_riv_resp_wpck_monkey_4,"That's a dangerous explosive, Marl! Maybe let Stuhlfinger~carry it.","That's a dangerous explosive, Marl! Maybe let Stuhlfinger~carry it."
vox_plr_2_riv_resp_wpck_monkey_5,"That's a dangerous explosive, Marl! Maybe let Stuhlfinger~carry it.","That's a dangerous explosive, Marl! Maybe let Stuhlfinger~carry it."
vox_plr_2_sidequest_find_nav_0,"Another one, huh?","Another one, huh?"
vox_plr_2_sidequest_navcard_0,Hey! This thing fits!,Hey! This thing fits!
vox_plr_2_sidequest_power_on_0,Power's on. Shouldn't there be more lights?,Power's on. Shouldn't there be more lights?
vox_plr_2_sidequest_start_5_0,We're a long way from home.,We're a long way from home.
vox_plr_2_wpck_57_0,Ha! Now this is right up my alley.,Ha! Now this is right up my alley.
vox_plr_2_wpck_57_1,Nothing too fancy here. Just how I like it.,Nothing too fancy here. Just how I like it.
vox_plr_2_wpck_57_2,I like to keep things simple.,I like to keep things simple.
vox_plr_2_wpck_an94_0,"Oh, light, beautifully designed, and deceptively~destructive. Bit like me, huh?","Oh, light, beautifully designed, and deceptively~destructive. Bit like me, huh?"
vox_plr_2_wpck_an94_1,Yes! I love me some LMGs!,Yes! I love me some LMGs!
vox_plr_2_wpck_an94_2,"Are you getting sweet on me, box?","Are you getting sweet on me, box?"
vox_plr_2_wpck_chicom_0,Can't we have something made in America?,Can't we have something made in America?
vox_plr_2_wpck_chicom_1,Not too shabby. Not too shabby at all.,Not too shabby. Not too shabby at all.
vox_plr_2_wpck_chicom_2,"If this don't work out, I will be back.","If this don't work out, I will be back."
vox_plr_2_wpck_dsr50_0,"Ugh, this ain't no good. Still, I could kill flesh~gobblers with a peanut if I had to.","Ugh, this ain't no good. Still, I could kill flesh~gobblers with a peanut if I had to."
vox_plr_2_wpck_dsr50_1,"Hey Marlton, wanna trade for this?","Hey Marlton, wanna trade for this?"
vox_plr_2_wpck_dsr50_2,I feel like I just wasted my money.,I feel like I just wasted my money.
vox_plr_2_wpck_duel57_0,"Okay, you undead bastards. I'll take you two at a time.","Okay, you undead bastards. I'll take you two at a time."
vox_plr_2_wpck_duel57_1,"Double Death, coming right up.","Double Death, coming right up."
vox_plr_2_wpck_duel57_2,Five-seven?,Five-seven?
vox_plr_2_wpck_emp_0,Looks a little overcomplicated if you ask me.,Looks a little overcomplicated if you ask me.
vox_plr_2_wpck_emp_1,One bad storm and none of this crap works right.,One bad storm and none of this crap works right.
vox_plr_2_wpck_emp_2,Ha ha! Give me a stick of dynamite any day!,Ha ha! Give me a stick of dynamite any day!
vox_plr_2_wpck_fal_0,My first BB gun was better than this.,My first BB gun was better than this.
vox_plr_2_wpck_fal_1,"Oh, looks like I got F all.","Oh, looks like I got F all."
vox_plr_2_wpck_fal_2,What am I meant to do with this crap?,What am I meant to do with this crap?
vox_plr_2_wpck_favorite_0,Ha! I've been hankering for something like this.,Ha! I've been hankering for something like this.
vox_plr_2_wpck_favorite_1,Randomness be damned! I'm taking this!,Randomness be damned! I'm taking this!
vox_plr_2_wpck_favorite_2,"When you want something, buy it yourself.","When you want something, buy it yourself."
vox_plr_2_wpck_galil_0,"All right, well, let's show these goons we mean business.","All right, well, let's show these goons we mean business."
vox_plr_2_wpck_galil_1,Ha ha! Yeah! I just hit the jackpot!,Ha ha! Yeah! I just hit the jackpot!
vox_plr_2_wpck_galil_2,I got just the tool for the job. And I ain't talking about~Stoopager.,I got just the tool for the job. And I ain't talking about~Stoopager.
vox_plr_2_wpck_hamr_0,Ha ha! Now we're talking!,Ha ha! Now we're talking!
vox_plr_2_wpck_hamr_1,I reckon I might just open a can of whoop-ass.,I reckon I might just open a can of whoop-ass.
vox_plr_2_wpck_hamr_2,Now that hits the sweet spot.,Now that hits the sweet spot.
vox_plr_2_wpck_judge_0,"I got your favorite gun, stupid jerk.","I got your favorite gun, stupid jerk."
vox_plr_2_wpck_judge_1,"Well, well, ain't this a well-oiled machine.","Well, well, ain't this a well-oiled machine."
vox_plr_2_wpck_judge_2,"Ugh, this'll put a hell of a dent in them.","Ugh, this'll put a hell of a dent in them."
vox_plr_2_wpck_kap_0,Shit! This is like teats on a boar.,Shit! This is like teats on a boar.
vox_plr_2_wpck_kap_1,"You done screwed me, box!","You done screwed me, box!"
vox_plr_2_wpck_kap_2,I think I backed the wrong horse.,I think I backed the wrong horse.
vox_plr_2_wpck_knife_0,I can't say I'm partial to this highfalutin gizmo.,I can't say I'm partial to this highfalutin gizmo.
vox_plr_2_wpck_knife_1,"Knives, huh? I say we ought to go carve some meat.","Knives, huh? I say we ought to go carve some meat."
vox_plr_2_wpck_knife_2,Who in the world thought these were a good idea?,Who in the world thought these were a good idea?
vox_plr_2_wpck_lsat_0,Yes! Now this one has some meat to it.,Yes! Now this one has some meat to it.
vox_plr_2_wpck_lsat_1,"High Capacity Magazines! You're talking my language, Box!","High Capacity Magazines! You're talking my language, Box!"
vox_plr_2_wpck_lsat_2,"Big on ammo, huh? Guess this is the gift that keeps on~giving.","Big on ammo, huh? Guess this is the gift that keeps on~giving."
vox_plr_2_wpck_m1216_0,Yes! I am truly blessed!,Yes! I am truly blessed!
vox_plr_2_wpck_m1216_1,"Well, fancy that! I actually got my money's worth!","Well, fancy that! I actually got my money's worth!"
vox_plr_2_wpck_m1216_2,"All right, let's turn this shit around.","All right, let's turn this shit around."
vox_plr_2_wpck_m32_0,All this kind of crap belongs in Russman's hands.,All this kind of crap belongs in Russman's hands.
vox_plr_2_wpck_m32_1,I think I can make this work.,I think I can make this work.
vox_plr_2_wpck_m32_2,"Ugh, why do I feel like I'm going in half-cocked?","Ugh, why do I feel like I'm going in half-cocked?"
vox_plr_2_wpck_m82a1_0,"Hey, Rot Gobbler! I got a burst fire surprise for ya!","Hey, Rot Gobbler! I got a burst fire surprise for ya!"
vox_plr_2_wpck_m82a1_1,Haha! Did Santa Claus get my letter?,Haha! Did Santa Claus get my letter?
vox_plr_2_wpck_m82a1_2,"Oh, I think I got a good deal here.","Oh, I think I got a good deal here."
vox_plr_2_wpck_m8a1_0,I'm one lucky lady tonight.,I'm one lucky lady tonight.
vox_plr_2_wpck_m8a1_1,Nice! Now I can do some real damage.,Nice! Now I can do some real damage.
vox_plr_2_wpck_m8a1_2,"Oh, Stumblechuds, your days are numbered.","Oh, Stumblechuds, your days are numbered."
vox_plr_2_wpck_monkey_0,"I've killed with a monkey before, you know.","I've killed with a monkey before, you know."
vox_plr_2_wpck_monkey_1,"Okay, monkey, dance the little bastards to their graves.","Okay, monkey, dance the little bastards to their graves."
vox_plr_2_wpck_monkey_2,Huh. I had a pet monkey when I was a little girl.,Huh. I had a pet monkey when I was a little girl.
vox_plr_2_wpck_pdw57_0,"Oh, they say good things come in small packages. Ain't~that right, Stuhlfinger?","Oh, they say good things come in small packages. Ain't~that right, Stuhlfinger?"
vox_plr_2_wpck_pdw57_1,"Now, this'll do for now, but I'd really rather trade up.","Now, this'll do for now, but I'd really rather trade up."
vox_plr_2_wpck_pdw57_2,"It's a bit weak, but I ain't gonna turn it down.","It's a bit weak, but I ain't gonna turn it down."
vox_plr_2_wpck_python_0,"Well, at least it makes a lot of noise. Maybe the sound~will scare them off.","Well, at least it makes a lot of noise. Maybe the sound~will scare them off."
vox_plr_2_wpck_python_1,"Huh, it's kind of tiny, but it's got a lot of power, you~know what I mean?","Huh, it's kind of tiny, but it's got a lot of power, you~know what I mean?"
vox_plr_2_wpck_python_2,"Python, you may not be venomous, but you'll sure leave a~mark.","Python, you may not be venomous, but you'll sure leave a~mark."
vox_plr_2_wpck_ray_0,The future is now! Kinda.,The future is now! Kinda.
vox_plr_2_wpck_ray_1,"Bullets or lasers? Hmm, makes no difference to me.","Bullets or lasers? Hmm, makes no difference to me."
vox_plr_2_wpck_ray_2,"Eh, this science friction stuff's more of a boy thing.","Eh, this science friction stuff's more of a boy thing."
vox_plr_2_wpck_rpd_0,Ha! Now I got myself a real gun!,Ha! Now I got myself a real gun!
vox_plr_2_wpck_rpd_1,"Oh, I couldn't have picked better myself.","Oh, I couldn't have picked better myself."
vox_plr_2_wpck_rpd_2,Finally! Something with a little meat on its bones!,Finally! Something with a little meat on its bones!
vox_plr_2_wpck_rpg_0,"Well, this is an accident waiting to happen.","Well, this is an accident waiting to happen."
vox_plr_2_wpck_rpg_1,"I might be able to bag a few with this, so long as they~all stand close.","I might be able to bag a few with this, so long as they~all stand close."
vox_plr_2_wpck_rpg_2,"Ugh! Don't think you can keep shortin' me, box!","Ugh! Don't think you can keep shortin' me, box!"
vox_plr_2_wpck_saiga12_0,"Oh, you really know how to charm a girl, don't you?","Oh, you really know how to charm a girl, don't you?"
vox_plr_2_wpck_saiga12_1,"Oh, you looking to sweet talk me, box?","Oh, you looking to sweet talk me, box?"
vox_plr_2_wpck_saiga12_2,"Ooh, am I getting special favors here?","Ooh, am I getting special favors here?"
vox_plr_2_wpck_sidr_0,I paid good money for this?,I paid good money for this?
vox_plr_2_wpck_sidr_1,"Give me weak-ass crap again and I will bust you open, box!","Give me weak-ass crap again and I will bust you open, box!"
vox_plr_2_wpck_sidr_2,"Aw, this is a bad day in Badsville!","Aw, this is a bad day in Badsville!"
vox_plr_2_wpck_svuas_0,Damn. Maybe I should just give this to Marlton.,Damn. Maybe I should just give this to Marlton.
vox_plr_2_wpck_svuas_1,Sniper rifles ain't my strong suit. I like to do my~killing at close range.,Sniper rifles ain't my strong suit. I like to do my~killing at close range.
vox_plr_2_wpck_svuas_2,You think I'm hunting deer here?,You think I'm hunting deer here?
vox_plr_2_wpck_type25_0,"It may not be ladylike, but I ain't like any other lady.","It may not be ladylike, but I ain't like any other lady."
vox_plr_2_wpck_type25_1,Now you boys will see how shit really gets done!,Now you boys will see how shit really gets done!
vox_plr_2_wpck_type25_2,"Oh, the kick from this. Damn, it feels good.","Oh, the kick from this. Damn, it feels good."
vox_plr_2_wpck_x95l_0,"Yeah, I'm bringing the pain to this party.","Yeah, I'm bringing the pain to this party."
vox_plr_2_wpck_x95l_1,"Oh yeah, it's hurtin' time, Roach Rotters!","Oh yeah, it's hurtin' time, Roach Rotters!"
vox_plr_2_wpck_x95l_2,"Hmm, I guess this thing don't always stiff you after all.","Hmm, I guess this thing don't always stiff you after all."
vox_plr_3_ammo_low_0,I'm enduring perhaps the worst ammunition recession of~recent years.,I'm enduring perhaps the worst ammunition recession of~recent years.
vox_plr_3_ammo_low_1,My weapon is as useful as a conversation with Stuhlinger.,My weapon is as useful as a conversation with Stuhlinger.
vox_plr_3_ammo_low_2,Who is me?,Who is me?
vox_plr_3_ammo_low_3,"Come on, powers that be, how about a Max Ammo?","Come on, powers that be, how about a Max Ammo?"
vox_plr_3_ammo_low_4,Don't expect me to provide cover fire! You people can't~even master basic tactical maneuvers!,Don't expect me to provide cover fire! You people can't~even master basic tactical maneuvers!
vox_plr_3_ammo_out_0,"I am bereft, lacking in all but the most rudimentary~methods of defense.","I am bereft, lacking in all but the most rudimentary~methods of defense."
vox_plr_3_ammo_out_1,"Uh, excuse me, I feel I should alert you all to my rather~troubling ammunition situation.","Uh, excuse me, I feel I should alert you all to my rather~troubling ammunition situation."
vox_plr_3_ammo_out_2,"Oh, come on. Now is not a good time to be out of ammo.~Then again, when is?","Oh, come on. Now is not a good time to be out of ammo.~Then again, when is?"
vox_plr_3_ammo_out_3,My ammo count is currently inversely proportional to the~presented threat.,My ammo count is currently inversely proportional to the~presented threat.
vox_plr_3_ammo_out_4,I cannot foresee a situation whereby a lack of ammo is a~positive thing.,I cannot foresee a situation whereby a lack of ammo is a~positive thing.
vox_plr_3_ammo_out_5,My ammo is much like negative 459.67 degrees Fahrenheit.,My ammo is much like negative 459.67 degrees Fahrenheit.
vox_plr_3_anim_intro18_0,"Come on, come on!","Come on, come on!"
vox_plr_3_anim_intro22_0,"What are you talking about, Stuhlinger? Misty made it~pretty clear.","What are you talking about, Stuhlinger? Misty made it~pretty clear."
vox_plr_3_box_move_0,Is there really a correlation between teddy bear~appearances and apparent telekinesis?,Is there really a correlation between teddy bear~appearances and apparent telekinesis?
vox_plr_3_box_move_1,I should study this box more closely. With a claw hammer!,I should study this box more closely. With a claw hammer!
vox_plr_3_box_move_2,I seek it here. I seek it there. I seek it almost~everywhere.,I seek it here. I seek it there. I seek it almost~everywhere.
vox_plr_3_box_move_3,"Of course, why should your disappearance come at a~fortuitous time?","Of course, why should your disappearance come at a~fortuitous time?"
vox_plr_3_box_move_4,"Okay, no wires, no pulleys. Hmm, I must confess I'm at a~loss to explain this.","Okay, no wires, no pulleys. Hmm, I must confess I'm at a~loss to explain this."
vox_plr_3_build_add_0,"Well, this should be a simple matter. Attach this to this.","Well, this should be a simple matter. Attach this to this."
vox_plr_3_build_add_1,Mere child's play. I can create functional circuit boards~from even the most basic materials.,Mere child's play. I can create functional circuit boards~from even the most basic materials.
vox_plr_3_build_add_2,"If my suspicions are correct, this should go here. Oh, and~it does, thus proving my suspicions correct.","If my suspicions are correct, this should go here. Oh, and~it does, thus proving my suspicions correct."
vox_plr_3_build_final_0,"I think my work is complete, unless perhaps further~modifications are possible.","I think my work is complete, unless perhaps further~modifications are possible."
vox_plr_3_build_final_1,"This truly is more than the sum of its parts. Unlike~Russman, who is clearly less.","This truly is more than the sum of its parts. Unlike~Russman, who is clearly less."
vox_plr_3_build_final_2,"Maybe later I can improve efficiency, but this will~suffice for now.","Maybe later I can improve efficiency, but this will~suffice for now."
vox_plr_3_build_pck_bsliquifier_0,"Time to test this device in the field, and by that I mean~point it towards the undead.","Time to test this device in the field, and by that I mean~point it towards the undead."
vox_plr_3_build_pck_bsteam_0,Could this be a primitive method for aerial traversal? I~think so.,Could this be a primitive method for aerial traversal? I~think so.
vox_plr_3_build_pck_wsliquifier_0,"Since we spent so much time in assembly, perhaps we should~take better care of this.","Since we spent so much time in assembly, perhaps we should~take better care of this."
vox_plr_3_build_pck_wsteam_0,"Well, we should not leave this lying around until we're~sure that it won't be of use to the undead.","Well, we should not leave this lying around until we're~sure that it won't be of use to the undead."
vox_plr_3_build_pickup_0,"Finders, keepers. I'm a finder, therefore it follows that~I am also a keeper.","Finders, keepers. I'm a finder, therefore it follows that~I am also a keeper."
vox_plr_3_build_pickup_1,I will keep this to hand in case an appropriate use~presents itself.,I will keep this to hand in case an appropriate use~presents itself.
vox_plr_3_build_pickup_2,"This component is clearly part of something else, but what~exactly?","This component is clearly part of something else, but what~exactly?"
vox_plr_3_build_plc_sliquifier_0,"Russman may well attempt to swipe this wondrous weapon,~but I will have to take that chance.","Russman may well attempt to swipe this wondrous weapon,~but I will have to take that chance."
vox_plr_3_build_plc_steam_0,Perhaps the more physically inclined members of our group~should carry this cumbersome machinery.,Perhaps the more physically inclined members of our group~should carry this cumbersome machinery.
vox_plr_3_build_swap_0,It would help my decision if I knew which piece was more~important at this juncture.,It would help my decision if I knew which piece was more~important at this juncture.
vox_plr_3_build_swap_1,I think this part may be more important at this particular~time.,I think this part may be more important at this particular~time.
vox_plr_3_build_swap_2,"Oh, curse my limited capacity for item conveyance.","Oh, curse my limited capacity for item conveyance."
vox_plr_3_crawler_attack_0,Is this creature even aware how much bacteria is on that~floor?,Is this creature even aware how much bacteria is on that~floor?
vox_plr_3_crawler_attack_1,"His nervous system appears to be largely unaffected,~despite being bisected.","His nervous system appears to be largely unaffected,~despite being bisected."
vox_plr_3_crawler_attack_2,The 50% reduction in his limb count has not yielded a~similar drop in aggression.,The 50% reduction in his limb count has not yielded a~similar drop in aggression.
vox_plr_3_crawler_attack_3,Ah! Ah! He's biting me! He's biting me!,Ah! Ah! He's biting me! He's biting me!
vox_plr_3_crawler_attack_4,I'd hoped your impairment would assuage you from further~attacks!,I'd hoped your impairment would assuage you from further~attacks!
vox_plr_3_crawler_kill_0,I believe that was an act of mercy.,I believe that was an act of mercy.
vox_plr_3_crawler_kill_1,Like proverbial fish in a barrel!,Like proverbial fish in a barrel!
vox_plr_3_crawler_kill_2,"Well, I think I can safely conclude that brain death has~now been achieved.","Well, I think I can safely conclude that brain death has~now been achieved."
vox_plr_3_crawler_kill_3,"Diagnosis, total necrosis of the cerebral neurons. That's~brain death to you, Russman.","Diagnosis, total necrosis of the cerebral neurons. That's~brain death to you, Russman."
vox_plr_3_crawler_kill_4,Stop it! I will not tell you again! Stop it!,Stop it! I will not tell you again! Stop it!
vox_plr_3_crawler_start_0,It's a common misconception that both ends of a bisected~worm will live on independently.,It's a common misconception that both ends of a bisected~worm will live on independently.
vox_plr_3_crawler_start_1,How can you move faster without legs?,How can you move faster without legs?
vox_plr_3_crawler_start_2,"Oops, we left the bitey bit on.","Oops, we left the bitey bit on."
vox_plr_3_crawler_start_3,He's gonna keep dragging his ass till we put him down!,He's gonna keep dragging his ass till we put him down!
vox_plr_3_crawler_start_4,Half a zombie does not equal half the threat!,Half a zombie does not equal half the threat!
vox_plr_3_earn_acheivement_0,"Oh, I appreciate that my efforts have been recognized.","Oh, I appreciate that my efforts have been recognized."
vox_plr_3_find_secret_0,"Well, I can only speculate as to why that sound played,~and speculate I will in due course.","Well, I can only speculate as to why that sound played,~and speculate I will in due course."
vox_plr_3_heal_revived_0,Did you try to kiss me?,Did you try to kiss me?
vox_plr_3_heal_revived_1,"Okay, next time, can you please follow some basic hygiene~rules? Many diseases are easily communicable by touch, you|know?","Okay, next time, can you please follow some basic hygiene~rules? Many diseases are easily communicable by touch, you|know?"
vox_plr_3_heal_revived_2,"I think I could see a light, most likely a result of my~brain being starved of oxygen.","I think I could see a light, most likely a result of my~brain being starved of oxygen."
vox_plr_3_heal_revived_3,I live to fight another day! This day! Today! Now!,I live to fight another day! This day! Today! Now!
vox_plr_3_heal_revived_4,"Move away now! Unless I catch something worse. Too close,~too close.","Move away now! Unless I catch something worse. Too close,~too close."
vox_plr_3_hr_resp_crawler_start_0,"When Russman does it, it's annoying. But you...","When Russman does it, it's annoying. But you..."
vox_plr_3_hr_resp_crawler_start_1,"He's still got a little fight in him, Misty.","He's still got a little fight in him, Misty."
vox_plr_3_hr_resp_crawler_start_2,Don't let him damage your legs! Or any other part!,Don't let him damage your legs! Or any other part!
vox_plr_3_hr_resp_crawler_start_3,"You're lucky, zombie. Misty gets to kill you twice.","You're lucky, zombie. Misty gets to kill you twice."
vox_plr_3_hr_resp_crawler_start_4,He's like a little lap dog! That hates you.,He's like a little lap dog! That hates you.
vox_plr_3_hr_resp_kill_headshot_0,"Nice shooting, Misty!","Nice shooting, Misty!"
vox_plr_3_hr_resp_kill_headshot_1,"Oh, you got this all in hand, huh, Misty?","Oh, you got this all in hand, huh, Misty?"
vox_plr_3_hr_resp_kill_headshot_2,"If I was half as good a shot as Misty, I'd still be twice~as good as Russman.","If I was half as good a shot as Misty, I'd still be twice~as good as Russman."
vox_plr_3_hr_resp_kill_headshot_3,I think he smiled! Just cause it was you.,I think he smiled! Just cause it was you.
vox_plr_3_hr_resp_kill_headshot_4,You clearly penetrated his cerebral cortex with that shot!,You clearly penetrated his cerebral cortex with that shot!
vox_plr_3_hr_resp_surrounded_0,"Leave her alone, you monsters!","Leave her alone, you monsters!"
vox_plr_3_hr_resp_surrounded_1,"I don't doubt your ability to handle the situation, but do~you want help?","I don't doubt your ability to handle the situation, but do~you want help?"
vox_plr_3_hr_resp_surrounded_2,"They're close enough to smell you, Misty! She smells~beautiful!","They're close enough to smell you, Misty! She smells~beautiful!"
vox_plr_3_hr_resp_surrounded_3,"I know you like your independence, but would it be remiss~to assist?","I know you like your independence, but would it be remiss~to assist?"
vox_plr_3_hr_resp_surrounded_4,"Ooh, you wanna use me as bait, Misty?","Ooh, you wanna use me as bait, Misty?"
vox_plr_3_hr_resp_wpck_monkey_0,"I think he likes you, Misty.","I think he likes you, Misty."
vox_plr_3_hr_resp_wpck_monkey_1,"That monkey doesn't know how lucky he is to be yours,~Misty.","That monkey doesn't know how lucky he is to be yours,~Misty."
vox_plr_3_hr_resp_wpck_monkey_2,"If in doubt, throw it at Russman!","If in doubt, throw it at Russman!"
vox_plr_3_hr_resp_wpck_monkey_3,"Hold him tight, Misty. Tight against your... your... Just~hold him tight.","Hold him tight, Misty. Tight against your... your... Just~hold him tight."
vox_plr_3_hr_resp_wpck_monkey_4,"You have someone who would die for you, Misty. And a~monkey.","You have someone who would die for you, Misty. And a~monkey."
vox_plr_3_kill_close_0,Personal space! Personal space!,Personal space! Personal space!
vox_plr_3_kill_close_1,"Too close! Oh, you made me throw up in my mouth.","Too close! Oh, you made me throw up in my mouth."
vox_plr_3_kill_close_2,"At that range, even Stuhlinger could have hit you.","At that range, even Stuhlinger could have hit you."
vox_plr_3_kill_close_3,You crossed my imaginary line in my imaginary sand!,You crossed my imaginary line in my imaginary sand!
vox_plr_3_kill_close_4,I can still smell you!,I can still smell you!
vox_plr_3_kill_damaged_0,"Touch me, I touch you. Same rule as I have on the bus.~Except that I despise touching, so maybe don't touch me to|begin with.","Touch me, I touch you. Same rule as I have on the bus.~Except that I despise touching, so maybe don't touch me to|begin with."
vox_plr_3_kill_damaged_1,"Huh, you might have messed with the wrong guy, didn't you?","Huh, you might have messed with the wrong guy, didn't you?"
vox_plr_3_kill_damaged_2,He scratched me! Somebody grab some ointment!,He scratched me! Somebody grab some ointment!
vox_plr_3_kill_damaged_3,I know who to blame if I get infected.,I know who to blame if I get infected.
vox_plr_3_kill_damaged_4,"Payback's a bitch! Just so you know, so is Russman.","Payback's a bitch! Just so you know, so is Russman."
vox_plr_3_kill_explo_0,"Where they once stood, they now merely stain.","Where they once stood, they now merely stain."
vox_plr_3_kill_explo_1,"Collectively, you are now less than the sum of your parts.","Collectively, you are now less than the sum of your parts."
vox_plr_3_kill_explo_2,You are but ashes in the wind.,You are but ashes in the wind.
vox_plr_3_kill_explo_3,"Not exactly a big bang, but sizable nonetheless.","Not exactly a big bang, but sizable nonetheless."
vox_plr_3_kill_explo_4,I just put the boo in boom!,I just put the boo in boom!
vox_plr_3_kill_headshot_0,"Oh! Unless I'm mistaken, his cranium was severed just~above the cervical vertebrae.","Oh! Unless I'm mistaken, his cranium was severed just~above the cervical vertebrae."
vox_plr_3_kill_headshot_1,"Oh, a mind is a terrible thing to waste. Fortunately, you~didn't have one!","Oh, a mind is a terrible thing to waste. Fortunately, you~didn't have one!"
vox_plr_3_kill_headshot_2,"The distance itself is not the impressive thing. Rather,~it was my inarguable accuracy.","The distance itself is not the impressive thing. Rather,~it was my inarguable accuracy."
vox_plr_3_kill_headshot_3,It is maybe for the best that you knew not what hit you.,It is maybe for the best that you knew not what hit you.
vox_plr_3_kill_headshot_4,Did that cure your headache?,Did that cure your headache?
vox_plr_3_kill_headshot_5,Amazing! I would have guessed you were beyond this~weapon's effective range. I stand corrected!,Amazing! I would have guessed you were beyond this~weapon's effective range. I stand corrected!
vox_plr_3_kill_headshot_6,I display skills beyond your expectations.,I display skills beyond your expectations.
vox_plr_3_kill_headshot_7,I prefer it when your odor does not permeate my bubble.,I prefer it when your odor does not permeate my bubble.
vox_plr_3_kill_headshot_8,"Like Zeus, I hold power over your very existence!","Like Zeus, I hold power over your very existence!"
vox_plr_3_kill_headshot_9,Embrace an eternity of nothingness.,Embrace an eternity of nothingness.
vox_plr_3_kill_insta_0,"Woo! Right in the kisser! You know, kissing is really~rather disgusting. Lots of bacteria.","Woo! Right in the kisser! You know, kissing is really~rather disgusting. Lots of bacteria."
vox_plr_3_kill_insta_1,Your death is swift!,Your death is swift!
vox_plr_3_kill_insta_2,"Oh, you bled on me! No! Disinfect! Disinfect!","Oh, you bled on me! No! Disinfect! Disinfect!"
vox_plr_3_kill_insta_3,"Instantly killing! Well, perhaps not instant, but~indistinguishably close to the naked eye.","Instantly killing! Well, perhaps not instant, but~indistinguishably close to the naked eye."
vox_plr_3_kill_insta_4,"Come at me, bro! Ooh, I feel like such a jock for saying~that.","Come at me, bro! Ooh, I feel like such a jock for saying~that."
vox_plr_3_kill_limb_0,"Retreat, creature, lest I relieve you of further~appendages!","Retreat, creature, lest I relieve you of further~appendages!"
vox_plr_3_kill_limb_1,"If you hurry, they may be able to reattach it.","If you hurry, they may be able to reattach it."
vox_plr_3_kill_limb_2,Embrace the sound of one hand clapping.,Embrace the sound of one hand clapping.
vox_plr_3_kill_limb_3,"Oh, even your arm wanted nothing to do with you.","Oh, even your arm wanted nothing to do with you."
vox_plr_3_kill_limb_4,Your limb count has been reduced by 25%. Do you wish to~make it 50?,Your limb count has been reduced by 25%. Do you wish to~make it 50?
vox_plr_3_kill_monkey_0,They think they can eat it?,They think they can eat it?
vox_plr_3_kill_monkey_1,"Monkey See, Monkey Do!","Monkey See, Monkey Do!"
vox_plr_3_kill_monkey_2,"Oh shit! That wasn't a real monkey, was it?","No! That wasn't a real monkey, was it?"
vox_plr_3_kill_monkey_3,I kinda miss my monkey now.,I kinda miss my monkey now.
vox_plr_3_kill_monkey_4,The simian sacrifice has bought us some time.,The simian sacrifice has bought us some time.
vox_plr_3_kill_ray_0,I wield the means to erase you from this very plane of~existence!,I wield the means to erase you from this very plane of~existence!
vox_plr_3_kill_ray_1,"Zap! And with that, the foul-smelling creature was~vanquished.","Zap! And with that, the foul-smelling creature was~vanquished."
vox_plr_3_kill_ray_2,There's something thrilling about the conversion of~energy.,There's something thrilling about the conversion of~energy.
vox_plr_3_kill_ray_3,Let our superior technology hasten you to your eternal~slumber!,Let our superior technology hasten you to your eternal~slumber!
vox_plr_3_kill_ray_4,Allow me to provide you with a rather violent illustration~of thermodynamics.,Allow me to provide you with a rather violent illustration~of thermodynamics.
vox_plr_3_kill_sliquifier_0,"Ah, phase transformation. A joyously abrupt change in your~physical properties.","Ah, phase transformation. A joyously abrupt change in your~physical properties."
vox_plr_3_kill_sliquifier_1,"This weapon is most unconventional. If time permits, I~will study its functionality.","This weapon is most unconventional. If time permits, I~will study its functionality."
vox_plr_3_kill_sliquifier_2,"With suitable modifications, this weapon could yield~further changes in physical state. Gas zombies, anyone?","With suitable modifications, this weapon could yield~further changes in physical state. Gas zombies, anyone?"
vox_plr_3_kill_sliquifier_3,Solid becomes liquid. The exact opposite of the situation~I recently experienced with my digestive system.,Solid becomes liquid. The exact opposite of the situation~I recently experienced with my digestive system.
vox_plr_3_kill_sliquifier_4,"Perhaps further testing will reveal other exotic states of~matter, prior to now, existing only in theory.","Perhaps further testing will reveal other exotic states of~matter, prior to now, existing only in theory."
vox_plr_3_kill_streak_0,My will be done.,My will be done.
vox_plr_3_kill_streak_1,I am unstoppable. Newton's first law remains unchallenged.,I am unstoppable. Newton's first law remains unchallenged.
vox_plr_3_kill_streak_2,"I wouldn't mourn the loss, but for the fact that I don't~want to.","I wouldn't mourn the loss, but for the fact that I don't~want to."
vox_plr_3_kill_streak_3,I'm like an army made of only one man. If only there was a~simpler way to convey this concept.,I'm like an army made of only one man. If only there was a~simpler way to convey this concept.
vox_plr_3_kill_streak_4,Woo! I am on what is commonly referred to as a streak!,Woo! I am on what is commonly referred to as a streak!
vox_plr_3_kill_streak_5,"So many zombies, so much time. Keep them coming!","So many zombies, so much time. Keep them coming!"
vox_plr_3_kill_streak_6,I believe that may be some kind of record!,I believe that may be some kind of record!
vox_plr_3_kill_streak_7,Is this a spree? Am I spreeing enough? You want me to~spree everywhere?,Is this a spree? Am I spreeing enough? You want me to~spree everywhere?
vox_plr_3_kill_streak_8,"That was like eight zombies in five seconds, honestly. It~was.","That was like eight zombies in five seconds, honestly. It~was."
vox_plr_3_kill_streak_9,I have achieved a kill rate of 1 zombie every .625~seconds!,I have achieved a kill rate of 1 zombie every .625~seconds!
vox_plr_3_leaper_attack_0,He sprung from nowhere!,He sprung from nowhere!
vox_plr_3_leaper_attack_1,"Help me, Misty! I've been jumped!","Help me, Misty! I've been jumped!"
vox_plr_3_leaper_attack_2,"No! Go for someone else, please, please, please! I'm~barely nutritious!","No! Go for someone else, please, please, please! I'm~barely nutritious!"
vox_plr_3_leaper_attack_3,Get it off me! Get it off me! I don't know where it's~been!,Get it off me! Get it off me! I don't know where it's~been!
vox_plr_3_leaper_attack_4,It wants me!,It wants me!
vox_plr_3_leaper_kill_0,Is that the last one?,Is that the last one?
vox_plr_3_leaper_kill_1,You leapt your last leap!,You leapt your last leap!
vox_plr_3_leaper_kill_2,"Leapers, leapers, leapers, leprosy! I hope there's no~connection!","Leapers, leapers, leapers, leprosy! I hope there's no~connection!"
vox_plr_3_leaper_kill_3,"That minimized your movements, to say the least.","That minimized your movements, to say the least."
vox_plr_3_leaper_kill_4,"Your days spent bouncing off the walls are at an end, foul~creature.","Your days spent bouncing off the walls are at an end, foul~creature."
vox_plr_3_leaper_reveal_0,"Um, that is a clarion call if ever I heard one.","Um, that is a clarion call if ever I heard one."
vox_plr_3_leaper_reveal_1,"All indications are that we are about to experience~something different, and potentially more deadly.","All indications are that we are about to experience~something different, and potentially more deadly."
vox_plr_3_leaper_reveal_2,It appears that another strain of mutated corpses are~approaching!,It appears that another strain of mutated corpses are~approaching!
vox_plr_3_leaper_reveal_3,I wonder why the regular undead retreated this time. Do~they fear what's coming?,I wonder why the regular undead retreated this time. Do~they fear what's coming?
vox_plr_3_leaper_reveal_4,Our fortitude is about to be tested once more.,Our fortitude is about to be tested once more.
vox_plr_3_leaper_see_0,"I see you, foul spring-loaded beast!","I see you, foul spring-loaded beast!"
vox_plr_3_leaper_see_1,Their agility defies logic. Surely their muscles should~have atrophied.,Their agility defies logic. Surely their muscles should~have atrophied.
vox_plr_3_leaper_see_2,"No longer bound to the earth, these creatures traverse~walls and ceilings also!","No longer bound to the earth, these creatures traverse~walls and ceilings also!"
vox_plr_3_leaper_see_3,We must be vigilant. Bouncing beasts abound!,We must be vigilant. Bouncing beasts abound!
vox_plr_3_leaper_see_4,"They traverse great distance in a single leap, like a man~with superpowers.","They traverse great distance in a single leap, like a man~with superpowers."
vox_plr_3_nomoney_box_0,"Okay, why would the box even require monetary payment?","Okay, why would the box even require monetary payment?"
vox_plr_3_nomoney_generic_0,My incoming funds are not enough to support my deficit~spending.,My incoming funds are not enough to support my deficit~spending.
vox_plr_3_nomoney_generic_1,Currency is a fluid medium with no intrinsic value. That's~short for I'm broke.,Currency is a fluid medium with no intrinsic value. That's~short for I'm broke.
vox_plr_3_nomoney_generic_2,I have no medium of exchange for goods or services.,I have no medium of exchange for goods or services.
vox_plr_3_nomoney_perk_0,"These prices are exorbitant, to say the least.","These prices are exorbitant, to say the least."
vox_plr_3_nomoney_weapon_0,"I would question the validity of this pricing mechanic,~but that's just me.","I would question the validity of this pricing mechanic,~but that's just me."
vox_plr_3_oh_shit_0,I feel vulnerable!,I feel vulnerable!
vox_plr_3_oh_shit_1,They're almost upon me!,They're almost upon me!
vox_plr_3_oh_shit_10,Too many zombies in close proximity!,Too many zombies in close proximity!
vox_plr_3_oh_shit_11,To say the situation is rapidly deteriorating is an~understatement!,To say the situation is rapidly deteriorating is an~understatement!
vox_plr_3_oh_shit_12,What hope now? I suspect none.,What hope now? I suspect none.
vox_plr_3_oh_shit_13,"Oh, I fear that they will have their way with me.","Oh, I fear that they will have their way with me."
vox_plr_3_oh_shit_14,The odds against survival appear too great!,The odds against survival appear too great!
vox_plr_3_oh_shit_2,I am increasingly pessimistic about my situation.,I am increasingly pessimistic about my situation.
vox_plr_3_oh_shit_3,"Oh, the horde advances!","Oh, the horde advances!"
vox_plr_3_oh_shit_4,Perhaps this outcome was inevitable.,Perhaps this outcome was inevitable.
vox_plr_3_oh_shit_5,"What they lack in intelligence, they make up for in~number!","What they lack in intelligence, they make up for in~number!"
vox_plr_3_oh_shit_6,I stand overlooking the abyss.,I stand overlooking the abyss.
vox_plr_3_oh_shit_7,It seems I should have made greater effort to diminish~their numbers!,It seems I should have made greater effort to diminish~their numbers!
vox_plr_3_oh_shit_8,The hour is darkest before the dawn. Just how long is the~night?,The hour is darkest before the dawn. Just how long is the~night?
vox_plr_3_oh_shit_9,I am not yet prepared to meet my maker as I am unconvinced~of his existence.,I am not yet prepared to meet my maker as I am unconvinced~of his existence.
vox_plr_3_pap_arm_0,I trust the modifications go beyond the cosmetic.,I trust the modifications go beyond the cosmetic.
vox_plr_3_pap_arm_1,"I will study the effectiveness of your enhancements.~Should I deem them subpar, I will, of course, expect a|full refund.","I will study the effectiveness of your enhancements.~Should I deem them subpar, I will, of course, expect a|full refund."
vox_plr_3_pap_arm_2,I assume that a 3D printer is contained somewhere~within...,I assume that a 3D printer is contained somewhere~within...
vox_plr_3_pap_arm_3,"I am impressed to the point of ecstasy! Well, at least in~terms of how I imagine ecstasy would feel.","I am impressed to the point of ecstasy! Well, at least in~terms of how I imagine ecstasy would feel."
vox_plr_3_pap_arm_4,Would I be as impressed had I not paid the extortionate~fee for this service?,Would I be as impressed had I not paid the extortionate~fee for this service?
vox_plr_3_pap_arm2_0,"Were further improvements possible, one can't help but~wonder why they were not made originally.","Were further improvements possible, one can't help but~wonder why they were not made originally."
vox_plr_3_pap_arm2_1,"I did not expect the second time to impress me as much as~the first, but impress me it has!","I did not expect the second time to impress me as much as~the first, but impress me it has!"
vox_plr_3_pap_arm2_2,"Better, how much better remains to be seen.","Better, how much better remains to be seen."
vox_plr_3_pap_arm2_3,"This must be the limit of what this machine can achieve,~surely.","This must be the limit of what this machine can achieve,~surely."
vox_plr_3_pap_arm2_4,"I thank you for your work, machine. Would it be wrong to~request a glimpse of your interior?","I thank you for your work, machine. Would it be wrong to~request a glimpse of your interior?"
vox_plr_3_pap_wait_0,"Oh, mighty machine. Bring forth your technological bounty.","Oh, mighty machine. Bring forth your technological bounty."
vox_plr_3_pap_wait_1,"I'll just slide this in, wiggle it around a bit. Oh dear,~I didn't mean that.","I'll just slide this in, wiggle it around a bit. Oh dear,~I didn't mean that."
vox_plr_3_pap_wait_2,I would do anything just to glimpse the schematics for~this incredible machine.,I would do anything just to glimpse the schematics for~this incredible machine.
vox_plr_3_pap_wait_3,"I'd very much like to return this device to my lab, but~for the fact that I no longer have a lab. Or a home.","I'd very much like to return this device to my lab, but~for the fact that I no longer have a lab. Or a home."
vox_plr_3_pap_wait_4,The very existence of this machine makes me wonder what~other marvels may have been lost to this meat-based|Armageddon.,The very existence of this machine makes me wonder what~other marvels may have been lost to this meat-based|Armageddon.
vox_plr_3_pap_wait2_0,Is it perchance possible that my perception of time itself~has been altered?,Is it perchance possible that my perception of time itself~has been altered?
vox_plr_3_pap_wait2_1,"Time waits for no man, but man waits for many, many~things.","Time waits for no man, but man waits for many, many~things."
vox_plr_3_pap_wait2_2,They say patience is a virtue. But I'm bored being~patient! Anyone know any other virtues?,They say patience is a virtue. But I'm bored being~patient! Anyone know any other virtues?
vox_plr_3_pap_wait2_3,Perhaps some Sudoku could help pass the time.,Perhaps some Sudoku could help pass the time.
vox_plr_3_pap_wait2_4,"This is time I'll never get back. Mind you, that's pretty~much the nature of time.","This is time I'll never get back. Mind you, that's pretty~much the nature of time."
vox_plr_3_perk_doubletap_0,I do not understand the correlation between the~consumption of a liquid and my firearms rate of fire.,I do not understand the correlation between the~consumption of a liquid and my firearms rate of fire.
vox_plr_3_perk_jugga_0,It would appear that my resistance to pain is~substantially increased.,It would appear that my resistance to pain is~substantially increased.
vox_plr_3_perk_mulekick_0,Mule Kick!,Mule Kick!
vox_plr_3_perk_revive_0,"This will allow me to assist my companions more~effectively, should I choose to do so.","This will allow me to assist my companions more~effectively, should I choose to do so."
vox_plr_3_perk_speed_0,Does it make sense that I sense a sense of acceleration to~my senses?,Does it make sense that I sense a sense of acceleration to~my senses?
vox_plr_3_perk_stamine_0,I will run like the wind! I only hope the similarity's in~there.,I will run like the wind! I only hope the similarity's in~there.
vox_plr_3_perk_tombstone_0,"I cannot be sure what just happened, but I feel as though~I need to vomit.","I cannot be sure what just happened, but I feel as though~I need to vomit."
vox_plr_3_perk_who_0,I'm in two minds about whether or not I should even drink~this. Curious. I'm normally very decisive.,I'm in two minds about whether or not I should even drink~this. Curious. I'm normally very decisive.
vox_plr_3_power_off_0,"Given the structural damage around us, I suspect that the~power systems are equally impaired.","Given the structural damage around us, I suspect that the~power systems are equally impaired."
vox_plr_3_power_off_1,This building's electrical systems must be extensive. We~should only focus on delivering power to our immediate|area.,This building's electrical systems must be extensive. We~should only focus on delivering power to our immediate|area.
vox_plr_3_power_off_2,"If we continue without power, it is unlikely that we will~ever find use for the elevators.","If we continue without power, it is unlikely that we will~ever find use for the elevators."
vox_plr_3_power_off_3,Our priority should be to reignite this building's power~systems. Don't you all agree?,Our priority should be to reignite this building's power~systems. Don't you all agree?
vox_plr_3_power_off_4,"No power. Simple. Even an idiot could fix it. You gonna~volunteer, Russman?","No power. Simple. Even an idiot could fix it. You gonna~volunteer, Russman?"
vox_plr_3_power_on_0,"And in the end, it is all controlled by a simple switch.","And in the end, it is all controlled by a simple switch."
vox_plr_3_power_on_1,Approximately 230 volts at 10 amps. Further evidence that~we are no longer in America.,Approximately 230 volts at 10 amps. Further evidence that~we are no longer in America.
vox_plr_3_power_on_2,I have successfully concluded our efforts to reinstall~power. You're welcome.,I have successfully concluded our efforts to reinstall~power. You're welcome.
vox_plr_3_powerup_ammo_0,Haha! I have accumulated maximum ammunition!,Haha! I have accumulated maximum ammunition!
vox_plr_3_powerup_ammo_1,I am burdened with the means of destruction.,I am burdened with the means of destruction.
vox_plr_3_powerup_ammo_2,"I have no more carrying capacity for ammunition. Ooh, that~is a good thing.","I have no more carrying capacity for ammunition. Ooh, that~is a good thing."
vox_plr_3_powerup_carp_0,A fantastic implementation of carpentry skills!,A fantastic implementation of carpentry skills!
vox_plr_3_powerup_carp_1,I welcome the respite.,I welcome the respite.
vox_plr_3_powerup_carp_2,A much valued pause in the action.,A much valued pause in the action.
vox_plr_3_powerup_double_0,"Indubitably, I now have the opportunity to accumulate~great gobs of points!","Indubitably, I now have the opportunity to accumulate~great gobs of points!"
vox_plr_3_powerup_double_1,Ha ha ha ha! I cannot believe my luck!,Ha ha ha ha! I cannot believe my luck!
vox_plr_3_powerup_double_2,Death to you. Double points to me. An equitable~accommodation.,Death to you. Double points to me. An equitable~accommodation.
vox_plr_3_powerup_firesale_0,"For once, the statistics are in my favor.","For once, the statistics are in my favor."
vox_plr_3_powerup_firesale_1,Bulk purchasing engaged.,Bulk purchasing engaged.
vox_plr_3_powerup_firesale_2,Fire Sale! Most unexpected and most welcomed.,Fire Sale! Most unexpected and most welcomed.
vox_plr_3_powerup_firesale_3,Prepare for a one-man shopping spree.,Prepare for a one-man shopping spree.
vox_plr_3_powerup_insta_0,Ha! I have been granted the power of death!,Ha! I have been granted the power of death!
vox_plr_3_powerup_insta_1,I shall engage in a killing spree.,I shall engage in a killing spree.
vox_plr_3_powerup_insta_2,Line them up and I shall take them out.,Line them up and I shall take them out.
vox_plr_3_powerup_nuke_0,Atomic Fission.,Atomic Fission.
vox_plr_3_powerup_nuke_1,Lick the atomic light!,Lick the atomic light!
vox_plr_3_powerup_nuke_2,"Fission, Fusion, you're dead either way.","Fission, Fusion, you're dead either way."
vox_plr_3_rebuild_boards_0,"Ugh, this seems ultimately futile.","Ugh, this seems ultimately futile."
vox_plr_3_riv_resp_crawler_start_0,"Is there a reason you want him at waist height, Russman?","Is there a reason you want him at waist height, Russman?"
vox_plr_3_riv_resp_crawler_start_1,You trying to keep them alive and angry?,You trying to keep them alive and angry?
vox_plr_3_riv_resp_crawler_start_2,"Russman, you suck! You only killed half of him!","Russman, you suck! You only killed half of him!"
vox_plr_3_riv_resp_crawler_start_3,You gonna leave that thing crawling around?,You gonna leave that thing crawling around?
vox_plr_3_riv_resp_crawler_start_4,"His threat level has not abated, even with his newly~diminutive dimensions.","His threat level has not abated, even with his newly~diminutive dimensions."
vox_plr_3_riv_resp_kill_headshot_0,"Given even a finite amount of time, a single monkey could~have made that shot.","Given even a finite amount of time, a single monkey could~have made that shot."
vox_plr_3_riv_resp_kill_headshot_1,"Think you're a big man, huh? I know the truth.","Think you're a big man, huh? I know the truth."
vox_plr_3_riv_resp_kill_headshot_2,"Uh, I think he ran into it, Russman.","Uh, I think he ran into it, Russman."
vox_plr_3_riv_resp_kill_headshot_3,The probability of you repeating such success is barely~infinitesimal.,The probability of you repeating such success is barely~infinitesimal.
vox_plr_3_riv_resp_kill_headshot_4,"Ah, you got lucky. Unlike your poor mother.","Ah, you got lucky. Unlike your poor mother."
vox_plr_3_riv_resp_surrounded_0,Oh no! You're going to die horribly!,Oh no! You're going to die horribly!
vox_plr_3_riv_resp_surrounded_1,"Don't worry yourself, Russman. They're really just after~brains.","Don't worry yourself, Russman. They're really just after~brains."
vox_plr_3_riv_resp_surrounded_2,"They're gonna eat you, Russman! Try to choke them on the~way down!","They're gonna eat you, Russman! Try to choke them on the~way down!"
vox_plr_3_riv_resp_surrounded_3,Russman's surrounded. Maybe I should just enjoy the show.,Russman's surrounded. Maybe I should just enjoy the show.
vox_plr_3_riv_resp_surrounded_4,Something terrible is about to happen to Russman! Quick!~Do nothing!,Something terrible is about to happen to Russman! Quick!~Do nothing!
vox_plr_3_riv_resp_wpck_monkey_0,Russman just found himself a bigger brain!,Russman just found himself a bigger brain!
vox_plr_3_riv_resp_wpck_monkey_1,You two brothers?,You two brothers?
vox_plr_3_riv_resp_wpck_monkey_2,"Start it up, then put it in your pocket!","Start it up, then put it in your pocket!"
vox_plr_3_riv_resp_wpck_monkey_3,Pavlov's dog. Schrodinger's cat. Somehow Russman's monkey~doesn't have the same ring.,Pavlov's dog. Schrodinger's cat. Somehow Russman's monkey~doesn't have the same ring.
vox_plr_3_riv_resp_wpck_monkey_4,"Nope, it blows his stupid hands off.","Nope, it blows his stupid hands off."
vox_plr_3_sidequest_find_nav_0,I suspect that this particular card is intended for~another location. Is it here? Or somewhere else?,I suspect that this particular card is intended for~another location. Is it here? Or somewhere else?
vox_plr_3_sidequest_navcard_0,Card accepted. It seems our manipulation grows ever more~complex.,Card accepted. It seems our manipulation grows ever more~complex.
vox_plr_3_sidequest_start_6_0,"The signs, the iconography, I think our location is~self-evident.","The signs, the iconography, I think our location is~self-evident."
vox_plr_3_sidequest_start_8_0,Good grief.,Good grief.
vox_plr_3_wpck_57_0,A single 5-7. Perhaps Sam or Misty may find joy from its~sudden materialization.,A single 5-7. Perhaps Sam or Misty may find joy from its~sudden materialization.
vox_plr_3_wpck_57_1,"On a scale of 1 to 10, I would rate this 5.7 divided by 2.","On a scale of 1 to 10, I would rate this 5.7 divided by 2."
vox_plr_3_wpck_57_2,"However cognizant this box may be, it seems only to taunt~me.","However cognizant this box may be, it seems only to taunt~me."
vox_plr_3_wpck_an94_0,"Large capacity magazines are always welcomed, particularly~when combined with such a high rate of fire.","Large capacity magazines are always welcomed, particularly~when combined with such a high rate of fire."
vox_plr_3_wpck_an94_1,"The fact that the barrel, gas tube, receiver, and bolt~carrier all exist as a single component makes me giddy.","The fact that the barrel, gas tube, receiver, and bolt~carrier all exist as a single component makes me giddy."
vox_plr_3_wpck_an94_2,The ammo feed mechanism on this rifle is rather unique.~Would anyone like me to explain? Anyone?,The ammo feed mechanism on this rifle is rather unique.~Would anyone like me to explain? Anyone?
vox_plr_3_wpck_chicom_0,"A fair price for such hardware. That said, can I get~change?","A fair price for such hardware. That said, can I get~change?"
vox_plr_3_wpck_chicom_1,"Happiness, as defined by someone other than I, is a warm~gun.","Happiness, as defined by someone other than I, is a warm~gun."
vox_plr_3_wpck_chicom_2,"With such a high capacity and rate of fire, I predict a~high number of zombie fatalities.","With such a high capacity and rate of fire, I predict a~high number of zombie fatalities."
vox_plr_3_wpck_dsr50_0,"Fortune smiles on me. Not literally, as fortune has no~face.","Fortune smiles on me. Not literally, as fortune has no~face."
vox_plr_3_wpck_dsr50_1,DSR 50. It's like the box knew my innermost desire.,DSR 50. It's like the box knew my innermost desire.
vox_plr_3_wpck_dsr50_2,"Hmm, originally a sniper rifle, but modified for larger~rounds. Ooh, and a hydraulic recoil buffer. Bravo, say|aye.","Hmm, originally a sniper rifle, but modified for larger~rounds. Ooh, and a hydraulic recoil buffer. Bravo, say|aye."
vox_plr_3_wpck_duel57_0,It's like two for the price of one.,It's like two for the price of one.
vox_plr_3_wpck_duel57_1,"Oh, I suspect the box wishes to test my ability to~multitask. Fear not! Not only can I dual wield, I am also|chewing gum and walking.","Oh, I suspect the box wishes to test my ability to~multitask. Fear not! Not only can I dual wield, I am also|chewing gum and walking."
vox_plr_3_wpck_duel57_2,5-7 times 2. 5-7 times 2. Is there significance in this~simple equation?,5-7 times 2. 5-7 times 2. Is there significance in this~simple equation?
vox_plr_3_wpck_emp_0,"Should we find ourselves drawn into a cyber war, this will~no doubt prove its worth.","Should we find ourselves drawn into a cyber war, this will~no doubt prove its worth."
vox_plr_3_wpck_emp_1,"EMP, a device so versatile its effectiveness frequently~appears contradictory.","EMP, a device so versatile its effectiveness frequently~appears contradictory."
vox_plr_3_wpck_emp_2,"Were it not for my, dare I admit, somewhat limited~throwing skills, this would be a good weapon.","Were it not for my, dare I admit, somewhat limited~throwing skills, this would be a good weapon."
vox_plr_3_wpck_fal_0,"I would verbalize my disappointment, but I fear the air~would turn blue from such profanity.","I would verbalize my disappointment, but I fear the air~would turn blue from such profanity."
vox_plr_3_wpck_fal_1,Only the addition of suction cups could render this weapon~less effective.,Only the addition of suction cups could render this weapon~less effective.
vox_plr_3_wpck_fal_2,Such a feeble weapon has no place in this array of~armaments.,Such a feeble weapon has no place in this array of~armaments.
vox_plr_3_wpck_favorite_0,"Ah, randomness be damned! I will take matters into my own~hands.","Ah, randomness be damned! I will take matters into my own~hands."
vox_plr_3_wpck_favorite_1,"Ooh, I am truly blessed! Apart from my life being unending~misery.","Ooh, I am truly blessed! Apart from my life being unending~misery."
vox_plr_3_wpck_favorite_2,This transaction is transparent. A fair price for a fair~product.,This transaction is transparent. A fair price for a fair~product.
vox_plr_3_wpck_galil_0,"This is more like it, where it is greater than or equal to~awesome.","This is more like it, where it is greater than or equal to~awesome."
vox_plr_3_wpck_galil_1,I confidently predict an increase in zombie killing of at~least 20%.,I confidently predict an increase in zombie killing of at~least 20%.
vox_plr_3_wpck_galil_2,"Why would Lil's sexuality be of interest to me? Oh, wait,~I read that wrong.","Why would Lil's sexuality be of interest to me? Oh, wait,~I read that wrong."
vox_plr_3_wpck_hamr_0,I feel strangely compelled to mention this device in~relation to time. Why is that?,I feel strangely compelled to mention this device in~relation to time. Why is that?
vox_plr_3_wpck_hamr_1,The power of this weapon cannot be underestimated! At~least not by me.,The power of this weapon cannot be underestimated! At~least not by me.
vox_plr_3_wpck_hamr_2,People do tend to listen more when you have a big gun.,People do tend to listen more when you have a big gun.
vox_plr_3_wpck_judge_0,This really puts the B in subtle.,This really puts the B in subtle.
vox_plr_3_wpck_judge_1,The Executioner. I suspect whoever named this thing was~compensating for something.,The Executioner. I suspect whoever named this thing was~compensating for something.
vox_plr_3_wpck_judge_2,"Hey, Samuel! I think I got your genital deficiency~compensation device!","Hey, Samuel! I think I got your genital deficiency~compensation device!"
vox_plr_3_wpck_kap_0,I have so much more than book smarts. I also have this~crappy weapon.,I have so much more than book smarts. I also have this~crappy weapon.
vox_plr_3_wpck_kap_1,"The naming of this cap appears deficient in terms of the~letter R, deficient to the tune of 1.","The naming of this cap appears deficient in terms of the~letter R, deficient to the tune of 1."
vox_plr_3_wpck_kap_2,"If the cap fits, wear it. It doesn't fit, it's not a hat,~but it is wearing nonetheless.","If the cap fits, wear it. It doesn't fit, it's not a hat,~but it is wearing nonetheless."
vox_plr_3_wpck_knife_0,The pen is mightier than the sword. This appears to be a~hybrid of each.,The pen is mightier than the sword. This appears to be a~hybrid of each.
vox_plr_3_wpck_knife_1,"Knives do not appeal to me. However, the projectile~properties of this one will allow me to maintain my|distance.","Knives do not appeal to me. However, the projectile~properties of this one will allow me to maintain my|distance."
vox_plr_3_wpck_knife_2,I myself will go ballistic should this bad fortune~continue.,I myself will go ballistic should this bad fortune~continue.
vox_plr_3_wpck_lsat_0,A revolution in its time. Among the lightest weapons in~its class. I heartily approve!,A revolution in its time. Among the lightest weapons in~its class. I heartily approve!
vox_plr_3_wpck_lsat_1,600 RPM? Sometimes I am humbled by such fine engineering.,600 RPM? Sometimes I am humbled by such fine engineering.
vox_plr_3_wpck_lsat_2,"Gas, piston, push through, feed, and injection. Beautiful.","Gas, piston, push through, feed, and injection. Beautiful."
vox_plr_3_wpck_m1216_0,"Oh, Misty, I wish you could share that which I hold in my~hand. The shotgun!","Oh, Misty, I wish you could share that which I hold in my~hand. The shotgun!"
vox_plr_3_wpck_m1216_1,"It is a common misconception that shotguns are more~effective when the barrel is sawn off. I would explain,|but time is short.","It is a common misconception that shotguns are more~effective when the barrel is sawn off. I would explain,|but time is short."
vox_plr_3_wpck_m1216_2,"Though named after a seating position relative to a~vehicle's driver, this weapon sure packs a punch.","Though named after a seating position relative to a~vehicle's driver, this weapon sure packs a punch."
vox_plr_3_wpck_m32_0,"Given my admittedly limp throwing abilities, I welcome~this more effective means of explosive propulsion.","Given my admittedly limp throwing abilities, I welcome~this more effective means of explosive propulsion."
vox_plr_3_wpck_m32_1,"I derive no pleasure from denying Russman of his favorite~firearm. Well, maybe a lot.","I derive no pleasure from denying Russman of his favorite~firearm. Well, maybe a lot."
vox_plr_3_wpck_m32_2,Perhaps the universe wishes to test my mettle by~preventing me from adequately defending myself.,Perhaps the universe wishes to test my mettle by~preventing me from adequately defending myself.
vox_plr_3_wpck_m82a1_0,"In my humble opinion, the recoil-operated rotating bolt~mechanism of this rifle has yet to be bettered.","In my humble opinion, the recoil-operated rotating bolt~mechanism of this rifle has yet to be bettered."
vox_plr_3_wpck_m82a1_1,"If memory serves, which it always does, the maximum~effective range is approximately 2,000 yards.","If memory serves, which it always does, the maximum~effective range is approximately 2,000 yards."
vox_plr_3_wpck_m82a1_2,"First manufactured towards the end of the 20th century,~but a fine piece of weaponry by any measure.","First manufactured towards the end of the 20th century,~but a fine piece of weaponry by any measure."
vox_plr_3_wpck_m8a1_0,"Ah, I would thank you, Box, but your supposed sentience~has not yet been ascertained.","Ah, I would thank you, Box, but your supposed sentience~has not yet been ascertained."
vox_plr_3_wpck_m8a1_1,"With great power comes responsibility. Sadly, the inverse~is not true.","With great power comes responsibility. Sadly, the inverse~is not true."
vox_plr_3_wpck_m8a1_2,Did I receive such a gift in error?,Did I receive such a gift in error?
vox_plr_3_wpck_monkey_0,Tis said that music soothes the savage beast. I myself~remain unconvinced.,Tis said that music soothes the savage beast. I myself~remain unconvinced.
vox_plr_3_wpck_monkey_1,"Well, the existence of this device only adds to my~suspicion that logic has little bearing in this realm.","Well, the existence of this device only adds to my~suspicion that logic has little bearing in this realm."
vox_plr_3_wpck_monkey_2,"Ah, cuteness combined with destructive power is as ironic~as rain on your wedding day. Not ironic at all.","Ah, cuteness combined with destructive power is as ironic~as rain on your wedding day. Not ironic at all."
vox_plr_3_wpck_pdw57_0,"Though technically a personal defense weapon, this is~barely distinguishable from a conventional submachine gun.","Though technically a personal defense weapon, this is~barely distinguishable from a conventional submachine gun."
vox_plr_3_wpck_pdw57_1,A horizontally mounted feed? How interesting.,A horizontally mounted feed? How interesting.
vox_plr_3_wpck_pdw57_2,"I must point out that the unusually small ammunition~diameter is, in fact, what facilitates the high capacity|magazine.","I must point out that the unusually small ammunition~diameter is, in fact, what facilitates the high capacity|magazine."
vox_plr_3_wpck_python_0,"Ooh, a python. Is it wrong to now consider myself a~proficient snake charmer?","Ooh, a python. Is it wrong to now consider myself a~proficient snake charmer?"
vox_plr_3_wpck_python_1,Many weapon experts consider this to be the finest~production revolver ever made. I count myself among them.,Many weapon experts consider this to be the finest~production revolver ever made. I count myself among them.
vox_plr_3_wpck_python_2,"I need to keep a firm grasp when it goes off. Don't even~think it, Russman!","I need to keep a firm grasp when it goes off. Don't even~think it, Russman!"
vox_plr_3_wpck_ray_0,I can relive my childhood dreams of intergalactic heroism.~I am Flash Rogers!,I can relive my childhood dreams of intergalactic heroism.~I am Flash Rogers!
vox_plr_3_wpck_ray_1,Its power belies its diminutive dimensions.,Its power belies its diminutive dimensions.
vox_plr_3_wpck_ray_2,One day I will analyze the functionality of this device. I~suspect it may have applications beyond simple execution.,One day I will analyze the functionality of this device. I~suspect it may have applications beyond simple execution.
vox_plr_3_wpck_rpd_0,The merits of quantity and quality seem somewhat moot when~you have quality of quantity.,The merits of quantity and quality seem somewhat moot when~you have quality of quantity.
vox_plr_3_wpck_rpd_1,"In many ways, the RPD was the precursor to pretty much~every other squad automatic weapon.","In many ways, the RPD was the precursor to pretty much~every other squad automatic weapon."
vox_plr_3_wpck_rpd_2,"Ah, it is fortuitous that this high-capacity magazine is~not prone to jamming, unlike some weapons I could mention.","Ah, it is fortuitous that this high-capacity magazine is~not prone to jamming, unlike some weapons I could mention."
vox_plr_3_wpck_rpg_0,"This is crude, loud, and dumb. Russman?","This is crude, loud, and dumb. Russman?"
vox_plr_3_wpck_rpg_1,I'd wager that some among us couldn't even spell RPG.,I'd wager that some among us couldn't even spell RPG.
vox_plr_3_wpck_rpg_2,"Oh great, another potential way to hurt myself.","Oh great, another potential way to hurt myself."
vox_plr_3_wpck_saiga12_0,This would make a great gift for Misty. Or me.,This would make a great gift for Misty. Or me.
vox_plr_3_wpck_saiga12_1,"Hmm, very much in the mold of the Russian classics. I can~see why Misty appreciates its reliability.","Hmm, very much in the mold of the Russian classics. I can~see why Misty appreciates its reliability."
vox_plr_3_wpck_saiga12_2,"Ooh, hey, hey, hey, Misty, Misty. It's interesting that~the Saiga-12 extractor does not actually rotate, but|rather delegates the bolt locking function to a lug~located directly behind the bolt face. Misty?","Ooh, hey, hey, hey, Misty, Misty. It's interesting that~the Saiga-12 extractor does not actually rotate, but|rather delegates the bolt locking function to a lug~located directly behind the bolt face. Misty?"
vox_plr_3_wpck_sidr_0,Naming such an ineffective weapon after an animal noted~for its teeth seems somewhat erroneous.,Naming such an ineffective weapon after an animal noted~for its teeth seems somewhat erroneous.
vox_plr_3_wpck_sidr_1,"Uh, I would choose this only if nothing else was~available. And I hated myself.","Uh, I would choose this only if nothing else was~available. And I hated myself."
vox_plr_3_wpck_sidr_2,I will not win any prizes with this. Not that prizes are~commonplace.,I will not win any prizes with this. Not that prizes are~commonplace.
vox_plr_3_wpck_svuas_0,"Um, when a sniper rifle can absorb 40% of recoil energy,~you don't ask why, you just say thanks.","Um, when a sniper rifle can absorb 40% of recoil energy,~you don't ask why, you just say thanks."
vox_plr_3_wpck_svuas_1,Gas operated? Sounds like Stuhlinger.,Gas operated? Sounds like Stuhlinger.
vox_plr_3_wpck_svuas_2,It is unusual to find a sniper rifle with such a~capacitous magazine.,It is unusual to find a sniper rifle with such a~capacitous magazine.
vox_plr_3_wpck_type25_0,Blessed are the meek! And they don't come much meeker than~me.,Blessed are the meek! And they don't come much meeker than~me.
vox_plr_3_wpck_type25_1,"Type 25. You're my type, all right. Full auto, high~capacity, and goes like a coal-burning freight train.","Type 25. You're my type, all right. Full auto, high~capacity, and goes like a coal-burning freight train."
vox_plr_3_wpck_type25_2,"High fire rate, low recoil. It's like a melodic sequence~of notes to my ears.","High fire rate, low recoil. It's like a melodic sequence~of notes to my ears."
vox_plr_3_wpck_x95l_0,"Ah, few things in this world are as perfectly precision~built. Besides Misty, that is.","Ah, few things in this world are as perfectly precision~built. Besides Misty, that is."
vox_plr_3_wpck_x95l_1,"Now, this is interesting. 5.56mm compact carbine assault~rifle with a 380mm barrel.","Now, this is interesting. 5.56mm compact carbine assault~rifle with a 380mm barrel."
vox_plr_3_wpck_x95l_2,"Consider me impressed, box. That in itself is an~achievement.","Consider me impressed, box. That in itself is an~achievement."
