alias,mature,safe,range
vox_plr_0_1st_staff_found_0,"Sounds like we got ourselves a plan. Hang in there, little~girl.","Sounds like we got ourselves a plan. Hang in there, little~girl.",1600
vox_plr_0_4th_staff_crafted_0,"Okay, little girl, we made the staffs. Where's this~Agartha Gateway thing you were talking so much about?","Okay, little girl, we made the staffs. Where's this~Agartha Gateway thing you were talking so much about?",1600
vox_plr_0_4th_staff_crafted_1,"Well, guess we're on our own from here on out.","Well, guess we're on our own from here on out.",1600
vox_plr_0_activate_generic_0,"Well, let's fire this up.","Well, let's fire this up.",1600
vox_plr_0_activate_generic_1,We need to get this operational.,We need to get this operational.,1600
vox_plr_0_activate_generic_2,We'll see if this works.,We'll see if this works.,1600
vox_plr_0_air_chute_landing_0,"Ugh, at least I'm still in one piece.","Ugh, at least I'm still in one piece.",1600
vox_plr_0_ammo_low_0,I'm almost out!,I'm almost out!,1600
vox_plr_0_ammo_low_1,Running real low on ammo here.,Running real low on ammo here.,1600
vox_plr_0_ammo_low_2,I'm down to my last few rounds.,I'm down to my last few rounds.,1600
vox_plr_0_ammo_low_3,Haven't got many shells left!,Haven't got many shells left!,1600
vox_plr_0_ammo_low_4,I need ammo here!,I need ammo here!,1600
vox_plr_0_ammo_out_0,I'm all out.,I'm all out.,1600
vox_plr_0_ammo_out_1,Haven't got a single slug!,Haven't got a single slug!,1600
vox_plr_0_ammo_out_2,I can't do shit without ammo!,Can't do much without ammo!,1600
vox_plr_0_ammo_out_3,"Ah, fuck, gun's empty!",Nuts! Guns empty!,1600
vox_plr_0_ammo_out_4,No ammo! That's all I need!,No ammo! That's all I need!,1600
vox_plr_0_box_move_0,"Hey, where are you running off to?","Hey, where are you running off to?",1600
vox_plr_0_box_move_1,Now you leave? Couldn't you have waited till the German~took his turn?,Now you leave? Couldn't you have waited till the German~took his turn?,1600
vox_plr_0_box_move_2,You gotta be fucking shitting me!,"Oh, you gotta be kidding me!",1600
vox_plr_0_box_move_3,Looks like I need to hunt you down all over again.,Looks like I need to hunt you down all over again.,1600
vox_plr_0_box_move_4,Wait till I report all this. Command's gonna think I'm~suffering from shell shock or something.,Wait till I report all this. Command's gonna think I'm~suffering from shell shock or something.,1600
vox_plr_0_build_dd_final_0,Is this thing really gonna fly?,Is this thing really gonna fly?,1600
vox_plr_0_build_dd_final_1,Wonder how many other things like this the Germans have~got hidden up their sleeves.,Wonder how many other things like this the Germans have~got hidden up their sleeves.,1600
vox_plr_0_build_dd_final_2,I think that should do it.,I think that should do it.,1600
vox_plr_0_build_dd_pickup_0,So the German thinks this is part of some kind of flying~machine?,So the German thinks this is part of some kind of flying~machine?,1600
vox_plr_0_build_dd_pickup_1,Maybe it is part of some other crazy weapon.,Maybe it is part of some other crazy weapon.,1600
vox_plr_0_build_dd_pickup_2,"I better take it, just in case the Germans tell him the~truth.","I better take it, just in case the Germans tell him the~truth.",1600
vox_plr_0_build_dd_take_0,"Ha, we'll all be damned. The German was telling the truth.","Well, I'll be. The German was telling the truth.",1600
vox_plr_0_build_zs_final_0,Looks like this is just about done.,Looks like this is just about done.,1600
vox_plr_0_build_zs_final_1,"Once I add this part, we'll have ourselves something~useful.","Once I add this part, we'll have ourselves something~useful.",1600
vox_plr_0_build_zs_pickup_0,I might be able to find a good use for this.,I might be able to find a good use for this.,1600
vox_plr_0_build_zs_pickup_1,I'm gonna have to find somewhere to put these pieces~together.,I'm gonna have to find somewhere to put these pieces~together.,1600
vox_plr_0_build_zs_pickup_2,I think this'll come in handy.,I think this'll come in handy.,1600
vox_plr_0_build_zs_take_2,"Okay, this shield will help keep those freaks off my back.","Okay, this shield will help keep those freaks off my back.",1600
vox_plr_0_buy_tank_0,Let's get this thing moving!,Let's get this thing moving!,1600
vox_plr_0_capture_zombies_0,These bastards are appearing out of thin air!,These freaks are appearing out of thin air!,1600
vox_plr_0_capture_zombies_1,Watch your backs! They're all over us!,Watch your backs! They're all over us!,1600
vox_plr_0_capture_zombies_2,Watch the light! Watch the light!,Watch the light! Watch the light!,1600
vox_plr_0_capture_zones_0,"Richtofen, it's another of your crazy machines?","Richtofen, it's another of your crazy machines?",1600
vox_plr_0_confusion_generic_0,I don't understand.,I don't understand.,1600
vox_plr_0_confusion_generic_1,This doesn't make sense.,This doesn't make sense.,1600
vox_plr_0_confusion_generic_2,We need to figure this out!,We need to figure this out!,1600
vox_plr_0_cool_tank_0,Tank ain't moving anytime soon.,Tank ain't moving anytime soon.,1600
vox_plr_0_cool_tank_1,Looks like we gotta let it cool down.,Looks like we gotta let it cool down.,1600
vox_plr_0_cool_tank_2,Engine's overheated. We gotta wait it out.,Engine's overheated. We gotta wait it out.,1600
vox_plr_0_crawler_attack_0,Still got some fight in you!,Still got some fight in you!,1600
vox_plr_0_crawler_attack_1,"Losing your legs didn't kill your appetite, huh?","Losing your legs didn't kill your appetite, huh?",1600
vox_plr_0_crawler_attack_2,Can't you just crawl away and die?,Can't you just crawl away and die?,1600
vox_plr_0_crawler_attack_3,You still hungry?,You still hungry?,1600
vox_plr_0_crawler_kill_0,I got tired of your squealing.,I got tired of your squealing.,1600
vox_plr_0_crawler_kill_1,Had to put that thing out of its misery.,Had to put that thing out of its misery.,1600
vox_plr_0_crawler_kill_2,"Say goodnight, you rotten little puss bucket.","Say goodnight, you rotten little puss bucket.",1600
vox_plr_0_crawler_kill_3,I almost forgot about you!,I almost forgot about you!,1600
vox_plr_0_crawler_start_0,How is that little runt still alive?,How is that little runt still alive?,1600
vox_plr_0_crawler_start_1,"These freaks don't know how to take a hint, do they?","These freaks don't know how to take a hint, do they?",1600
vox_plr_0_crawler_start_2,Shouldn't you be dead by now?,Shouldn't you be dead by now?,1600
vox_plr_0_crawler_start_3,I'll deal with the rest of you later.,I'll deal with the rest of you later.,1600
vox_plr_0_dig_cash_0,We'll call this payment for services rendered.,We'll call this payment for services rendered.,1600
vox_plr_0_dig_grenade_0,Fire in the hole!,Fire in the hole!,1600
vox_plr_0_dig_gun_0,"Well, I'll be. Just found myself another gun.","Well, I'll be. Just found myself another gun.",1600
vox_plr_0_dig_powerup_0,"Haha, that dug us up some good luck.","Haha, that dug us up some good luck.",1600
vox_plr_0_dig_staff_part_0,It's a part of some kind of staff.,It's a part of some kind of staff.,1600
vox_plr_0_dig_zombie_0,SHIT!,You gotta be kidding me!,1600
vox_plr_0_discover_dig_site_0,The Mound. That's where you first saw them?,The Mound. That's where you first saw them?,1600
vox_plr_0_discover_mech_0,"Ah, shit. You never warned us they were armor, Richtofen!","Hey, you never warned us they wore armor, Richtofen!",1600
vox_plr_0_discover_robot_0,One of those robots nearly crushed us! First time I've had~a clear look at it. Holy shit.,One of those robots nearly crushed us! First time I've had~a clear look at it. Holy smokes.,1600
vox_plr_0_discover_tank_0,Got ourselves some transport if we need it. Tank up ahead.,Got ourselves some transport if we need it. Tank up ahead.,1600
vox_plr_0_discover_wall_buy_0,You gotta be kidding me. How does that work?,You gotta be kidding me. How does that work?,1600
vox_plr_0_during_round_1_0,Shoot him in the head. That seems to work.,Shoot him in the head. That seems to work.,1600
vox_plr_0_earn_acheivement_0,There's some significance to that?,There's some significance to that?,1600
vox_plr_0_earn_acheivement_1,Give it to someone else. I got enough medals already.,Give it to someone else. I got enough medals already.,1600
vox_plr_0_end_round_1_1_0,"Okay, Doctor, you wanna tell us just what your people have~been doing here?","Okay, Doctor, you wanna tell us just what your people have~been doing here?",1600
vox_plr_0_end_round_1_5_0,"Target area appears affected by an unknown contaminant.~Enemy personnel have degenerated to their primal|instincts, exhibiting irrational and unparalleled~savagery.","Target area appears affected by an unknown contaminant.~Enemy personnel have degenerated to their primal|instincts, exhibiting irrational and unparalleled~savagery.",1600
vox_plr_0_end_round_1_6_1,Recommend all allied units set up exclusion zone until~further intel is available.,Recommend all allied units set up exclusion zone until~further intel is available.,1600
vox_plr_0_end_round_2_1_0,Uncovered further evidence of large-scale mechanization of~German forces. Attempts to gather intel being hampered by|the infected enemy.,Uncovered further evidence of large-scale mechanization of~German forces. Attempts to gather intel being hampered by|the infected enemy.,1600
vox_plr_0_enter_robot_0,I think we're inside the robot's head.,I think we're inside the robot's head.,1600
vox_plr_0_enter_robot_1,Guess this has been running on autopilot ever since the~crew were killed.,Guess this has been running on autopilot ever since the~crew were killed.,1600
vox_plr_0_exit_robot_0,AHHHH!,AHHHH!,1600
vox_plr_0_exit_tank_0,I am out of here.,I am out of here.,1600
vox_plr_0_exit_tank_1,That's enough of that!,That's enough of that!,1600
vox_plr_0_exit_tank_2,I'm through riding around.,I'm through riding around.,1600
vox_plr_0_find_secret_0,Where's that music coming from?,Where's that music coming from?,1600
vox_plr_0_game_start_0,"Field Report. Confirming arrival at site identified in our~intel. No sign of the target, nor the other agents|believed to be on intercept course. Dempsey out.","Field Report. Confirming arrival at site identified in our~intel. No sign of the target, nor the other agents|believed to be on intercept course. Dempsey out.",1600
vox_plr_0_game_start_meet_2_0,"You're Doctor Richtofen, right? I'm taking you out of~here.","You're Doctor Richtofen, right? I'm taking you out of~here.",1600
vox_plr_0_generator_find_0,"If powering up these conversion generators means we stand~a better chance of survival, then I'm with a German.","If powering up these conversion generators means we stand~a better chance of survival, then I'm with a German.",1600
vox_plr_0_generic_chastise_0,I ain't sure that girl's right in the head. She really~gets mad if she doesn't get her way.,I ain't sure that girl's right in the head. She really~gets mad if she doesn't get her way.,1600
vox_plr_0_generic_chastise_1,"We kinda got a lot going on down here, little girl.","We kinda got a lot going on down here, little girl.",1600
vox_plr_0_generic_chastise_2,Be a whole lot easier if we knew exactly what to do.,Be a whole lot easier if we knew exactly what to do.,1600
vox_plr_0_generic_chastise_3,"You should show a bit more gratitude. I'm risking my life~for you, little girl.","You should show a bit more gratitude. I'm risking my life~for you, little girl.",1600
vox_plr_0_generic_encourage_0,"I'm working on it, little girl.","I'm working on it, little girl.",1600
vox_plr_0_generic_encourage_1,"Hang in there, we'll get this damn gateway open.",Hang in there. We'll get this gateway open.,1600
vox_plr_0_generic_encourage_2,Sounds like we got a long way to go.,Sounds like we got a long way to go.,1600
vox_plr_0_generic_wall_buy_0,Just give me one of these.,Just give me one of these.,1600
vox_plr_0_generic_wall_buy_1,"Don't make no sense, but I'll take it.","Don't make no sense, but I'll take it.",1600
vox_plr_0_generic_wall_buy_2,"I'll take one of these, thanks.","I'll take one of these, thanks.",1600
vox_plr_0_generic_wall_buy_3,This'll do me just fine.,This'll do me just fine.,1600
vox_plr_0_generic_wall_buy_4,Did Richtofen make these? Or is this something to do with~a girl?,Did Richtofen make these? Or is this something to do with~a girl?,1600
vox_plr_0_get_beacon_0,"Looks like some kind of beacon. Question is, what for?","Looks like some kind of beacon. Question is, what for?",1600
vox_plr_0_head_rspnd_to_plr_1_neg_0,Nikolai just got a lucky shot off.,Nikolai just got a lucky shot off.,1600
vox_plr_0_head_rspnd_to_plr_1_neg_1,"You sure you're aiming for him, Nikolai?","You sure you're aiming for him, Nikolai?",1600
vox_plr_0_head_rspnd_to_plr_1_neg_2,"Hey Russian, how'd you pull that one off?","Hey Russian, how'd you pull that one off?",1600
vox_plr_0_head_rspnd_to_plr_1_neg_3,"Haha, that must have been an extra dumb freak sack.","Haha, that must have been an extra dumb freak sack.",1600
vox_plr_0_head_rspnd_to_plr_1_neg_4,"Why don't you do that every time, Russian?","Why don't you do that every time, Russian?",1600
vox_plr_0_head_rspnd_to_plr_1_pos_0,"Keep it up, Nikolai!","Keep it up, Nikolai!",1600
vox_plr_0_head_rspnd_to_plr_1_pos_1,"The Motherland would be proud, Nikolai!","The Motherland would be proud, Nikolai!",1600
vox_plr_0_head_rspnd_to_plr_1_pos_2,"You nailed him good, Nikolai!","You nailed him good, Nikolai!",1600
vox_plr_0_head_rspnd_to_plr_1_pos_3,Nikolai's kicking ass right now!,Nikolai's kicking butt right now!,1600
vox_plr_0_head_rspnd_to_plr_1_pos_4,You maggot sacks better stay back! Nikolai is bringing the~heat!,You maggot sacks better stay back! Nikolai is bringing the~heat!,1600
vox_plr_0_head_rspnd_to_plr_2_neg_0,"Aren't you supposed to be a doctor, Richtofen?","Aren't you supposed to be a doctor, Richtofen?",1600
vox_plr_0_head_rspnd_to_plr_2_neg_1,Maybe you should offer to sew up the wound.,Maybe you should offer to sew up the wound.,1600
vox_plr_0_head_rspnd_to_plr_2_neg_2,"What's the diagnosis, Doc? Lucky shot?","What's the diagnosis, Doc? Lucky shot?",1600
vox_plr_0_head_rspnd_to_plr_2_neg_3,I ain't sure where you were aiming.,I ain't sure where you were aiming.,1600
vox_plr_0_head_rspnd_to_plr_2_neg_4,"More brain experiments, German?","More brain experiments, German?",1600
vox_plr_0_head_rspnd_to_plr_2_pos_0,Guess Richtofen can hold his own in a firefight.,Guess Richtofen can hold his own in a firefight.,1600
vox_plr_0_head_rspnd_to_plr_2_pos_1,"Glad we're on the same side, Richtofen. At least till this~shit's over.","Glad we're on the same side, Richtofen. At least till this~is over.",1600
vox_plr_0_head_rspnd_to_plr_2_pos_2,"You're a cold-hearted son of a bitch, Richtofen. I'm~starting to like you.","You're a cold-hearted man, Richtofen. I'm starting to like~you.",1600
vox_plr_0_head_rspnd_to_plr_2_pos_3,"Hey, Richtofen, just keep doing what you're doing.","Hey, Richtofen, just keep doing what you're doing.",1600
vox_plr_0_head_rspnd_to_plr_2_pos_4,"Nice headshot, Richtofen.","Nice headshot, Richtofen.",1600
vox_plr_0_head_rspnd_to_plr_3_neg_0,"How about you do that a little more often, Takeo?","How about you do that a little more often, Takeo?",1600
vox_plr_0_head_rspnd_to_plr_3_neg_1,Not often Takeo bags himself a headshot.,Not often Takeo bags himself a headshot.,1600
vox_plr_0_head_rspnd_to_plr_3_neg_2,"Shit, Takeo, that maggot sack must have wanted to die!","Wow Takeo, that maggot sack must have wanted to die.",1600
vox_plr_0_head_rspnd_to_plr_3_neg_3,You really do that Takeo?,You really do that Takeo?,1600
vox_plr_0_head_rspnd_to_plr_3_neg_4,"A single headshot ain't much to crow about, Takeo.","A single headshot ain't much to crow about, Takeo.",1600
vox_plr_0_head_rspnd_to_plr_3_pos_0,Tack's looking more like a real samurai every minute.,Tack's looking more like a real samurai every minute.,1600
vox_plr_0_head_rspnd_to_plr_3_pos_1,"You're a hell of a good shot, Takeo!","You're a good shot, Takeo.",1600
vox_plr_0_head_rspnd_to_plr_3_pos_2,"He didn't know what hit him, Tack!","He didn't know what hit him, Tack!",1600
vox_plr_0_head_rspnd_to_plr_3_pos_3,"Nice one, Tech! That's the way of the warrior right there!","Nice one, Tech! That's the way of the warrior right there!",1600
vox_plr_0_head_rspnd_to_plr_3_pos_4,Takeo doesn't even miss using his sword.,Takeo doesn't even miss using his sword.,1600
vox_plr_0_heal_revived_0,We need all the men we've got.,We need all the men we've got.,1600
vox_plr_0_heal_revived_1,Quit slacking! We still got a fight on our hands!,Quit slacking! We still got a fight on our hands!,1600
vox_plr_0_heal_revived_2,I gotcha.,I gotcha.,1600
vox_plr_0_heal_revived_3,What's the matter? Your courage desert you?,What's the matter? Your courage desert you?,1600
vox_plr_0_heal_revived_4,I need you back in the fight.,I need you back in the fight.,1600
vox_plr_0_heal_revived_neg_0,Try not to make so many mistakes.,Try not to make so many mistakes.,1600
vox_plr_0_heal_revived_neg_1,"I'm keeping you around. If things get any worse, I'll use~you as bait.","I'm keeping you around. If things get any worse, I'll use~you as bait.",1600
vox_plr_0_heal_revived_pos_0,You're too good in combat to just let you die.,You're too good in combat to just let you die.,1600
vox_plr_0_heal_revived_pos_1,I ain't gonna leave you. Not when you're kicking so much~ass.,I ain't gonna leave you. Not when you're kicking so much~butt.,1600
vox_plr_0_hear_samantha_1_0,What the... Did anyone just hear a little girl?,What the... Did anyone just hear a little girl?,1600
vox_plr_0_hear_samantha_2_0,There she is again. Can you hear me little girl? Where are~you?,There she is again. Can you hear me little girl? Where are~you?,1600
vox_plr_0_hear_samantha_3_0,I don't suppose you remember what he did. Kinda in the~dark here.,I don't suppose you remember what he did. Kinda in the~dark here.,1600
vox_plr_0_heroes_confer_0,"What do you know about the girl, Richtofen? Is she trapped~somewhere on this site?","What do you know about the girl, Richtofen? Is she trapped~somewhere on this site?",1600
vox_plr_0_kill_close_0,"Stay the fuck away, freak!","Stay back, freak!",1600
vox_plr_0_kill_close_1,Eat it.,Eat it.,1600
vox_plr_0_kill_close_2,Get out of my fucking way!,Get out of my way!,1600
vox_plr_0_kill_close_3,You think you can take me?,You think you can take me?,1600
vox_plr_0_kill_close_4,Don't start fights you can't win.,Don't start fights you can't win.,1600
vox_plr_0_kill_close_5,Your eating days are over.,Your eating days are over.,1600
vox_plr_0_kill_damaged_0,You don't get to walk away.,You don't get to walk away.,1600
vox_plr_0_kill_damaged_1,I'm not in the mood for this shit.,I'm not in the mood for this.,1600
vox_plr_0_kill_damaged_2,You crossed a line.,You crossed a line.,1600
vox_plr_0_kill_damaged_3,Your first mistake was touching me. Your second was~sticking around.,Your first mistake was touching me. Your second was~sticking around.,1600
vox_plr_0_kill_damaged_4,Do you think this was gonna go any other way?,Do you think this was gonna go any other way?,1600
vox_plr_0_kill_damaged_5,I'm through talking to you.,I'm through talking to you.,1600
vox_plr_0_kill_drone_0,Appreciate the help!,Appreciate the help!,1600
vox_plr_0_kill_drone_1,Nice shooting!,Nice shooting!,1600
vox_plr_0_kill_drone_2,It's a few less freaks for me to deal with.,It's a few less freaks for me to deal with.,1600
vox_plr_0_kill_explo_0,That'll do it.,That'll do it.,1600
vox_plr_0_kill_explo_1,"Burn, you sons of bitches!","Burn, freaks.",1600
vox_plr_0_kill_explo_2,No one's walking away from that blast!,No one's walking away from that blast!,1600
vox_plr_0_kill_explo_3,Get used to the heat cause you're gonna burn in hell.,Get used to the heat!,1600
vox_plr_0_kill_explo_4,I think that explosion took him down for good.,I think that explosion took him down for good.,1600
vox_plr_0_kill_fire_0,"You feeling the heat, you freak bag sons of bitches?","You feeling the heat, you freakbags?",1600
vox_plr_0_kill_fire_1,"Burn, baby, burn!","Burn, baby, burn!",1600
vox_plr_0_kill_fire_2,Come any closer and I'll jab this thing in your freaking~eye!,Come any closer and I'll jab this thing in your freaking~eye!,1600
vox_plr_0_kill_fire_3,You're so hot you're burning up!,You're so hot you're burning up!,1600
vox_plr_0_kill_fire_4,"Anyone asks, tell them Dempsey is packing heat!","Anyone asks, tell them Dempsey is packing heat!",1600
vox_plr_0_kill_fire_upgrade_0,You ain't escaping those flames!,You ain't escaping those flames!,1600
vox_plr_0_kill_fire_upgrade_1,The fires of hell ain't nothing compared to what I'm doing~to you!,A furnace ain't nothing compared to what I'm doing to you!,1600
vox_plr_0_kill_fire_upgrade_2,I'll burn this place to the ground if I have to.,I'll burn this place to the ground if I have to.,1600
vox_plr_0_kill_fire_upgrade_3,"If you play with fire, you're gonna get burned!","If you play with fire, you're gonna get burned!",1600
vox_plr_0_kill_fire_upgrade_4,"You may be hot, but I ain't even breaking a sweat!","You may be hot, but I ain't even breaking a sweat!",1600
vox_plr_0_kill_headshot_0,That's how I get shit done.,That's how I get it done.,1600
vox_plr_0_kill_headshot_1,You can keep the bullet.,You can keep the bullet.,1600
vox_plr_0_kill_headshot_2,Don't fuck with me! I'm a crack shot!,Don't mess with me. I'm a crack shot.,1600
vox_plr_0_kill_headshot_3,"Didn't even know what hit ya, did ya?","Didn't even know what hit ya, did ya?",1600
vox_plr_0_kill_headshot_4,Stay there this time!,Stay there this time!,1600
vox_plr_0_kill_headshot_5,You didn't see that one coming.,You didn't see that one coming.,1600
vox_plr_0_kill_headshot_6,You might as well be fish in a barrel.,You might as well be fish in a barrel.,1600
vox_plr_0_kill_headshot_7,How do you like that?,How do you like that?,1600
vox_plr_0_kill_headshot_8,This shit comes easy to me.,This comes easy to me.,1600
vox_plr_0_kill_ice_0,I'm putting you all on ice!,I'm putting you all on ice!,1600
vox_plr_0_kill_ice_1,Maybe you'll be warmer in hell!,Maybe you'll be warmer in your grave.,1600
vox_plr_0_kill_ice_2,Haha! What's the matter? Feeling a little brittle?,Haha! What's the matter? Feeling a little brittle?,1600
vox_plr_0_kill_ice_3,"Didn't you ever hear the phrase, a cold day in hell?","Didn't you ever hear the phrase, bundle up?",1600
vox_plr_0_kill_ice_4,You want the bad news? You ain't ever gonna thaw out!,You want the bad news? You ain't ever gonna thaw out!,1600
vox_plr_0_kill_ice_upgrade_0,Your next move is to break into a million pieces.,Your next move is to break into a million pieces.,1600
vox_plr_0_kill_ice_upgrade_1,You're just in time for the new Ice Age!,You're just in time for the new Ice Age!,1600
vox_plr_0_kill_ice_upgrade_2,"Pardon the pun, but that was pretty cool.","Pardon the pun, but that was pretty cool.",1600
vox_plr_0_kill_ice_upgrade_3,I can be a cold-hearted son of a bitch when I want to.,I can be a cold-hearted person when I want to.,1600
vox_plr_0_kill_ice_upgrade_4,It's gonna be a long hard winter for you!,It's gonna be a long hard winter for you!,1600
vox_plr_0_kill_insta_0,"Walk it off, freak bag!","Walk it off, freak bag!",1600
vox_plr_0_kill_insta_1,Get the fuck down!,And stay down!,1600
vox_plr_0_kill_insta_2,"Here, nothing. You hear me?","Here, nothing. You hear me?",1600
vox_plr_0_kill_insta_3,You're getting cut!,You're getting cut!,1600
vox_plr_0_kill_insta_4,Almost too easy!,Almost too easy!,1600
vox_plr_0_kill_light_0,I find you guilty as charged!,I find you guilty as charged!,1600
vox_plr_0_kill_light_1,"Get used to it, freaks! Lightning can strike twice!","Get used to it, freaks! Lightning can strike twice!",1600
vox_plr_0_kill_light_2,"When I strike, I strike hard!","When I strike, I strike hard!",1600
vox_plr_0_kill_light_3,I've got my own power source right here!,I've got my own power source right here!,1600
vox_plr_0_kill_light_4,Each and every one of you pusbags is gonna fry!,Each and every one of you pusbags is gonna fry!,1600
vox_plr_0_kill_light_upgrade_0,"Don't worry, maggot bags. I've got more than enough~lightning to go around.","Don't worry, maggot bags. I've got more than enough~lightning to go around.",1600
vox_plr_0_kill_light_upgrade_1,"Batten down the hatches, there's a storm headed your way!","Batten down the hatches, there's a storm headed your way!",1600
vox_plr_0_kill_light_upgrade_2,Die alone or die together. Makes no difference to me.,Die alone or die together. Makes no difference to me.,1600
vox_plr_0_kill_light_upgrade_3,How's it feel being caught in the middle of a chain~reaction?,How's it feel being caught in the middle of a chain~reaction?,1600
vox_plr_0_kill_light_upgrade_4,What did I tell you? Lightning CAN strike twice!,What did I tell you? Lightning CAN strike twice!,1600
vox_plr_0_kill_one_inch_0,Get the fuck away!,Get away!,1600
vox_plr_0_kill_one_inch_1,Pick up your teeth on the way out.,Pick up your teeth on the way out.,1600
vox_plr_0_kill_one_inch_2,You picked on the wrong guy!,You picked on the wrong guy!,1600
vox_plr_0_kill_one_inch_3,Now you know what my fists can do!,Now you know what my fists can do!,1600
vox_plr_0_kill_one_inch_4,"You got knocked out, bitch!",You got knocked out!,1600
vox_plr_0_kill_ray_0,"Keep coming, I'm a crack shot.","Keep coming, I'm a crack shot.",1600
vox_plr_0_kill_ray_1,I'm not gonna trade this one in.,I'm not gonna trade this one in.,1600
vox_plr_0_kill_ray_2,I'm surprised there ain't more recoil on this.,I'm surprised there ain't more recoil on this.,1600
vox_plr_0_kill_ray_3,How'd you think this would go?,How'd you think this would go?,1600
vox_plr_0_kill_ray_4,This may be the best weapon I've ever fired.,This may be the best weapon I've ever fired.,1600
vox_plr_0_kill_ray_5,"Hey German, how'd you come up with this thing?","Hey German, how'd you come up with this thing?",1600
vox_plr_0_kill_raymk2_0,You starting to feel a burning sensation?,You starting to feel a burning sensation?,1600
vox_plr_0_kill_raymk2_1,"You got flash fried, freak bag!","You got flash fried, freak bag!",1600
vox_plr_0_kill_raymk2_2,Bring in the heat!,Bring in the heat!,1600
vox_plr_0_kill_raymk2_3,You freaks ought to call it quits right now!,You freaks ought to call it quits right now!,1600
vox_plr_0_kill_raymk2_4,"Can't walk through three burst fire, can ya?","Can't walk through three burst fire, can ya?",1600
vox_plr_0_kill_streak_0,You freaks! Don't stand a chance!,You freaks! Don't stand a chance!,1600
vox_plr_0_kill_streak_1,"The sooner you all die, the sooner I can get out of here.","The sooner you all die, the sooner I can get out of here.",1600
vox_plr_0_kill_streak_2,"Come on, you sons of bitches!","Come on, punks!",1600
vox_plr_0_kill_streak_3,You're not taking me down. Not today!,You're not taking me down. Not today!,1600
vox_plr_0_kill_streak_4,You freakbags. Picked on the wrong marine.,You freakbags. Picked on the wrong marine.,1600
vox_plr_0_kill_streak_5,You don't seem to understand. I'm trained for this!,You don't seem to understand. I'm trained for this!,1600
vox_plr_0_kill_streak_7,This is one war you're not gonna win.,This is one war you're not gonna win.,1600
vox_plr_0_kill_tank_0,You can't stand the heat! Stay away from the flamethrower!,You can't stand the heat! Stay away from the flamethrower!,1600
vox_plr_0_kill_tank_1,You maggot ridden freaks should have kept your heads down!,You maggot ridden freaks should have kept your heads down!,1600
vox_plr_0_kill_tank_2,You feel something burning? That's our flamethrower!,You feel something burning? That's our flamethrower!,1600
vox_plr_0_kill_wind_0,You having trouble staying on your feet?,You having trouble staying on your feet?,1600
vox_plr_0_kill_wind_1,The Wind Staff will blow you freaks straight into the next~life!,The Wind Staff will blow you freaks straight into the next~life!,1600
vox_plr_0_kill_wind_2,"One way or another, you should have known I was gonna blow~you away!","One way or another, you should have known I was gonna blow~you away!",1600
vox_plr_0_kill_wind_3,You can't weather this storm!,You can't weather this storm!,1600
vox_plr_0_kill_wind_4,"When the wind blows through here, it's gonna take all you~bastards with it!","When the wind blows through here, it's gonna take all you~with it!",1600
vox_plr_0_kill_wind_upgrade_0,That tornado's gonna chew you up and spit you out!,That tornado's gonna chew you up and spit you out!,1600
vox_plr_0_kill_wind_upgrade_1,How's it feel to be in the eye of the storm?,How's it feel to be in the eye of the storm?,1600
vox_plr_0_kill_wind_upgrade_2,There ain't gonna be a break in this storm until I say so!,There ain't gonna be a break in this storm until I say so!,1600
vox_plr_0_kill_wind_upgrade_3,You should have held on to something!,You should have held on to something!,1600
vox_plr_0_kill_wind_upgrade_4,Ain't no storm shelter for you to hide in around here!,Ain't no storm shelter for you to hide in around here!,1600
vox_plr_0_lockdown_generic_0,So I guess we need to make sure the generators are~running.,So I guess we need to make sure the generators are~running.,1600
vox_plr_0_mech_defeated_0,"Finally, son of a bitch is down.","Finally, he's down.",1600
vox_plr_0_mech_defeated_1,That'll do it.,That'll do it.,1600
vox_plr_0_mech_defeated_2,Hope we don't run into too many more of them.,Hope we don't run into too many more of them.,1600
vox_plr_0_mech_defeated_3,"Damn, those freaks put up a hell of a fight when they're~in those suits.",Those freaks put up one tough fight when they're in those~suits.,1600
vox_plr_0_mech_defeated_4,That's it. We got him.,That's it. We got him.,1600
vox_plr_0_miss_tank_0,Where the hell are you going?,Where are you going?,1600
vox_plr_0_miss_tank_1,DAMMIT I'M NOT ON THE TANK!,"Hey, I'm not on the tank!",1600
vox_plr_0_miss_tank_2,HOW'D I GET LEFT BEHIND?!,HOW'D I GET LEFT BEHIND?!,1600
vox_plr_0_multiple_mechs_0,"That tough old bastard's back, and he's not alone!","That tough old thing is back, and he's not alone!",1600
vox_plr_0_multiple_mechs_1,Arm up! We got multiple Rotbots incoming!,Arm up! We got multiple Rotbots incoming!,1600
vox_plr_0_multiple_mechs_2,Guess we pissed him off! He's bringing backup!,Guess who made him angry? He's bringing backup!,1600
vox_plr_0_nomoney_generic_0,Money. What the hell does money have to do with anything?,Money. What does money have to do with anything?,1600
vox_plr_0_nomoney_generic_1,I'm a little light right now.,I'm a little light right now.,1600
vox_plr_0_nomoney_generic_2,"Alright, I'll be back later.","Alright, I'll be back later.",1600
vox_plr_0_nomoney_generic_3,Did the Germans set these prices?,Did the Germans set these prices?,1600
vox_plr_0_nomoney_generic_4,I got diddly.,I got diddly.,1600
vox_plr_0_oh_shit_0,I got a situation here!,I got a situation here!,1600
vox_plr_0_oh_shit_1,There's too many of them! Where the fuck are you guys?,It's too many of them! Where are you guys?,1600
vox_plr_0_oh_shit_2,I'm in a jam here!,I'm in a jam here!,1600
vox_plr_0_oh_shit_3,Got enemies closing in fast!,Got enemies closing in fast!,1600
vox_plr_0_oh_shit_4,How'd I get myself into this mess?,How'd I get myself into this mess?,1600
vox_plr_0_oh_shit_5,Someone better have my back!,Someone better have my back!,1600
vox_plr_0_oh_shit_6,This is not looking good!,This is not looking good!,1600
vox_plr_0_oh_shit_7,I think this was a bit of a tactical miscalculation.,I think this was a bit of a tactical miscalculation.,1600
vox_plr_0_oh_shit_8,You freaks want me! Come get me!,You freaks want me! Come get me!,1600
vox_plr_0_oh_shit_9,You sons of bitches are not taking me down!,You skinsuits are not taking me down!,1600
vox_plr_0_outcome_no_generic_0,I don't think that was right.,I don't think that was right.,1600
vox_plr_0_outcome_no_generic_1,Maybe we need to do something else.,Maybe we need to do something else.,1600
vox_plr_0_outcome_no_generic_2,"Nope, that didn't work.","Nope, that didn't work.",1600
vox_plr_0_outcome_yes_generic_0,What happened?,What happened?,1600
vox_plr_0_outcome_yes_generic_1,Were we supposed to do that?,Were we supposed to do that?,1600
vox_plr_0_outcome_yes_generic_2,Must have done something.,Must have done something.,1600
vox_plr_0_pap_arm_0,This looks special.,This looks special.,1600
vox_plr_0_pap_arm_1,"How can this be? These weapons, it's like they don't~belong here.","How can this be? These weapons, it's like they don't~belong here.",1600
vox_plr_0_pap_arm_2,"Haha, now that's a hell of an upgrade.",Now that's an upgrade.,1600
vox_plr_0_pap_arm_3,Let me go try this out.,Let me go try this out.,1600
vox_plr_0_pap_arm_4,Looks like the German was right.,Looks like the German was right.,1600
vox_plr_0_perk_jugga_0,This work like a flak jacket or something?,This work like a flak jacket or something?,1600
vox_plr_0_perk_mule_0,Don't see how a soda pop can help me carry more weapons.,Don't see how a soda pop can help me carry more weapons.,1600
vox_plr_0_perk_one_inch_0,Now you're gonna see some knockouts.,Now you're gonna see some knockouts.,1600
vox_plr_0_perk_one_inch_1,I got an iron fist right here.,I got an iron fist right here.,1600
vox_plr_0_perk_one_inch_2,"Oh, I'm packing a punch, all right.","Oh, I'm packing a punch, all right.",1600
vox_plr_0_perk_revive_0,"Ugh, damn. I hope it works a whole lot better than it~tastes.",I hope this sauce works a whole lot better than it tastes.,1600
vox_plr_0_perk_speed_0,Can't remember the last time I tasted sugar. My basic~rations are barely edible.,Can't remember the last time I tasted sugar. My basic~rations are barely edible.,1600
vox_plr_0_perk_stamine_0,"Don't feel much stronger. Mind you, I can already run 10~miles with a full kit.","Don't feel much stronger. Mind you, I can already run 10~miles with a full kit.",1600
vox_plr_0_perk_wonder_0,What did that do for me?,What did that do for me?,1600
vox_plr_0_pickup_brain_0,This brain come from the cadaver the German had in his~bunker?,This brain come from the cadaver the German had in his~bunker?,1600
vox_plr_0_pickup_crystal_0,This crystal better be worth the effort it took to get it.,This crystal better be worth the effort it took to get it.,1600
vox_plr_0_pickup_fire_0,"So this is the ancient staff, huh?","So this is the ancient staff, huh?",1600
vox_plr_0_pickup_generic_0,But what do we have here?,But what do we have here?,1600
vox_plr_0_pickup_generic_1,Maybe I should hang on to this.,Maybe I should hang on to this.,1600
vox_plr_0_pickup_generic_2,I might find a use for this.,I might find a use for this.,1600
vox_plr_0_pickup_generic_3,I'll take this. You never know.,I'll take this. You never know.,1600
vox_plr_0_pickup_generic_4,There's gotta be a purpose for this.,There's gotta be a purpose for this.,1600
vox_plr_0_pickup_gramophone_0,This seems a little out of place in a war zone.,This seems a little out of place in a war zone.,1600
vox_plr_0_pickup_ice_0,"Okay, staff, let's see what you can do.","Okay, staff, let's see what you can do.",1600
vox_plr_0_pickup_light_0,Let's see if the Lightning Staff lives up to its promise.,Let's see if the Lightning Staff lives up to its promise.,1600
vox_plr_0_pickup_record_0,There is significance to this recording.,There is significance to this recording.,1600
vox_plr_0_pickup_shovel_0,May as well bring a shovel. This is a dig site after all.,May as well bring a shovel. This is a dig site after all.,1600
vox_plr_0_pickup_staff_part_0,It's part of a staff.,It's part of a staff.,1600
vox_plr_0_pickup_staff_part_1,A fragment of a staff.,A fragment of a staff.,1600
vox_plr_0_pickup_staff_part_2,I found a piece of a staff!,I found a piece of a staff!,1600
vox_plr_0_pickup_wind_0,I'm betting this staff will blow them right off the~horizon.,I'm betting this staff will blow them right off the~horizon.,1600
vox_plr_0_place_gramophone_0,"If the little girl's right, we may need this right here.","If the little girl's right, we may need this right here.",1600
vox_plr_0_powerup_ammo_0,Looks like we all just got loaded up.,Looks like we all just got loaded up.,1600
vox_plr_0_powerup_ammo_1,"Don't ask me how, but it looks like we all just got some~fresh ammunition.","Don't ask me how, but it looks like we all just got some~fresh ammunition.",1600
vox_plr_0_powerup_ammo_2,Let's make these bullets count!,Let's make these bullets count!,1600
vox_plr_0_powerup_firesale_0,Spread out and find the box. This opportunity won't last~forever.,Spread out and find the box. This opportunity won't last~forever.,1600
vox_plr_0_powerup_firesale_1,We got limited time to get ourselves loaded up.,We got limited time to get ourselves loaded up.,1600
vox_plr_0_powerup_firesale_2,We got a break here. Grab as many weapons from the box as~you can.,We got a break here. Grab as many weapons from the box as~you can.,1600
vox_plr_0_powerup_insta_0,You freaks ready for a real fight?,You freaks ready for a real fight?,1600
vox_plr_0_powerup_insta_1,"You behind all these magic potions too, German?","You behind all these magic potions too, German?",1600
vox_plr_0_powerup_insta_2,I feel the red haze coming on. It's like I wanna pick a~fight!,I feel the red haze coming on. It's like I wanna pick a~fight!,1600
vox_plr_0_powerup_nuke_0,What the fuck? Who's dropping bombs?,What the? Who's dropping bombs?,1600
vox_plr_0_powerup_nuke_1,That must have been at least 500 pounds of explosives~right there.,That must have been at least 500 pounds of explosives~right there.,1600
vox_plr_0_powerup_nuke_2,Looks like that blast wiped most of them out.,Looks like that blast wiped most of them out.,1600
vox_plr_0_powerup_zombie_blood_0,It's like camouflage. They don't see you so well.,It's like camouflage. They don't see you so well.,1600
vox_plr_0_powerup_zombie_blood_1,You wanna go unnoticed by your prey? Get their scent all~over you.,You wanna go unnoticed by your prey? Get their scent all~over you.,1600
vox_plr_0_powerup_zombie_blood_2,I got some kind of stink all over me. I think it's making~him back off.,I got some kind of stink all over me. I think it's making~him back off.,1600
vox_plr_0_purge_robot_0,Purge Sequence? What does that mean?,Purge Sequence? What does that mean?,1600
vox_plr_0_rebuild_boards_0,"This'll hold them for, what, 10 seconds?","This'll hold them for, what, 10 seconds?",1600
vox_plr_0_rebuild_boards_1,This won't keep them out for long.,This won't keep them out for long.,1600
vox_plr_0_recapture_initiated_0,Sounds like one of the generators is under attack!,Sounds like one of the generators is under attack!,1600
vox_plr_0_recapture_initiated_1,Freakbags are attacking the generators!,Freakbags are attacking the generators!,1600
vox_plr_0_recapture_prevented_0,Good work holding those sons of bitches back.,Good work holding those freaks back.,1600
vox_plr_0_recapture_prevented_1,Those freakbags fought hard that time. At least we held~the area.,Those freakbags fought hard that time. At least we held~the area.,1600
vox_plr_0_respond_maxis_2_0,How do we get it open?,How do we get it open?,1600
vox_plr_0_revive_player_0,Guess I owe you one.,Guess I owe you one.,1600
vox_plr_0_revive_player_1,Sons of bitches got lucky.,They got lucky.,1600
vox_plr_0_revive_player_2,Now I'm mad.,Now I'm mad.,1600
vox_plr_0_revive_player_3,Nice to know you got my back.,Nice to know you got my back.,1600
vox_plr_0_revive_player_4,"Couldn't make it without me, huh?","Couldn't make it without me, huh?",1600
vox_plr_0_roaming_zombies_0,They're heading for the generators!,They're heading for the generators!,1600
vox_plr_0_roaming_zombies_1,We can't let them capture that generator!,We can't let them capture that generator!,1600
vox_plr_0_robot_crush_golden_0,I think this helmet just saved my life!,I think this helmet just saved my life!,1600
vox_plr_0_robot_crush_mech_0,Ha ha! The robot squashed him into the mud!,Ha ha! The robot squashed him into the mud!,1600
vox_plr_0_robot_crush_player_0,I'm down! Robot's foot almost finished me off!,I'm down! Robot's foot almost finished me off!,1600
vox_plr_0_robot_crush_player_1,Help me up! Damn robot almost killed me!,Help me up! Robot almost killed me!,1600
vox_plr_0_robot_crush_zombie_0,Haha! Anyone else see that freak bag get squashed?,Haha! Anyone else see that freak bag get squashed?,1600
vox_plr_0_rspnd_drone_revive_0,"No one else wanted to help, huh?","No one else wanted to help, huh?",1600
vox_plr_0_rspnd_drone_revive_1,"I thought I was done, and you showed up.","I thought I was done, and you showed up.",1600
vox_plr_0_rspnd_drone_revive_2,You're a real lifesaver.,You're a real lifesaver.,1600
vox_plr_0_rspnd_mech_grab_0,Keep your claws off!,Keep your claws off!,1600
vox_plr_0_rspnd_mech_grab_1,It's not me!,It's not me!,1600
vox_plr_0_rspnd_mech_jump_0,Son of a bitch could clear a building!,He could clear a building!,1600
vox_plr_0_sam_dempsey_1_0,"Believe me, little girl, I'll blow this whole site before~I let the Germans keep these weapons.","Believe me, little girl, I'll blow this whole site before~I let the Germans keep these weapons.",1600
vox_plr_0_sam_dempsey_2_0,Let me get back to you on that.,Let me get back to you on that.,1600
vox_plr_0_see_robots_0,"Holy shit, look at those things.",Look at those things.,1600
vox_plr_0_shoot_mech_arm_0,Gotta disable the claw!,Gotta disable the claw!,1600
vox_plr_0_shoot_mech_arm_1,Shoot the arm!,Shoot the arm!,1600
vox_plr_0_shoot_mech_arm_2,Aim for his arm!,Aim for his arm!,1600
vox_plr_0_shoot_mech_head_0,Shoot him in the head!,Shoot him in the head!,1600
vox_plr_0_shoot_mech_head_1,Need a headshot!,Need a headshot!,1600
vox_plr_0_shoot_mech_head_2,Go for the head!,Go for the head!,1600
vox_plr_0_shoot_mech_power_0,Shoot the glowing area! I think it's his power source!,Shoot the glowing area! I think it's his power source!,1600
vox_plr_0_shoot_robot_0,Not gonna take that thing down in a million years!,Not gonna take that thing down in a million years!,1600
vox_plr_0_shoot_robot_1,Weapon Fire Ineffective!,Weapon Fire Ineffective!,1600
vox_plr_0_siren_1st_time_0,"Where I'm from, a siren's never good news.","Where I'm from, a siren's never good news.",1600
vox_plr_0_siren_generic_0,We got more armored freak bags incoming!,We got more armored freak bags incoming!,1600
vox_plr_0_siren_generic_1,Here come the big guys again!,Here come the big guys again!,1600
vox_plr_0_siren_generic_2,Heads up! The armored pus bags are here again!,Heads up! The armored pus bags are here again!,1600
vox_plr_0_srnd_rspnd_to_plr_1_neg_0,Can't you try swinging your sword at him?,Can't you try swinging your sword at him?,1600
vox_plr_0_srnd_rspnd_to_plr_1_neg_1,Don't look to me to bail you out!,Don't look to me to bail you out!,1600
vox_plr_0_srnd_rspnd_to_plr_1_neg_2,"Sorry, Russian. You're gonna have to deal with him on your~own.","Sorry, Russian. You're gonna have to deal with him on your~own.",1600
vox_plr_0_srnd_rspnd_to_plr_1_neg_3,Looks like Nikolai is about to meet his maker.,Looks like Nikolai is about to meet his maker.,1600
vox_plr_0_srnd_rspnd_to_plr_1_neg_4,"You only got yourself to blame, Russian.","You only got yourself to blame, Russian.",1600
vox_plr_0_srnd_rspnd_to_plr_1_neg_5,I think the Russians screwed. They look real hungry.,I think the Russians screwed. They look real hungry.,1600
vox_plr_0_srnd_rspnd_to_plr_1_pos_0,"Stay strong Nikolai, you got this!","Stay strong Nikolai, you got this!",1600
vox_plr_0_srnd_rspnd_to_plr_1_pos_1,We can't let the Russian go down!,We can't let the Russian go down!,1600
vox_plr_0_srnd_rspnd_to_plr_1_pos_2,"Fight your way through them, Nikolai!","Fight your way through them, Nikolai!",1600
vox_plr_0_srnd_rspnd_to_plr_1_pos_3,"Nikolai, don't let him back you into a corner.","Nikolai, don't let him back you into a corner.",1600
vox_plr_0_srnd_rspnd_to_plr_1_pos_4,"Hold on, Russian. I'll try to create a distraction.","Hold on, Russian. I'll try to create a distraction.",1600
vox_plr_0_srnd_rspnd_to_plr_2_neg_0,Looks like Richtofen's got himself in a world of trouble.,Looks like Richtofen's got himself in a world of trouble.,1600
vox_plr_0_srnd_rspnd_to_plr_2_neg_1,I think the German's about to get a whole lot closer to~his undead pals.,I think the German's about to get a whole lot closer to~his undead pals.,1600
vox_plr_0_srnd_rspnd_to_plr_2_neg_2,"You're gonna get what you deserve, Richtofen.","You're gonna get what you deserve, Richtofen.",1600
vox_plr_0_srnd_rspnd_to_plr_2_neg_3,Should we help the German or just stand back and watch?,Should we help the German or just stand back and watch?,1600
vox_plr_0_srnd_rspnd_to_plr_2_neg_4,"It's your fault, German! You started all this!","It's your fault, German! You started all this!",1600
vox_plr_0_srnd_rspnd_to_plr_2_neg_5,"I wouldn't want to be in your shoes right now, Richtofen.","I wouldn't want to be in your shoes right now, Richtofen.",1600
vox_plr_0_srnd_rspnd_to_plr_2_pos_0,They're swarming on Richtofen. We need that German alive.,They're swarming on Richtofen. We need that German alive.,1600
vox_plr_0_srnd_rspnd_to_plr_2_pos_1,We have to help the German. He's the only one who~understands what's happening here.,We have to help the German. He's the only one who~understands what's happening here.,1600
vox_plr_0_srnd_rspnd_to_plr_2_pos_2,"Keep it together, Richtofen!","Keep it together, Richtofen!",1600
vox_plr_0_srnd_rspnd_to_plr_2_pos_3,"I'll try to take the heat off you, Richtofen.","I'll try to take the heat off you, Richtofen.",1600
vox_plr_0_srnd_rspnd_to_plr_3_neg_0,"You're on your own, Tech.","You're on your own, Tech.",1600
vox_plr_0_srnd_rspnd_to_plr_3_neg_1,"Sorry Takeo, saving your ass is not a priority right now.","Sorry Takeo, saving your bacon is not a priority right~now.",1600
vox_plr_0_srnd_rspnd_to_plr_3_neg_2,"If you're going down, at least go down fighting!","If you're going down, at least go down fighting!",1600
vox_plr_0_srnd_rspnd_to_plr_3_neg_3,Things are not looking good for Takeo.,Things are not looking good for Takeo.,1600
vox_plr_0_srnd_rspnd_to_plr_3_pos_0,We've gotta help Takeo!,We've gotta help Takeo!,1600
vox_plr_0_srnd_rspnd_to_plr_3_pos_1,Takeo's in trouble. Give him some cover fire.,Takeo's in trouble. Give him some cover fire.,1600
vox_plr_0_srnd_rspnd_to_plr_3_pos_2,"Hang in there, Tech. I'll do what I can.","Hang in there, Tech. I'll do what I can.",1600
vox_plr_0_srnd_rspnd_to_plr_3_pos_3,We need to take some of the heat off Takeo!,We need to take some of the heat off Takeo!,1600
vox_plr_0_srnd_rspnd_to_plr_3_pos_4,We can't let Tack go down! We need him alive!,We can't let Tack go down! We need him alive!,1600
vox_plr_0_struggle_mud_0,God damn it! I can barely move in this mud!,I can barely move in this mud.,1600
vox_plr_0_struggle_mud_1,"Damn, mud's slowing me down.","Ugh, mud's slowing me down.",1600
vox_plr_0_take_weapon_2nd_time_0,"Alright, I think I got it now.","Alright, I think I got it now.",1600
vox_plr_0_take_weapon_intro_0,I'll be. This thing just spat out a weapon.,I'll be. This thing just spat out a weapon.,1600
vox_plr_0_tank_rspnd_generic_0,We left some of our people behind!,We left some of our people behind!,1600
vox_plr_0_tank_rspnd_to_plr_1_0,"Ah shit, we left Nikolai!",Hey! We left Nikolai!,1600
vox_plr_0_tank_rspnd_to_plr_2_0,"Sorry Richtofen, should've moved quicker!","Sorry Richtofen, should've moved quicker!",1600
vox_plr_0_tank_rspnd_to_plr_3_0,Takeo didn't make it onto the tank!,Takeo didn't make it onto the tank!,1600
vox_plr_0_use_beacon_0,I want to see this area burned!,I want to see this area burned!,1600
vox_plr_0_use_beacon_1,Call it in the fire!,Call it in the fire!,1600
vox_plr_0_use_beacon_2,Target tag for fire support.,Target tag for fire support.,1600
vox_plr_0_use_box_2nd_time_0,"Okay, let's see what you do this time.","Okay, let's see what you do this time.",1600
vox_plr_0_use_box_intro_0,Let's see if the German was telling the truth.,Let's see if the German was telling the truth.,1600
vox_plr_0_warn_robot_0,"Be careful, the robot's approaching!","Be careful, the robot's approaching!",1600
vox_plr_0_warn_robot_1,"Heads up, the robot's coming this way!","Heads up, the robot's coming this way!",1600
vox_plr_0_warn_robot_foot_0,Get out of there!,Get out of there!,1600
vox_plr_0_warn_robot_foot_1,MOVE!,MOVE!,1600
vox_plr_0_wpck_crappy_0,This doesn't look powerful enough for what I have in mind.,This doesn't look powerful enough for what I have in mind.,1600
vox_plr_0_wpck_crappy_1,Is there a reason why I'm getting substandard weapons?,Is there a reason why I'm getting substandard weapons?,1600
vox_plr_0_wpck_crappy_2,"With what we're up against, this just isn't gonna cut it.","With what we're up against, this just isn't gonna cut it.",1600
vox_plr_0_wpck_crappy_3,I'm starting to get the feeling we're being toyed with.,I'm starting to get the feeling we're being toyed with.,1600
vox_plr_0_wpck_crappy_5,I got a mind to just break this box open and take what I~want.,I got a mind to just break this box open and take what I~want.,1600
vox_plr_0_wpck_duel_0,Thanks. I'll take them both.,Thanks. I'll take them both.,1600
vox_plr_0_wpck_duel_1,Any reason why you can't give me two machine guns?,Any reason why you can't give me two machine guns?,1600
vox_plr_0_wpck_duel_2,I'll knock them down two at a time.,I'll knock them down two at a time.,1600
vox_plr_0_wpck_duel_3,"Don't bother trying to get on my good side, box. I don't~have one.","Don't bother trying to get on my good side, box. I don't~have one.",1600
vox_plr_0_wpck_duel_4,Good thing I got the skill and coordination for these.,Good thing I got the skill and coordination for these.,1600
vox_plr_0_wpck_explo_0,"Haha, you can't go wrong with explosives.","Haha, you can't go wrong with explosives.",1600
vox_plr_0_wpck_explo_1,"How about a nice big explosion, meatbags?","How about a nice big explosion, meatbags?",1600
vox_plr_0_wpck_explo_2,This should come in handy.,This should come in handy.,1600
vox_plr_0_wpck_explo_3,Let's see how they stand up to explosives.,Let's see how they stand up to explosives.,1600
vox_plr_0_wpck_explo_4,This should save us some ammo.,This should save us some ammo.,1600
vox_plr_0_wpck_mg_0,"Decent firepower, and it won't weigh me down too much.","Decent firepower, and it won't weigh me down too much.",1600
vox_plr_0_wpck_mg_1,Any idea of the fire rate on this? Looks like it ought to~be pretty high.,Any idea of the fire rate on this? Looks like it ought to~be pretty high.,1600
vox_plr_0_wpck_mg_2,I've never seen half of these weapons. Must be some top~secret German program.,I've never seen half of these weapons. Must be some top~secret German program.,1600
vox_plr_0_wpck_mg_3,Looks like I got some decent firepower at last.,Looks like I got some decent firepower at last.,1600
vox_plr_0_wpck_mg_4,Some of these things look like modified Gatling guns.,Some of these things look like modified Gatling guns.,1600
vox_plr_0_wpck_monkey_0,What the hell is this? Someone's idea of a joke?,What is this? Someone's idea of a joke?,1600
vox_plr_0_wpck_monkey_1,Explosives strapped to a monkey. I swear that German's~lost his mind.,Explosives strapped to a monkey. I swear that German's~lost his mind.,1600
vox_plr_0_wpck_monkey_2,Seems those freak bags find this little guy irresistible.,Seems those freak bags find this little guy irresistible.,1600
vox_plr_0_wpck_monkey_3,"Okay, maggot sacks, I'm gonna show you my monkey.","Okay, maggot sacks, I'm gonna show you my monkey.",1600
vox_plr_0_wpck_monkey_4,I wonder if they made a prototype with a real monkey.,I wonder if they made a prototype with a real monkey.,1600
vox_plr_0_wpck_pistol_0,"This model don't exactly look like standard issue, but a~pistol's a pistol.","This model don't exactly look like standard issue, but a~pistol's a pistol.",1600
vox_plr_0_wpck_pistol_1,"What's the capacity, like six rounds? Reckon I need more~than that.","What's the capacity, like six rounds? Reckon I need more~than that.",1600
vox_plr_0_wpck_pistol_2,Some of these sidearms pack a lot of firepower.,Some of these sidearms pack a lot of firepower.,1600
vox_plr_0_wpck_pistol_3,"Okay, box, I gotta get back to business. There's a whole~undead army needs taking out.","Okay, box, I gotta get back to business. There's a whole~undead army needs taking out.",1600
vox_plr_0_wpck_pistol_4,"I'll take a pistol, but next time, try and make it a~rifle.","I'll take a pistol, but next time, try and make it a~rifle.",1600
vox_plr_0_wpck_ray_0,This looks familiar. I think I saw it in a comic book~somewhere.,This looks familiar. I think I saw it in a comic book~somewhere.,1600
vox_plr_0_wpck_ray_1,"Just what are you really doing down here, German?","Just what are you really doing down here, German?",1600
vox_plr_0_wpck_ray_2,"By the looks of it, this thing doesn't fire standard~rounds.","By the looks of it, this thing doesn't fire standard~rounds.",1600
vox_plr_0_wpck_ray_3,"If the German army ever gets enough of these, we'll be~defeated before the year's out.","If the German army ever gets enough of these, we'll be~defeated before the year's out.",1600
vox_plr_0_wpck_ray_4,"Oh man, this is getting stranger by the second. I need to~find out what's really behind all this.","Oh man, this is getting stranger by the second. I need to~find out what's really behind all this.",1600
vox_plr_0_wpck_raymk2_0,"Holy shit, this looks like fun.",This looks like fun.,1600
vox_plr_0_wpck_raymk2_1,"Well, look at this. It's the Ray Gun's big brother.","Well, look at this. It's the Ray Gun's big brother.",1600
vox_plr_0_wpck_raymk2_2,"Three Burst Energy Weapon, huh? Sounds good to me.","Three Burst Energy Weapon, huh? Sounds good to me.",1600
vox_plr_0_wpck_raymk2_3,These weapons could give Germany a hell of an advantage in~the war.,These weapons could give Germany an advantage in the war.,1600
vox_plr_0_wpck_raymk2_4,"Just keep the good stuff coming, box.","Just keep the good stuff coming, box.",1600
vox_plr_0_wpck_rifle_0,"Oh, I need to figure out how to get some of these firearms~back to the States.","Oh, I need to figure out how to get some of these firearms~back to the States.",1600
vox_plr_0_wpck_rifle_1,I've never seen a rifle like this. Where are they all~coming from?,I've never seen a rifle like this. Where are they all~coming from?,1600
vox_plr_0_wpck_rifle_2,This suits me. I've been shooting rifles since I was a~kid.,This suits me. I've been shooting rifles since I was a~kid.,1600
vox_plr_0_wpck_rifle_3,I gotta find out exactly what the German knows about all~this.,I gotta find out exactly what the German knows about all~this.,1600
vox_plr_0_wpck_rifle_4,Give me a rifle and I'm a happy man.,Give me a rifle and I'm a happy man.,1600
vox_plr_0_wpck_shotgun_0,"Shotgun, huh? Works for me.","Shotgun, huh? Works for me.",1600
vox_plr_0_wpck_shotgun_1,"Yeah, this'll work. Up close and personal.","Yeah, this'll work. Up close and personal.",1600
vox_plr_0_wpck_shotgun_2,"Fighting at close quarters, this should cut them in half.","Fighting at close quarters, this should cut them in half.",1600
vox_plr_0_wpck_shotgun_3,I'll take a shotgun over some of the stuff that's in here~any day.,I'll take a shotgun over some of the stuff that's in here~any day.,1600
vox_plr_0_wpck_shotgun_4,Time to go blast those sons of bitches all over these~trenches.,Time to go blast those freaks all over these trenches.,1600
vox_plr_0_wpck_smg_0,This machine gun's gonna kick up a shitstorm for those~undead freaks.,This machine gun's gonna kick up a storm for those undead~freaks.,1600
vox_plr_0_wpck_smg_1,Take Notebox. This is the kind of firepower I need.,Take Notebox. This is the kind of firepower I need.,1600
vox_plr_0_wpck_smg_2,Good thing this box came through. I was about ready to~drop a grenade inside.,Good thing this box came through. I was about ready to~drop a grenade inside.,1600
vox_plr_0_wpck_smg_3,Seems kinda light for a machine gun. Kinda rounds it take.,Seems kinda light for a machine gun. Kinda rounds it take.,1600
vox_plr_0_wpck_smg_4,"If the German army ever got issue with these, we'd be~looking at a whole different kind of warfare.","If the German army ever got issue with these, we'd be~looking at a whole different kind of warfare.",1600
vox_plr_0_wpck_snipe_0,I'm not sure I'll have time to take aim with a sniper~rifle.,I'm not sure I'll have time to take aim with a sniper~rifle.,1600
vox_plr_0_wpck_snipe_1,Single shots aren't gonna cut it in these trenches.,Single shots aren't gonna cut it in these trenches.,1600
vox_plr_0_wpck_snipe_2,"Well, at least I don't have to get too close to the enemy.~I can pick them off at long range.","Well, at least I don't have to get too close to the enemy.~I can pick them off at long range.",1600
vox_plr_0_wpck_snipe_3,Maybe I can find an elevated position. Hole up and put~this to good use.,Maybe I can find an elevated position. Hole up and put~this to good use.,1600
vox_plr_0_wpck_snipe_4,"How about something with a little more firepower, huh? Or~at least something effective at close range.","How about something with a little more firepower, huh? Or~at least something effective at close range.",1600
vox_plr_0_zm_box_complete_0,It just disappeared!,It just disappeared!,1600
vox_plr_0_zm_box_continue_0,I hope it changes things for the better!,I hope it changes things for the better!,1600
vox_plr_0_zm_box_encourage_0,Don't let up!,Don't let up!,1600
vox_plr_0_zm_box_encourage_1,Keep killing freakbags! I wanna know what happens!,Keep killing freakbags! I wanna know what happens!,1600
vox_plr_0_zm_box_final_complete_0,Is this connected with our lost girl?,Is this connected with our lost girl?,1600
vox_plr_0_zm_box_start_0,There's something happening here!,There's something happening here!,1600
vox_plr_0_zones_held_0,All the generators are up and running.,All the generators are up and running.,1600
vox_plr_1_1st_staff_found_0,"I will find these objects you speak of, and I will free~you.","I will find these objects you speak of, and I will free~you.",1600
vox_plr_1_4th_staff_crafted_0,I have toiled to achieve this goal. What is result?,I have toiled to achieve this goal. What is result?,1600
vox_plr_1_4th_staff_crafted_1,"We will solve these riddles, with or without help.","We will solve these riddles, with or without help.",1600
vox_plr_1_activate_generic_0,We will see what happens now.,We will see what happens now.,1600
vox_plr_1_activate_generic_1,I hope this works.,I hope this works.,1600
vox_plr_1_activate_generic_2,Maybe this will help us.,Maybe this will help us.,1600
vox_plr_1_air_chute_landing_0,I survived the fall.,I survived the fall.,1600
vox_plr_1_ammo_low_0,I'm low on lead!,I'm low on lead!,1600
vox_plr_1_ammo_low_1,Who's been hoarding all the ammo?,Who's been hoarding all the ammo?,1600
vox_plr_1_ammo_low_2,I can't fight without ammunition!,I can't fight without ammunition!,1600
vox_plr_1_ammo_low_3,Very soon they will be out of bullets!,Very soon they will be out of bullets!,1600
vox_plr_1_ammo_low_4,Where is the ammunition? I need some now!,Where is the ammunition? I need some now!,1600
vox_plr_1_ammo_out_0,We should have shared our ammo!,We should have shared our ammo!,1600
vox_plr_1_ammo_out_1,"Though unarmed, I refuse to surrender!","Though unarmed, I refuse to surrender!",1600
vox_plr_1_ammo_out_2,"If he has to, a Russian will fight with his bare hands!","If he has to, a Russian will fight with his bare hands!",1600
vox_plr_1_ammo_out_3,My ammo is now gone!,My ammo is now gone!,1600
vox_plr_1_ammo_out_4,"I will fight on, with or without bullets!","I will fight on, with or without bullets!",1600
vox_plr_1_box_move_0,We are but playthings for the elite.,We are but playthings for the elite.,1600
vox_plr_1_box_move_1,"As before, that which we seek is pulled from our reach.","As before, that which we seek is pulled from our reach.",1600
vox_plr_1_box_move_2,"Clearly, there are those who would deny us the right to~arm and defend ourselves.","Clearly, there are those who would deny us the right to~arm and defend ourselves.",1600
vox_plr_1_box_move_3,"Your oppression will not last forever, Box. A day of~reckoning is coming.","Your oppression will not last forever, Box. A day of~reckoning is coming.",1600
vox_plr_1_box_move_4,"I will find you, Box, and take back what rightfully~belongs to the people.","I will find you, Box, and take back what rightfully~belongs to the people.",1600
vox_plr_1_build_dd_final_0,A destructive machine that flies like a bird.,A destructive machine that flies like a bird.,1600
vox_plr_1_build_dd_final_1,I must ensure these designs make it to the motherland.,I must ensure these designs make it to the motherland.,1600
vox_plr_1_build_dd_final_2,My labors prove fruitful.,My labors prove fruitful.,1600
vox_plr_1_build_dd_pickup_0,I may be able to construct something useful from such~pieces.,I may be able to construct something useful from such~pieces.,1600
vox_plr_1_build_dd_pickup_1,"With other pieces, I will construct a weapon to help us in~our quest.","With other pieces, I will construct a weapon to help us in~our quest.",1600
vox_plr_1_build_dd_pickup_2,Perhaps this is part of one of the German's infernal~machines.,Perhaps this is part of one of the German's infernal~machines.,1600
vox_plr_1_build_dd_take_0,This unusual machine may provide us cover from the skies.,This unusual machine may provide us cover from the skies.,1600
vox_plr_1_build_zs_final_0,"Hoho, my efforts have yielded us a powerful shield!","Hoho, my efforts have yielded us a powerful shield!",1600
vox_plr_1_build_zs_final_1,All will benefit from the fruits of my labor.,All will benefit from the fruits of my labor.,1600
vox_plr_1_build_zs_final_2,This shield may save our lives.,This shield may save our lives.,1600
vox_plr_1_build_zs_pickup_0,This part may prove useful to us.,This part may prove useful to us.,1600
vox_plr_1_build_zs_pickup_1,"With more pieces, I may uncover another means to defend~ourselves.","With more pieces, I may uncover another means to defend~ourselves.",1600
vox_plr_1_build_zs_pickup_2,I will salvage this for future use.,I will salvage this for future use.,1600
vox_plr_1_build_zs_take_0,This will protect my flank from attack.,This will protect my flank from attack.,1600
vox_plr_1_buy_tank_0,"Brace yourselves, I am starting the tank.","Brace yourselves, I am starting the tank.",1600
vox_plr_1_capture_zombies_0,Repel the monsters!,Repel the monsters!,1600
vox_plr_1_capture_zombies_1,We are under sustained attack!,We are under sustained attack!,1600
vox_plr_1_capture_zombies_2,We cannot allow them to take area!,We cannot allow them to take area!,1600
vox_plr_1_capture_zones_0,"Explain the purpose of this object, German.","Explain the purpose of this object, German.",1600
vox_plr_1_confusion_generic_0,"Hmm, it is riddle of some kind.","Hmm, it is riddle of some kind.",1600
vox_plr_1_confusion_generic_1,This may be beyond our understanding.,This may be beyond our understanding.,1600
vox_plr_1_confusion_generic_2,What do we need to do?,What do we need to do?,1600
vox_plr_1_cool_tank_0,I am no stranger to mechanical failure.,I am no stranger to mechanical failure.,1600
vox_plr_1_cool_tank_1,The tank's engines need time to cool down.,The tank's engines need time to cool down.,1600
vox_plr_1_cool_tank_2,We Russians know such vehicles can be unreliable on~battlefield.,We Russians know such vehicles can be unreliable on~battlefield.,1600
vox_plr_1_crawler_attack_0,You scrabble around like pigs in filth!,You scrabble around like pigs in filth!,1600
vox_plr_1_crawler_attack_1,"I admire your persistence, little rat, but not your cause!","I admire your persistence, little rat, but not your cause!",1600
vox_plr_1_crawler_attack_2,"Ah! Get off me, foul beast!","Ah! Get off me, foul beast!",1600
vox_plr_1_crawler_attack_3,You still seek sustenance?,You still seek sustenance?,1600
vox_plr_1_crawler_kill_0,"Silence, Hellpig!","Silence, Hellpig!",1600
vox_plr_1_crawler_kill_1,Your rotten existence ends now!,Your rotten existence ends now!,1600
vox_plr_1_crawler_kill_2,I'll release you from your torment!,I'll release you from your torment!,1600
vox_plr_1_crawler_kill_3,"Die, filthy abomination!","Die, filthy abomination!",1600
vox_plr_1_crawler_start_0,"Though broken like a dry twig, this beast continues to~attack!","Though broken like a dry twig, this beast continues to~attack!",1600
vox_plr_1_crawler_start_1,"I cut him down, yet still he lives?","I cut him down, yet still he lives?",1600
vox_plr_1_crawler_start_2,"Though it crawls on its belly like a beast from the field,~I am sure that death must soon follow.","Though it crawls on its belly like a beast from the field,~I am sure that death must soon follow.",1600
vox_plr_1_crawler_start_3,Your unnatural existence will end soon enough!,Your unnatural existence will end soon enough!,1600
vox_plr_1_dig_cash_0,I never look gift horse in mouth.,I never look gift horse in mouth.,1600
vox_plr_1_dig_grenade_0,Grenade! Get out of here!,Grenade! Get out of here!,1600
vox_plr_1_dig_gun_0,"Oh, a gun? From beneath the earth?","Oh, a gun? From beneath the earth?",1600
vox_plr_1_dig_powerup_0,My efforts have been rewarded.,My efforts have been rewarded.,1600
vox_plr_1_dig_staff_part_0,This is but one part of staff.,This is but one part of staff.,1600
vox_plr_1_dig_zombie_0,You should have stayed in your grave!,You should have stayed in your grave!,1600
vox_plr_1_discover_dig_site_0,No good can come from disturbing the dead.,No good can come from disturbing the dead.,1600
vox_plr_1_discover_mech_0,I assume one of the undead is hiding inside armor?,I assume one of the undead is hiding inside armor?,1600
vox_plr_1_discover_robot_0,Such giant. How could such a monstrous machine be~possible?,Such giant. How could such a monstrous machine be~possible?,1600
vox_plr_1_discover_tank_0,"Hmm, an armored vehicle may prove useful.","Hmm, an armored vehicle may prove useful.",1600
vox_plr_1_discover_wall_buy_0,A drawing becomes real? I must be imagining this.,A drawing becomes real? I must be imagining this.,1600
vox_plr_1_during_round_2_0,We must unite against the common enemy.,We must unite against the common enemy.,1600
vox_plr_1_earn_acheivement_0,I do not know exactly what caused this outcome.,I do not know exactly what caused this outcome.,1600
vox_plr_1_earn_acheivement_1,I seek neither medals nor glory.,I seek neither medals nor glory.,1600
vox_plr_1_end_round_1_3_0,You monster. You created those abominations.,You monster. You created those abominations.,1600
vox_plr_1_end_round_1_9_0,"My every step is beset by attacks from legions of~unnatural creatures, stumbling, rotten, filthy corpses.","My every step is beset by attacks from legions of~unnatural creatures, stumbling, rotten, filthy corpses.",1600
vox_plr_1_end_round_2_5_0,I must find a way to survive this nightmare. Perhaps these~machines may help me fend off the wretched hordes.,I must find a way to survive this nightmare. Perhaps these~machines may help me fend off the wretched hordes.,1600
vox_plr_1_enter_robot_0,"As I thought, inside head, there is no brain.","As I thought, inside head, there is no brain.",1600
vox_plr_1_enter_robot_1,We may take shelter here for a short time.,We may take shelter here for a short time.,1600
vox_plr_1_exit_robot_0,AHHHH!,AHHHH!,1600
vox_plr_1_exit_tank_0,I belong on the battlefield!,I belong on the battlefield!,1600
vox_plr_1_exit_tank_1,I tire of this journey.,I tire of this journey.,1600
vox_plr_1_exit_tank_2,This is Far As I Go.,This is Far As I Go.,1600
vox_plr_1_find_secret_0,Now music fills air? What madness is this?,Now music fills air? What madness is this?,1600
vox_plr_1_game_start_0,"What in Lenin's name is going on? I saw a huge steel~beast, tall as the spires of Moscow Cathedral. Just what|have the Germans been doing in this place?","What in Lenin's name is going on? I saw a huge steel~beast, tall as the spires of Moscow Cathedral. Just what|have the Germans been doing in this place?",1600
vox_plr_1_game_start_meet_1_0,You are Edward Richtofen.,You are Edward Richtofen.,1600
vox_plr_1_generator_find_0,Your nation's weapons of war have already claimed~countless lives. You would wish to further this.,Your nation's weapons of war have already claimed~countless lives. You would wish to further this.,1600
vox_plr_1_generic_chastise_0,"I am trying but remember, we are fighting for our lives,~young girl.","I am trying but remember, we are fighting for our lives,~young girl.",1600
vox_plr_1_generic_chastise_1,There is much confusion in what you seek. I will do all I~can.,There is much confusion in what you seek. I will do all I~can.,1600
vox_plr_1_generic_chastise_2,The steps you speak of are hard to obey.,The steps you speak of are hard to obey.,1600
vox_plr_1_generic_chastise_3,You do not sound like an innocent when you speak with such~tone.,You do not sound like an innocent when you speak with such~tone.,1600
vox_plr_1_generic_encourage_0,My first loyalty is with the Motherland. That is my true~mission.,My first loyalty is with the Motherland. That is my true~mission.,1600
vox_plr_1_generic_encourage_1,"If freeing you ends this madness, then free you I will.","If freeing you ends this madness, then free you I will.",1600
vox_plr_1_generic_encourage_2,"I hope you speak the truth, young girl.","I hope you speak the truth, young girl.",1600
vox_plr_1_generic_wall_buy_0,This will suit my needs.,This will suit my needs.,1600
vox_plr_1_generic_wall_buy_1,Power such as this could provide weapons for the entire~Red Army.,Power such as this could provide weapons for the entire~Red Army.,1600
vox_plr_1_generic_wall_buy_2,I spend my money as I see fit.,I spend my money as I see fit.,1600
vox_plr_1_generic_wall_buy_3,"Reason be damned, I plucked this weapon from the very air.","Reason be damned, I plucked this weapon from the very air.",1600
vox_plr_1_generic_wall_buy_4,Do these mysterious forces wish to aid our survival?,Do these mysterious forces wish to aid our survival?,1600
vox_plr_1_get_beacon_0,A signal of some sort.,A signal of some sort.,1600
vox_plr_1_head_rspnd_to_plr_0_neg_0,"Typical American, always bragging.","Typical American, always bragging.",1600
vox_plr_1_head_rspnd_to_plr_0_neg_1,"Your skills are no match for mine, Dempsey.","Your skills are no match for mine, Dempsey.",1600
vox_plr_1_head_rspnd_to_plr_0_neg_2,Perhaps the creature sought mercy.,Perhaps the creature sought mercy.,1600
vox_plr_1_head_rspnd_to_plr_0_neg_3,Such a shot could only have come from luck.,Such a shot could only have come from luck.,1600
vox_plr_1_head_rspnd_to_plr_0_neg_4,The American's achievements do little to impress me.,The American's achievements do little to impress me.,1600
vox_plr_1_head_rspnd_to_plr_0_pos_0,See how Dempsey hungers for battle!,See how Dempsey hungers for battle!,1600
vox_plr_1_head_rspnd_to_plr_0_pos_1,"Your skills are impressive, Dempsey.","Your skills are impressive, Dempsey.",1600
vox_plr_1_head_rspnd_to_plr_0_pos_2,All should follow Dempsey's lead.,All should follow Dempsey's lead.,1600
vox_plr_1_head_rspnd_to_plr_0_pos_3,His head burst like overripe melon.,His head burst like overripe melon.,1600
vox_plr_1_head_rspnd_to_plr_0_pos_4,"I think you kill many this way, Dempsey.","I think you kill many this way, Dempsey.",1600
vox_plr_1_head_rspnd_to_plr_2_neg_0,Perhaps the German feeds only on our scraps.,Perhaps the German feeds only on our scraps.,1600
vox_plr_1_head_rspnd_to_plr_2_neg_1,Do you only pick on weakest German?,Do you only pick on weakest German?,1600
vox_plr_1_head_rspnd_to_plr_2_neg_2,"If the German fires an air enough times, he will find~target.","If the German fires an air enough times, he will find~target.",1600
vox_plr_1_head_rspnd_to_plr_2_neg_3,"Your luck surprises me, German.","Your luck surprises me, German.",1600
vox_plr_1_head_rspnd_to_plr_2_neg_4,"Do you call that mercy killing, German?","Do you call that mercy killing, German?",1600
vox_plr_1_head_rspnd_to_plr_2_pos_0,"Perhaps there is more to you than I thought, Richtofen.","Perhaps there is more to you than I thought, Richtofen.",1600
vox_plr_1_head_rspnd_to_plr_2_pos_1,"You are beginning to impress me, Richtofen.","You are beginning to impress me, Richtofen.",1600
vox_plr_1_head_rspnd_to_plr_2_pos_2,"Richtofen is not just doctor, but also soldier!","Richtofen is not just doctor, but also soldier!",1600
vox_plr_1_head_rspnd_to_plr_2_pos_3,There is a fire in your belly Richtofen!,There is a fire in your belly Richtofen!,1600
vox_plr_1_head_rspnd_to_plr_2_pos_4,"Good work, Richtofen. You fight like Russian.","Good work, Richtofen. You fight like Russian.",1600
vox_plr_1_head_rspnd_to_plr_3_neg_0,"Were you afraid to get close, Tokyo?","Were you afraid to get close, Tokyo?",1600
vox_plr_1_head_rspnd_to_plr_3_neg_1,"From such distance, Takeo, luck must play part.","From such distance, Takeo, luck must play part.",1600
vox_plr_1_head_rspnd_to_plr_3_neg_2,Takeo seeks to avoid blood on his hands.,Takeo seeks to avoid blood on his hands.,1600
vox_plr_1_head_rspnd_to_plr_3_neg_3,"Your kill does not impress me, Takeo.","Your kill does not impress me, Takeo.",1600
vox_plr_1_head_rspnd_to_plr_3_neg_4,"His head was easy target, Takeo.","His head was easy target, Takeo.",1600
vox_plr_1_head_rspnd_to_plr_3_pos_0,"You are skilled marksman, Takio.","You are skilled marksman, Takio.",1600
vox_plr_1_head_rspnd_to_plr_3_pos_1,Tokyo kills with great efficiency.,Tokyo kills with great efficiency.,1600
vox_plr_1_head_rspnd_to_plr_3_pos_2,"Of all of us, Takeo may be strongest marksman.","Of all of us, Takeo may be strongest marksman.",1600
vox_plr_1_head_rspnd_to_plr_3_pos_3,"You are indeed a warrior, Takeo.","You are indeed a warrior, Takeo.",1600
vox_plr_1_head_rspnd_to_plr_3_pos_4,The Hell Pig deserved to meet such an end.,The Hell Pig deserved to meet such an end.,1600
vox_plr_1_heal_revived_0,"You came close to death, my friend.","You came close to death, my friend.",1600
vox_plr_1_heal_revived_1,You have luck I was here.,You have luck I was here.,1600
vox_plr_1_heal_revived_2,"Enough resting, the fight is not yet over.","Enough resting, the fight is not yet over.",1600
vox_plr_1_heal_revived_3,"Without my help, you would be dead by now.","Without my help, you would be dead by now.",1600
vox_plr_1_heal_revived_4,"For the good of us all, we need you alive.","For the good of us all, we need you alive.",1600
vox_plr_1_heal_revived_neg_0,"You are weak, but we need all help we can get.","You are weak, but we need all help we can get.",1600
vox_plr_1_heal_revived_neg_1,"You have done little for our cause, but our numbers are~few.","You have done little for our cause, but our numbers are~few.",1600
vox_plr_1_heal_revived_pos_0,You may be strongest among us.,You may be strongest among us.,1600
vox_plr_1_heal_revived_pos_1,I have seen how bravely you fight.,I have seen how bravely you fight.,1600
vox_plr_1_hear_samantha_1_0,I heard her. A girl. She begs for help.,I heard her. A girl. She begs for help.,1600
vox_plr_1_hear_samantha_2_0,"Again, I hear a young girl. Where is she? Can we help her?","Again, I hear a young girl. Where is she? Can we help her?",1600
vox_plr_1_hear_samantha_3_0,"These steps you speak of, do you remember them?","These steps you speak of, do you remember them?",1600
vox_plr_1_heroes_confer_0,Tell me of this girl who talks to us. Where is she?,Tell me of this girl who talks to us. Where is she?,1600
vox_plr_1_kill_close_0,"What are you, fucking Rasputin? Die already!","What are you, immortal? Die already!",1600
vox_plr_1_kill_close_1,Your foul stench offends me!,Your foul stench offends me!,1600
vox_plr_1_kill_close_2,You are not my comrade!,You are not my comrade!,1600
vox_plr_1_kill_close_3,Your actions only hasten your demise!,Your actions only hasten your demise!,1600
vox_plr_1_kill_close_4,I am not your prey!,I am not your prey!,1600
vox_plr_1_kill_close_5,Reap what you sow!,Reap what you sow!,1600
vox_plr_1_kill_damaged_0,Your actions sowed the seeds of your own destruction.,Your actions sowed the seeds of your own destruction.,1600
vox_plr_1_kill_damaged_1,Your fated touch is unwelcome.,Your fated touch is unwelcome.,1600
vox_plr_1_kill_damaged_2,I will break you!,I will break you!,1600
vox_plr_1_kill_damaged_3,"No sin goes unpunished, rat.","No sin goes unpunished, rat.",1600
vox_plr_1_kill_damaged_4,You have awoken the sleeping bear!,You have awoken the sleeping bear!,1600
vox_plr_1_kill_drone_0,I am grateful for assistance.,I am grateful for assistance.,1600
vox_plr_1_kill_drone_1,Your air support is welcomed.,Your air support is welcomed.,1600
vox_plr_1_kill_drone_2,Richtofen's machine proves useful.,Richtofen's machine proves useful.,1600
vox_plr_1_kill_explo_0,Burn in the fires of hell!,Burn forever!,1600
vox_plr_1_kill_explo_1,Those rats could not have survived the explosion.,Those rats could not have survived the explosion.,1600
vox_plr_1_kill_explo_2,They burn like roasted swine.,They burn like roasted swine.,1600
vox_plr_1_kill_explo_3,The flesh burns from your bones!,The flesh burns from your bones!,1600
vox_plr_1_kill_explo_4,"After the flames die, there will be little left.","After the flames die, there will be little left.",1600
vox_plr_1_kill_fire_0,I will burn this land to cinders!,I will burn this land to cinders!,1600
vox_plr_1_kill_fire_1,Burn in the flames of eternal damnation!,Burn in the flames of eternal damnation!,1600
vox_plr_1_kill_fire_2,No animal can escape the fire!,No animal can escape the fire!,1600
vox_plr_1_kill_fire_3,Embrace the inferno!,Embrace the inferno!,1600
vox_plr_1_kill_fire_4,I WILL FUEL THE FIRES OF REVOLUTION!,I WILL FUEL THE FIRES OF REVOLUTION!,1600
vox_plr_1_kill_fire_upgrade_0,You burn like fire through Winter Palace!,You burn like fire through Winter Palace!,1600
vox_plr_1_kill_fire_upgrade_1,Even the fires of Hades are no match for this!,Even the fires of Hades are no match for this!,1600
vox_plr_1_kill_fire_upgrade_2,"Once lit, the flames of revolution can never be~extinguished.","Once lit, the flames of revolution can never be~extinguished.",1600
vox_plr_1_kill_fire_upgrade_3,The fire will cleanse this land of evil!,The fire will cleanse this land of evil!,1600
vox_plr_1_kill_fire_upgrade_4,There is no escape from the inferno!,There is no escape from the inferno!,1600
vox_plr_1_kill_headshot_0,You were doomed from the start.,You were doomed from the start.,1600
vox_plr_1_kill_headshot_1,There was no hope for you.,There was no hope for you.,1600
vox_plr_1_kill_headshot_2,My bullet finds its target.,My bullet finds its target.,1600
vox_plr_1_kill_headshot_3,Fall like the winter snows of Siberia!,Fall like the winter snows of Siberia!,1600
vox_plr_1_kill_headshot_4,Perhaps death will bring you peace.,Perhaps death will bring you peace.,1600
vox_plr_1_kill_headshot_5,"Hmm, you did not foresee the manner of your execution.","Hmm, you did not foresee the manner of your execution.",1600
vox_plr_1_kill_headshot_6,"Even at range, my skill greatly exceeds yours.","Even at range, my skill greatly exceeds yours.",1600
vox_plr_1_kill_headshot_7,"I trust you will stay dead this time, rat.","I trust you will stay dead this time, rat.",1600
vox_plr_1_kill_headshot_8,You offered your head as target practice.,You offered your head as target practice.,1600
vox_plr_1_kill_ice_0,You know nothing of Russian winters!,You know nothing of Russian winters!,1600
vox_plr_1_kill_ice_1,Shatter before Nikolai!,Shatter before Nikolai!,1600
vox_plr_1_kill_ice_2,It will be long winter for you!,It will be long winter for you!,1600
vox_plr_1_kill_ice_3,I take pleasure watching your blood turn to ice.,I take pleasure watching your blood turn to ice.,1600
vox_plr_1_kill_ice_4,Freeze like the ice on the Neva River!,Freeze like the ice on the Neva River!,1600
vox_plr_1_kill_ice_upgrade_0,The Staff's Blizzard will consume you!,The Staff's Blizzard will consume you!,1600
vox_plr_1_kill_ice_upgrade_1,Die upon my frozen lake!,Die upon my frozen lake!,1600
vox_plr_1_kill_ice_upgrade_2,That cold blast will snap your bones!,That cold blast will snap your bones!,1600
vox_plr_1_kill_ice_upgrade_3,Your very hearts become brittle like ice.,Your very hearts become brittle like ice.,1600
vox_plr_1_kill_ice_upgrade_4,Nothing can escape my frozen fire!,Nothing can escape my frozen fire!,1600
vox_plr_1_kill_insta_0,You are dead already!,You are dead already!,1600
vox_plr_1_kill_insta_1,Die like the rat you are!,Die like the rat you are!,1600
vox_plr_1_kill_insta_2,I will not be oppressed!,I will not be oppressed!,1600
vox_plr_1_kill_insta_3,I will dance on your graves!,I will dance on your graves!,1600
vox_plr_1_kill_insta_4,You break like dry twig!,You break like dry twig!,1600
vox_plr_1_kill_light_0,"Like Thor's hammer, the lightning strikes you down!","Like Thor's hammer, the lightning strikes you down!",1600
vox_plr_1_kill_light_1,The elemental power of lightning destroys all in its path.,The elemental power of lightning destroys all in its path.,1600
vox_plr_1_kill_light_2,Feel the lightning tear through your flesh!,Feel the lightning tear through your flesh!,1600
vox_plr_1_kill_light_3,"No creature, living or dead, can withstand the Thunderbolt~Strike.","No creature, living or dead, can withstand the Thunderbolt~Strike.",1600
vox_plr_1_kill_light_4,The power of the gods is mine to wield!,The power of the gods is mine to wield!,1600
vox_plr_1_kill_light_upgrade_0,"From one to the next, the cold hand of death will touch~you all.","From one to the next, the cold hand of death will touch~you all.",1600
vox_plr_1_kill_light_upgrade_1,There can be no escape from Storm!,There can be no escape from Storm!,1600
vox_plr_1_kill_light_upgrade_2,"Torn from within, the lightning will consume you all!","Torn from within, the lightning will consume you all!",1600
vox_plr_1_kill_light_upgrade_3,Only in death will your pain be at end.,Only in death will your pain be at end.,1600
vox_plr_1_kill_light_upgrade_4,"Oh, I can almost feel the lightning's energy as it rips~through your flesh!","Oh, I can almost feel the lightning's energy as it rips~through your flesh!",1600
vox_plr_1_kill_one_inch_0,You die by my hand!,You die by my hand!,1600
vox_plr_1_kill_one_inch_1,My punch is like missile!,My punch is like missile!,1600
vox_plr_1_kill_one_inch_2,I will crush my enemies!,I will crush my enemies!,1600
vox_plr_1_kill_one_inch_3,"Be gone, Hellspawn!","Be gone, Hellspawn!",1600
vox_plr_1_kill_one_inch_4,Feel the force of revolution!,Feel the force of revolution!,1600
vox_plr_1_kill_ray_0,Your foul stench offends me.,Your foul stench offends me.,1600
vox_plr_1_kill_ray_1,I will boil your blood!,I will boil your blood!,1600
vox_plr_1_kill_ray_2,Feel the might of the Red Army!,Feel the might of the Red Army!,1600
vox_plr_1_kill_ray_3,Look for me? Find only death.,Look for me? Find only death.,1600
vox_plr_1_kill_ray_4,"Though beyond my understanding, this technology is very~powerful.","Though beyond my understanding, this technology is very~powerful.",1600
vox_plr_1_kill_raymk2_0,No living thing could withstand such firepower.,No living thing could withstand such firepower.,1600
vox_plr_1_kill_raymk2_1,Technology belongs in the right hands.,Technology belongs in the right hands.,1600
vox_plr_1_kill_raymk2_2,A barrage of light cutting through all in its path.,A barrage of light cutting through all in its path.,1600
vox_plr_1_kill_raymk2_3,Not all weapons are created equal.,Not all weapons are created equal.,1600
vox_plr_1_kill_raymk2_4,Only fool would stand before such a weapon.,Only fool would stand before such a weapon.,1600
vox_plr_1_kill_streak_0,Feel the might of the Motherland!,Feel the might of the Motherland!,1600
vox_plr_1_kill_streak_1,I WILL BREAK YOU!,I WILL BREAK YOU!,1600
vox_plr_1_kill_streak_2,"I fight for a cause, my own survival.","I fight for a cause, my own survival.",1600
vox_plr_1_kill_streak_3,There is nothing you can do to stop my advance!,There is nothing you can do to stop my advance!,1600
vox_plr_1_kill_streak_4,Who among you can challenge me?,Who among you can challenge me?,1600
vox_plr_1_kill_streak_5,Nothing can suppress the beating heart of a true Russian!,Nothing can suppress the beating heart of a true Russian!,1600
vox_plr_1_kill_streak_6,I am Nikolai! Fall before me!,I am Nikolai! Fall before me!,1600
vox_plr_1_kill_tank_0,The fire will consume all in our path.,The fire will consume all in our path.,1600
vox_plr_1_kill_tank_1,The flamethrower will burn many hell pigs this day.,The flamethrower will burn many hell pigs this day.,1600
vox_plr_1_kill_tank_2,Nothing can stop a Russian advance!,Nothing can stop a Russian advance!,1600
vox_plr_1_kill_wind_0,Feel the winds of change!,Feel the winds of change!,1600
vox_plr_1_kill_wind_1,"Oh, even Siberia has never known a wind so fierce.","Oh, even Siberia has never known a wind so fierce.",1600
vox_plr_1_kill_wind_2,The cold wind will chill you to your bones.,The cold wind will chill you to your bones.,1600
vox_plr_1_kill_wind_3,To stand before such a mighty force is to run toward death~himself!,To stand before such a mighty force is to run toward death~himself!,1600
vox_plr_1_kill_wind_4,Embrace the elements. Embrace a destiny of death.,Embrace the elements. Embrace a destiny of death.,1600
vox_plr_1_kill_wind_upgrade_0,This whirling dervish devours all who stand before it.,This whirling dervish devours all who stand before it.,1600
vox_plr_1_kill_wind_upgrade_1,Even the fiercest Borowinds pale in comparison to this~staff's power.,Even the fiercest Borowinds pale in comparison to this~staff's power.,1600
vox_plr_1_kill_wind_upgrade_2,"Far and wide, the wind will scatter your remains.","Far and wide, the wind will scatter your remains.",1600
vox_plr_1_kill_wind_upgrade_3,It is a wind like dragon's breath!,It is a wind like dragon's breath!,1600
vox_plr_1_kill_wind_upgrade_4,Succumb to the hurricane storm!,Succumb to the hurricane storm!,1600
vox_plr_1_lockdown_generic_0,I must bring power to this object.,I must bring power to this object.,1600
vox_plr_1_mech_defeated_0,"Like Russian, he fought to the bitter end.","Like Russian, he fought to the bitter end.",1600
vox_plr_1_mech_defeated_1,The Metal Monster is defeated.,The Metal Monster is defeated.,1600
vox_plr_1_mech_defeated_2,We are victorious!,We are victorious!,1600
vox_plr_1_miss_tank_0,Wait! I'm still on ground!,Wait! I'm still on ground!,1600
vox_plr_1_miss_tank_1,You'll live without Nikolai!,You'll live without Nikolai!,1600
vox_plr_1_miss_tank_2,I did not get on in time!,I did not get on in time!,1600
vox_plr_1_multiple_mechs_0,The Armored One returns with allies!,The Armored One returns with allies!,1600
vox_plr_1_multiple_mechs_1,We must defeat multiple armored creatures!,We must defeat multiple armored creatures!,1600
vox_plr_1_multiple_mechs_2,Defeating one was hard enough.,Defeating one was hard enough.,1600
vox_plr_1_nomoney_generic_0,"Others hoard, while the people remain in poverty.","Others hoard, while the people remain in poverty.",1600
vox_plr_1_nomoney_generic_1,I have little money. I am but a humble pauper.,I have little money. I am but a humble pauper.,1600
vox_plr_1_nomoney_generic_2,The distribution of wealth is part of a broken system.,The distribution of wealth is part of a broken system.,1600
vox_plr_1_nomoney_generic_3,I have nothing to offer.,I have nothing to offer.,1600
vox_plr_1_nomoney_generic_4,What you seek remains out of reach to the common man.,What you seek remains out of reach to the common man.,1600
vox_plr_1_oh_shit_0,The Filthy Rats use strength in numbers to their~advantage.,The Filthy Rats use strength in numbers to their~advantage.,1600
vox_plr_1_oh_shit_1,Do I stand alone against our oppressors?,Do I stand alone against our oppressors?,1600
vox_plr_1_oh_shit_2,"Even in the face of overwhelming odds, I will never~surrender!","Even in the face of overwhelming odds, I will never~surrender!",1600
vox_plr_1_oh_shit_3,I am prepared to give my life for the greater good!,I am prepared to give my life for the greater good!,1600
vox_plr_1_oh_shit_4,Your numbers do not intimidate me. I fear nothing!,Your numbers do not intimidate me. I fear nothing!,1600
vox_plr_1_oh_shit_5,Only with your combined strength do you stand any chance.,Only with your combined strength do you stand any chance.,1600
vox_plr_1_oh_shit_6,"Stay back, Hellpigs! I am ready to fight till my last~breath!","Stay back, Hellpigs! I am ready to fight till my last~breath!",1600
vox_plr_1_outcome_no_generic_0,Another failure.,Another failure.,1600
vox_plr_1_outcome_no_generic_1,We have made mistake.,We have made mistake.,1600
vox_plr_1_outcome_no_generic_2,What did we do wrong?,What did we do wrong?,1600
vox_plr_1_outcome_yes_generic_0,Our actions have consequence.,Our actions have consequence.,1600
vox_plr_1_outcome_yes_generic_1,Just what have we achieved?,Just what have we achieved?,1600
vox_plr_1_outcome_yes_generic_2,Something has changed.,Something has changed.,1600
vox_plr_1_pap_arm_0,How was this modification achieved?,How was this modification achieved?,1600
vox_plr_1_pap_arm_1,More firepower is welcome in my hands.,More firepower is welcome in my hands.,1600
vox_plr_1_pap_arm_2,My weapon is transformed!,My weapon is transformed!,1600
vox_plr_1_pap_arm_3,"If we are to survive, we must make good use of this~machine.","If we are to survive, we must make good use of this~machine.",1600
vox_plr_1_pap_arm_4,This weapon now belongs to Russia.,This weapon now belongs to Russia.,1600
vox_plr_1_perk_jugga_0,I have the strength of man who fights for greater good!,I have the strength of man who fights for greater good!,1600
vox_plr_1_perk_mule_0,"Strong like Ox, I am ready to bear any burden.","Strong like Ox, I am ready to bear any burden.",1600
vox_plr_1_perk_one_inch_0,I will rule over the undead with an iron fist!,I will rule over the undead with an iron fist!,1600
vox_plr_1_perk_one_inch_1,My punch could knock out a bear!,My punch could knock out a bear!,1600
vox_plr_1_perk_one_inch_2,A definite improvement over bare-knuckle fighting.,A definite improvement over bare-knuckle fighting.,1600
vox_plr_1_perk_revive_0,"Ugh, this tastes like trench water.","Ugh, this tastes like trench water.",1600
vox_plr_1_perk_speed_0,I feel a rush of energy coursing through my blood.,I feel a rush of energy coursing through my blood.,1600
vox_plr_1_perk_stamine_0,My weary muscles feel refreshed.,My weary muscles feel refreshed.,1600
vox_plr_1_perk_wonder_0,Drinks effects are unpredictable.,Drinks effects are unpredictable.,1600
vox_plr_1_pickup_brain_0,The German decided to keep the brain of his friend? I~believe something similar happened to Rasputin.,The German decided to keep the brain of his friend? I~believe something similar happened to Rasputin.,1600
vox_plr_1_pickup_crystal_0,"Oh, never have I held an object of such value.","Oh, never have I held an object of such value.",1600
vox_plr_1_pickup_fire_0,"Finally, this staff is ours.","Finally, this staff is ours.",1600
vox_plr_1_pickup_generic_0,Who would abandon such a thing?,Who would abandon such a thing?,1600
vox_plr_1_pickup_generic_1,What do I have here?,What do I have here?,1600
vox_plr_1_pickup_generic_2,This may be of value.,This may be of value.,1600
vox_plr_1_pickup_generic_3,Something tells me this is important.,Something tells me this is important.,1600
vox_plr_1_pickup_generic_4,Everything has value.,Everything has value.,1600
vox_plr_1_pickup_gramophone_0,This gramophone will allow us to listen to recordings.,This gramophone will allow us to listen to recordings.,1600
vox_plr_1_pickup_ice_0,"A Staff of Ice, called the Siberian Winter.","A Staff of Ice, called the Siberian Winter.",1600
vox_plr_1_pickup_light_0,"Somehow, these staffs may free the girl.","Somehow, these staffs may free the girl.",1600
vox_plr_1_pickup_record_0,This is useless without gramophone to play it on.,This is useless without gramophone to play it on.,1600
vox_plr_1_pickup_shovel_0,I may have need for this. Many things are buried beneath~the surface.,I may have need for this. Many things are buried beneath~the surface.,1600
vox_plr_1_pickup_staff_part_0,It is but part of staff.,It is but part of staff.,1600
vox_plr_1_pickup_staff_part_1,There may be other staff parts nearby.,There may be other staff parts nearby.,1600
vox_plr_1_pickup_staff_part_2,I will try to find other staff parts.,I will try to find other staff parts.,1600
vox_plr_1_pickup_wind_0,This staff will carve the very air like the winds of Bora.,This staff will carve the very air like the winds of Bora.,1600
vox_plr_1_place_gramophone_0,Perhaps we may discover song's meaning.,Perhaps we may discover song's meaning.,1600
vox_plr_1_powerup_ammo_0,The gift of ammunition has been bestowed upon us.,The gift of ammunition has been bestowed upon us.,1600
vox_plr_1_powerup_ammo_1,"Ammunition shared amongst us all, as it should be.","Ammunition shared amongst us all, as it should be.",1600
vox_plr_1_powerup_ammo_2,We have the means to ensure our victory.,We have the means to ensure our victory.,1600
vox_plr_1_powerup_firesale_0,"Finally, the box seeks to redistribute ownership of its~material goods.","Finally, the box seeks to redistribute ownership of its~material goods.",1600
vox_plr_1_powerup_firesale_1,The weapons of the box are now within the grasp of the~common man.,The weapons of the box are now within the grasp of the~common man.,1600
vox_plr_1_powerup_firesale_2,I fear this revolution will not last.,I fear this revolution will not last.,1600
vox_plr_1_powerup_insta_0,"With greater strength, we will crush our enemies!","With greater strength, we will crush our enemies!",1600
vox_plr_1_powerup_insta_1,I feel a ferocious power coursing through my veins.,I feel a ferocious power coursing through my veins.,1600
vox_plr_1_powerup_insta_2,I am even more eager for battle than before!,I am even more eager for battle than before!,1600
vox_plr_1_powerup_nuke_0,"So much evil, swept away by a mighty force.","So much evil, swept away by a mighty force.",1600
vox_plr_1_powerup_nuke_1,Perhaps these unknown forces seek to help us.,Perhaps these unknown forces seek to help us.,1600
vox_plr_1_powerup_nuke_2,"Like strong men, our enemies fall before us.","Like strong men, our enemies fall before us.",1600
vox_plr_1_powerup_zombie_blood_0,I feel different. A foul stench floods my nostrils.,I feel different. A foul stench floods my nostrils.,1600
vox_plr_1_powerup_zombie_blood_1,I have something in common with the undead masses.,I have something in common with the undead masses.,1600
vox_plr_1_powerup_zombie_blood_2,They mistake me for one of their own.,They mistake me for one of their own.,1600
vox_plr_1_purge_robot_0,That sounds ominous.,That sounds ominous.,1600
vox_plr_1_rebuild_boards_0,At least these boards will keep them out for short time.,At least these boards will keep them out for short time.,1600
vox_plr_1_rebuild_boards_1,This will slow their assault.,This will slow their assault.,1600
vox_plr_1_recapture_initiated_0,The Hellspawn fight for control of the generators.,The Hellspawn fight for control of the generators.,1600
vox_plr_1_recapture_initiated_1,We must repel their attack or the generator will fall!,We must repel their attack or the generator will fall!,1600
vox_plr_1_recapture_prevented_0,We emerge victorious from battle!,We emerge victorious from battle!,1600
vox_plr_1_recapture_prevented_1,Their assault has been repelled. The area is ours.,Their assault has been repelled. The area is ours.,1600
vox_plr_1_respond_maxis_4_0,"If it really contains weapons, I will break it open.","If it really contains weapons, I will break it open.",1600
vox_plr_1_revive_player_0,Do not think me ungrateful.,Do not think me ungrateful.,1600
vox_plr_1_revive_player_1,See what happens when we work together?,See what happens when we work together?,1600
vox_plr_1_revive_player_2,I was ready and willing to give my life for the greater~good.,I was ready and willing to give my life for the greater~good.,1600
vox_plr_1_revive_player_3,Forgive my carelessness.,Forgive my carelessness.,1600
vox_plr_1_revive_player_4,"Once more, I rise against our common enemy.","Once more, I rise against our common enemy.",1600
vox_plr_1_roaming_zombies_0,They're amassing for assault on Generator.,They're amassing for assault on Generator.,1600
vox_plr_1_roaming_zombies_1,We must repel their attack on Generator.,We must repel their attack on Generator.,1600
vox_plr_1_robot_crush_golden_0,"Sometimes, a soldier is saved by his equipment.","Sometimes, a soldier is saved by his equipment.",1600
vox_plr_1_robot_crush_mech_0,Hey! The mud has him trapped!,Hey! The mud has him trapped!,1600
vox_plr_1_robot_crush_player_0,"Someone, help me to my feet!","Someone, help me to my feet!",1600
vox_plr_1_robot_crush_player_1,I need help! I am injured!,I need help! I am injured!,1600
vox_plr_1_robot_crush_zombie_0,Haha! The robot proves unlikely ally!,Haha! The robot proves unlikely ally!,1600
vox_plr_1_rspnd_drone_revive_0,"Thank you, Strange Machine.","Thank you, Strange Machine.",1600
vox_plr_1_rspnd_drone_revive_1,"The machine saved me, but how?","The machine saved me, but how?",1600
vox_plr_1_rspnd_drone_revive_2,Snatched from the jaws of death.,Snatched from the jaws of death.,1600
vox_plr_1_rspnd_mech_grab_0,It has me!,It has me!,1600
vox_plr_1_rspnd_mech_grab_1,"Let go, Iron Monster!","Let go, Iron Monster!",1600
vox_plr_1_rspnd_mech_jump_0,How can something so heavy take to air?,How can something so heavy take to air?,1600
vox_plr_1_sam_nikolai_1_0,I am a proud revolutionary. You need not tell me what I~already know.,I am a proud revolutionary. You need not tell me what I~already know.,1600
vox_plr_1_sam_nikolai_2_0,"Maybe you have wrong, man. I seek power only for the~people.","Maybe you have wrong, man. I seek power only for the~people.",1600
vox_plr_1_see_robots_0,Such machines could conquer nations!,Such machines could conquer nations!,1600
vox_plr_1_shoot_mech_arm_0,Take out his arm!,Take out his arm!,1600
vox_plr_1_shoot_mech_arm_1,Target the arm!,Target the arm!,1600
vox_plr_1_shoot_mech_arm_2,Try to shoot his arm!,Try to shoot his arm!,1600
vox_plr_1_shoot_mech_head_0,Shoot his head!,Shoot his head!,1600
vox_plr_1_shoot_mech_head_1,Aim for head!,Aim for head!,1600
vox_plr_1_shoot_mech_head_2,Put bullet in head!,Put bullet in head!,1600
vox_plr_1_shoot_mech_power_0,Maybe the glow is his weak spot!,Maybe the glow is his weak spot!,1600
vox_plr_1_shoot_robot_0,The Giant's armor is impenetrable.,The Giant's armor is impenetrable.,1600
vox_plr_1_shoot_robot_1,Our fire will not damage robot!,Our fire will not damage robot!,1600
vox_plr_1_siren_1st_time_0,"What does the siren signify, Chairman?","What does the siren signify, Chairman?",1600
vox_plr_1_siren_generic_0,Sounds like trouble!,Sounds like trouble!,1600
vox_plr_1_siren_generic_1,The armored zombies are moving in!,The armored zombies are moving in!,1600
vox_plr_1_siren_generic_2,"Again, we must battle the armored ones.","Again, we must battle the armored ones.",1600
vox_plr_1_srnd_rspnd_to_plr_0_neg_0,"You're on your own, American.","You're on your own, American.",1600
vox_plr_1_srnd_rspnd_to_plr_0_neg_1,"I have problems of my own, Dempsey!","I have problems of my own, Dempsey!",1600
vox_plr_1_srnd_rspnd_to_plr_0_neg_2,This would not have happened if you were a better soldier.,This would not have happened if you were a better soldier.,1600
vox_plr_1_srnd_rspnd_to_plr_0_neg_3,"You have sealed your own fate, Dempsey!","You have sealed your own fate, Dempsey!",1600
vox_plr_1_srnd_rspnd_to_plr_0_neg_4,"Where were you when I needed help, American?","Where were you when I needed help, American?",1600
vox_plr_1_srnd_rspnd_to_plr_0_pos_0,Dempsey needs our help!,Dempsey needs our help!,1600
vox_plr_1_srnd_rspnd_to_plr_0_pos_1,We cannot allow them to kill the American!,We cannot allow them to kill the American!,1600
vox_plr_1_srnd_rspnd_to_plr_0_pos_2,We need Dempsey alive! His skills are too valuable to~waste!,We need Dempsey alive! His skills are too valuable to~waste!,1600
vox_plr_1_srnd_rspnd_to_plr_0_pos_3,The American is being overwhelmed! Give him fire support!,The American is being overwhelmed! Give him fire support!,1600
vox_plr_1_srnd_rspnd_to_plr_0_pos_4,The American will be killed unless we intervene!,The American will be killed unless we intervene!,1600
vox_plr_1_srnd_rspnd_to_plr_2_neg_0,"You have brought this upon yourself, German!","You have brought this upon yourself, German!",1600
vox_plr_1_srnd_rspnd_to_plr_2_neg_1,You will pay price for dabbling in the occult.,You will pay price for dabbling in the occult.,1600
vox_plr_1_srnd_rspnd_to_plr_2_neg_2,"Your own actions may have sealed your fate, Richtofen.","Your own actions may have sealed your fate, Richtofen.",1600
vox_plr_1_srnd_rspnd_to_plr_2_neg_3,"I will enjoy watching you fight for your life, German!","I will enjoy watching you fight for your life, German!",1600
vox_plr_1_srnd_rspnd_to_plr_2_neg_4,"Cling to life, German. It is all you have left.","Cling to life, German. It is all you have left.",1600
vox_plr_1_srnd_rspnd_to_plr_2_pos_0,We need to protect the German!,We need to protect the German!,1600
vox_plr_1_srnd_rspnd_to_plr_2_pos_1,We are in danger of losing Richtofen.,We are in danger of losing Richtofen.,1600
vox_plr_1_srnd_rspnd_to_plr_2_pos_2,"I would let you die, German, but I need you alive.","I would let you die, German, but I need you alive.",1600
vox_plr_1_srnd_rspnd_to_plr_2_pos_3,"In different circumstances, I would let you die, German.","In different circumstances, I would let you die, German.",1600
vox_plr_1_srnd_rspnd_to_plr_2_pos_4,We cannot allow the German to fall. There is much to learn~from him.,We cannot allow the German to fall. There is much to learn~from him.,1600
vox_plr_1_srnd_rspnd_to_plr_3_neg_0,"Like the ruling elite, Takeo's day of reckoning is fast~approaching.","Like the ruling elite, Takeo's day of reckoning is fast~approaching.",1600
vox_plr_1_srnd_rspnd_to_plr_3_neg_1,"You brag about your warrior spirit, but yet allow yourself~to be surrounded.","You brag about your warrior spirit, but yet allow yourself~to be surrounded.",1600
vox_plr_1_srnd_rspnd_to_plr_3_neg_2,You must be in trouble if you seek help from a Bolshevik~revolutionary.,You must be in trouble if you seek help from a Bolshevik~revolutionary.,1600
vox_plr_1_srnd_rspnd_to_plr_3_neg_3,"If you are such great samurai, then why not show us?","If you are such great samurai, then why not show us?",1600
vox_plr_1_srnd_rspnd_to_plr_3_neg_4,I would hope you do not look to me for help.,I would hope you do not look to me for help.,1600
vox_plr_1_srnd_rspnd_to_plr_3_pos_0,Keep fighting Takeo! Let them taste your steel!,Keep fighting Takeo! Let them taste your steel!,1600
vox_plr_1_srnd_rspnd_to_plr_3_pos_1,I have fated our Japanese comrade will emerge victorious.,I have fated our Japanese comrade will emerge victorious.,1600
vox_plr_1_srnd_rspnd_to_plr_3_pos_2,"Though outnumbered, Takeo will not falter.","Though outnumbered, Takeo will not falter.",1600
vox_plr_1_srnd_rspnd_to_plr_3_pos_3,"Show them the warrior spirit, Takeo!","Show them the warrior spirit, Takeo!",1600
vox_plr_1_srnd_rspnd_to_plr_3_pos_4,"Cut them down, Tankio! Like the rats they are!","Cut them down, Tankio! Like the rats they are!",1600
vox_plr_1_struggle_mud_0,"Ugh, this mud! I can barely move!","Ugh, this mud! I can barely move!",1600
vox_plr_1_struggle_mud_1,I... I fear I will be easy prey in this deep mud.,I... I fear I will be easy prey in this deep mud.,1600
vox_plr_1_take_weapon_2nd_time_0,"Though I do not trust the German, he at least spoke~truthfully about this box.","Though I do not trust the German, he at least spoke~truthfully about this box.",1600
vox_plr_1_take_weapon_intro_0,I am simple man. I cannot begin to understand the means~behind this object.,I am simple man. I cannot begin to understand the means~behind this object.,1600
vox_plr_1_tank_rspnd_generic_0,We should have stayed as group.,We should have stayed as group.,1600
vox_plr_1_tank_rspnd_to_plr_0_0,I'm sorry Dempsey!,I'm sorry Dempsey!,1600
vox_plr_1_tank_rspnd_to_plr_2_0,"Start running, German! Maybe you can catch up!","Start running, German! Maybe you can catch up!",1600
vox_plr_1_tank_rspnd_to_plr_3_0,"We did not choose to abandon you, Takeo!","We did not choose to abandon you, Takeo!",1600
vox_plr_1_use_beacon_0,Better we use these machines to our own advantage.,Better we use these machines to our own advantage.,1600
vox_plr_1_use_beacon_1,Robot fire support incoming!,Robot fire support incoming!,1600
vox_plr_1_use_beacon_2,Stay clear! This area will be consumed in flames!,Stay clear! This area will be consumed in flames!,1600
vox_plr_1_use_box_2nd_time_0,It is only because of our dire situation I am willing to~meddle with this supernatural object.,It is only because of our dire situation I am willing to~meddle with this supernatural object.,1600
vox_plr_1_use_box_intro_0,I do not understand this need for payment.,I do not understand this need for payment.,1600
vox_plr_1_warn_robot_0,Show caution when walking robot's path.,Show caution when walking robot's path.,1600
vox_plr_1_warn_robot_1,We are in Robot's Patrol Route.,We are in Robot's Patrol Route.,1600
vox_plr_1_warn_robot_foot_0,Look out!,Look out!,1600
vox_plr_1_warn_robot_foot_1,The Robot!,The Robot!,1600
vox_plr_1_wpck_crappy_0,"Do not attempt to cheat me from what is rightfully mine,~box.","Do not attempt to cheat me from what is rightfully mine,~box.",1600
vox_plr_1_wpck_crappy_1,There is much I do not understand about this mysterious~box.,There is much I do not understand about this mysterious~box.,1600
vox_plr_1_wpck_crappy_2,I would be better off with basic farming tools.,I would be better off with basic farming tools.,1600
vox_plr_1_wpck_crappy_3,"Your wealth cannot be withheld forever. One day, I will~take all you possess.","Your wealth cannot be withheld forever. One day, I will~take all you possess.",1600
vox_plr_1_wpck_crappy_4,Am I supposed to be grateful?,Am I supposed to be grateful?,1600
vox_plr_1_wpck_duel_0,Two pistols will allow me to exact my revenge more~swiftly.,Two pistols will allow me to exact my revenge more~swiftly.,1600
vox_plr_1_wpck_duel_1,A storm of bullets will rain upon the rotten bones.,A storm of bullets will rain upon the rotten bones.,1600
vox_plr_1_wpck_duel_2,Each pistol will find its own target.,Each pistol will find its own target.,1600
vox_plr_1_wpck_duel_3,"Like Gunfighter from Old West, I will be quick on draw,~yeah?","Like Gunfighter from Old West, I will be quick on draw,~yeah?",1600
vox_plr_1_wpck_duel_4,"You appear generous, Box. Should I be suspicious?","You appear generous, Box. Should I be suspicious?",1600
vox_plr_1_wpck_explo_0,Even those creatures could not survive an explosion.,Even those creatures could not survive an explosion.,1600
vox_plr_1_wpck_explo_1,A well-timed detonation will crush the horde.,A well-timed detonation will crush the horde.,1600
vox_plr_1_wpck_explo_2,I find brute force effective in many situations.,I find brute force effective in many situations.,1600
vox_plr_1_wpck_explo_3,I think we all know what I will do with this.,I think we all know what I will do with this.,1600
vox_plr_1_wpck_explo_4,"With this, even the blood in their veins will burn.","With this, even the blood in their veins will burn.",1600
vox_plr_1_wpck_mg_0,"Though light, this is still very powerful weapon.","Though light, this is still very powerful weapon.",1600
vox_plr_1_wpck_mg_1,I will unleash storm of lead upon those hell pigs.,I will unleash storm of lead upon those hell pigs.,1600
vox_plr_1_wpck_mg_2,Rapid Fire is advantageous when facing such overwhelming~cards.,Rapid Fire is advantageous when facing such overwhelming~cards.,1600
vox_plr_1_wpck_mg_3,Those rats will not be able to withstand such firepower.,Those rats will not be able to withstand such firepower.,1600
vox_plr_1_wpck_mg_4,The undead will meet violent demise in quick succession.,The undead will meet violent demise in quick succession.,1600
vox_plr_1_wpck_monkey_0,Yet more madness. This looks like child's toy.,Yet more madness. This looks like child's toy.,1600
vox_plr_1_wpck_monkey_1,"When the monkey plays his song, bloodshed will follow.","When the monkey plays his song, bloodshed will follow.",1600
vox_plr_1_wpck_monkey_2,The monkey appears to be a decoy of some kind.,The monkey appears to be a decoy of some kind.,1600
vox_plr_1_wpck_monkey_3,Only a decade in German would devise an explosive monkey.,Only a decade in German would devise an explosive monkey.,1600
vox_plr_1_wpck_monkey_4,"Come to Nikolai, little monkey. We will work as team.","Come to Nikolai, little monkey. We will work as team.",1600
vox_plr_1_wpck_pistol_0,"With such limited firepower, I must choose my targets~wisely.","With such limited firepower, I must choose my targets~wisely.",1600
vox_plr_1_wpck_pistol_1,"No matter what I am given, I will make good use of it.","No matter what I am given, I will make good use of it.",1600
vox_plr_1_wpck_pistol_2,"With this pistol, I will kill many rats.","With this pistol, I will kill many rats.",1600
vox_plr_1_wpck_pistol_3,"I will kill hundreds on the battlefield, even if armed~only with pistol.","I will kill hundreds on the battlefield, even if armed~only with pistol.",1600
vox_plr_1_wpck_pistol_4,Who dares to face Nikolai?,Who dares to face Nikolai?,1600
vox_plr_1_wpck_ray_0,What manner of weapon is this?,What manner of weapon is this?,1600
vox_plr_1_wpck_ray_1,I heard tales of such weapons. I did not believe until~now.,I heard tales of such weapons. I did not believe until~now.,1600
vox_plr_1_wpck_ray_2,There is something very mysterious about this weapon.,There is something very mysterious about this weapon.,1600
vox_plr_1_wpck_ray_3,I would fear the worst should the Germans be armed with~weapons such as this.,I would fear the worst should the Germans be armed with~weapons such as this.,1600
vox_plr_1_wpck_ray_4,The mechanical design of this weapon is unlike anything~I've ever seen.,The mechanical design of this weapon is unlike anything~I've ever seen.,1600
vox_plr_1_wpck_raymk2_0,Yet another weapon of unusual design. What is really~behind this box?,Yet another weapon of unusual design. What is really~behind this box?,1600
vox_plr_1_wpck_raymk2_1,An army with such lethal weaponry could conquer the Earth!,An army with such lethal weaponry could conquer the Earth!,1600
vox_plr_1_wpck_raymk2_2,I have seen what this can do. The rats will die swiftly~and in great numbers.,I have seen what this can do. The rats will die swiftly~and in great numbers.,1600
vox_plr_1_wpck_raymk2_3,My fire will carve a path through the masses.,My fire will carve a path through the masses.,1600
vox_plr_1_wpck_raymk2_4,Perhaps even more powerful weaponry may be hidden in this~land.,Perhaps even more powerful weaponry may be hidden in this~land.,1600
vox_plr_1_wpck_rifle_0,I have fired many rifles. Few seemed as impressive as~this.,I have fired many rifles. Few seemed as impressive as~this.,1600
vox_plr_1_wpck_rifle_1,"Though simple in its construction, this weapon's power~cannot be denied.","Though simple in its construction, this weapon's power~cannot be denied.",1600
vox_plr_1_wpck_rifle_2,I will kill many hell pigs with this rifle.,I will kill many hell pigs with this rifle.,1600
vox_plr_1_wpck_rifle_3,This is not unfamiliar to me. I trained with rifles much~like this.,This is not unfamiliar to me. I trained with rifles much~like this.,1600
vox_plr_1_wpck_rifle_4,"There is little a Russian soldier values more than his~rifle, especially in his pants.","There is little a Russian soldier values more than his~rifle, especially in his pants.",1600
vox_plr_1_wpck_shotgun_0,One blast from this shotgun will knock them straight off~their feet.,One blast from this shotgun will knock them straight off~their feet.,1600
vox_plr_1_wpck_shotgun_1,"With this shotgun, I will enter battle with strong heart.","With this shotgun, I will enter battle with strong heart.",1600
vox_plr_1_wpck_shotgun_2,"A shotgun may be crude and inaccurate, but it suits me~well.","A shotgun may be crude and inaccurate, but it suits me~well.",1600
vox_plr_1_wpck_shotgun_3,No Hell Pig can withstand such firepower.,No Hell Pig can withstand such firepower.,1600
vox_plr_1_wpck_shotgun_4,Who among us deserves such a weapon more than I?,Who among us deserves such a weapon more than I?,1600
vox_plr_1_wpck_smg_0,Such a powerful weapon belongs in hands of true Russian.,Such a powerful weapon belongs in hands of true Russian.,1600
vox_plr_1_wpck_smg_1,They will be cut down like fields of wheat and barley.,They will be cut down like fields of wheat and barley.,1600
vox_plr_1_wpck_smg_2,The speed of this weapon's fire will be matched by the~speed of their deaths.,The speed of this weapon's fire will be matched by the~speed of their deaths.,1600
vox_plr_1_wpck_smg_3,Any army wielding such weapons would prove invincible.,Any army wielding such weapons would prove invincible.,1600
vox_plr_1_wpck_smg_4,I believe luck may now be on my side.,I believe luck may now be on my side.,1600
vox_plr_1_wpck_snipe_0,I think you have me confused with a fucking sniper.,I think you have me confused with Sniper.,1600
vox_plr_1_wpck_snipe_1,What is this? Why no machine gun?,What is this? Why no machine gun?,1600
vox_plr_1_wpck_snipe_2,They attack with strength in numbers and brute force. I~need something with greater firepower.,They attack with strength in numbers and brute force. I~need something with greater firepower.,1600
vox_plr_1_wpck_snipe_3,Sniper rifles are not well suited to trench warfare.,Sniper rifles are not well suited to trench warfare.,1600
vox_plr_1_wpck_snipe_4,"If I were an assassin with single target, I would welcome~such a weapon.","If I were an assassin with single target, I would welcome~such a weapon.",1600
vox_plr_1_zm_box_complete_0,Its appetite for the dead appears to have been sated.,Its appetite for the dead appears to have been sated.,1600
vox_plr_1_zm_box_continue_0,How can an object draw energy from the dead?,How can an object draw energy from the dead?,1600
vox_plr_1_zm_box_encourage_0,It needs more energy!,It needs more energy!,1600
vox_plr_1_zm_box_encourage_1,Maintain fire. The object hungers for the dead.,Maintain fire. The object hungers for the dead.,1600
vox_plr_1_zm_box_final_complete_0,"Your science cannot explain this, German.","Your science cannot explain this, German.",1600
vox_plr_1_zm_box_start_0,Why does this box glow with light?,Why does this box glow with light?,1600
vox_plr_1_zones_held_0,What is advantage to control of all machines?,What is advantage to control of all machines?,1600
vox_plr_2_1st_staff_found_0,"I will find the staff pieces, Samantha. I know their power~will help protect me.","I will find the staff pieces, Samantha. I know their power~will help protect me.",1600
vox_plr_2_4th_staff_crafted_0,"These staffs were crafted by Maxis, Samantha. They are not~evidence of your mythical realm.","These staffs were crafted by Maxis, Samantha. They are not~evidence of your mythical realm.",1600
vox_plr_2_4th_staff_crafted_1,This will not be easy. The riddles drove Maxis out of his~mind.,This will not be easy. The riddles drove Maxis out of his~mind.,1600
vox_plr_2_activate_generic_0,Now we will see.,Now we will see.,1600
vox_plr_2_activate_generic_1,So it begins.,So it begins.,1600
vox_plr_2_activate_generic_2,We must get this started.,We must get this started.,1600
vox_plr_2_air_chute_landing_0,"Initial test subjects failed to survive the purge~sequence, hence the addition of the velocity compensator.","Initial test subjects failed to survive the purge~sequence, hence the addition of the velocity compensator.",1600
vox_plr_2_ammo_low_0,I need a reload! Fast!,I need a reload! Fast!,1600
vox_plr_2_ammo_low_1,I fear I will soon be unable to defend myself.,I fear I will soon be unable to defend myself.,1600
vox_plr_2_ammo_low_2,I need bullets!,I need bullets!,1600
vox_plr_2_ammo_low_3,"Without ammo, I will not survive!","Without ammo, I will not survive!",1600
vox_plr_2_ammo_low_4,Where is ammunition when you need it?,Where is ammunition when you need it?,1600
vox_plr_2_ammo_out_0,Nein! Das ist nicht gut!,Nein! Das ist nicht gut!,1600
vox_plr_2_ammo_out_1,I have no means to defend myself!,I have no means to defend myself!,1600
vox_plr_2_ammo_out_2,My weapon is empty!,My weapon is empty!,1600
vox_plr_2_ammo_out_3,Nein! I will not submit!,Nein! I will not submit!,1600
vox_plr_2_ammo_out_4,"With no ammo, what hope remains?","With no ammo, what hope remains?",1600
vox_plr_2_box_move_0,"You're simply trying to make my life difficult. Aren't~you, Samantha?","You're simply trying to make my life difficult. Aren't~you, Samantha?",1600
vox_plr_2_box_move_1,"You cannot run from me, Box. I will find you.","You cannot run from me, Box. I will find you.",1600
vox_plr_2_box_move_2,Where oh where have you gone to now?,Where oh where have you gone to now?,1600
vox_plr_2_box_move_3,I cannot say I am entirely surprised.,I cannot say I am entirely surprised.,1600
vox_plr_2_box_move_4,This is nicht gut. Nicht gut at all.,This is nicht gut. Nicht gut at all.,1600
vox_plr_2_build_dd_final_0,"We are nearly finished, Maxis.","We are nearly finished, Maxis.",1600
vox_plr_2_build_dd_final_1,"Soon, mein Freund.","Soon, mein Freund.",1600
vox_plr_2_build_dd_final_2,Und hier ist the final piece of the puzzle.,Und hier ist the final piece of the puzzle.,1600
vox_plr_2_build_dd_pickup_0,"Ah, a piece of the Sky Drone. Excellent!","Ah, a piece of the Sky Drone. Excellent!",1600
vox_plr_2_build_dd_pickup_1,"Then I have all the pieces. You will live again, my dear~Maxis.","Then I have all the pieces. You will live again, my dear~Maxis.",1600
vox_plr_2_build_dd_pickup_2,Can't forget this. It's very important indeed.,Can't forget this. It's very important indeed.,1600
vox_plr_2_build_dd_take_0,"Okay, it is time to test this in the field.","Okay, it is time to test this in the field.",1600
vox_plr_2_build_zs_final_0,"Everyone, gather round. I have made something to benefit~us all.","Everyone, gather round. I have made something to benefit~us all.",1600
vox_plr_2_build_zs_final_1,My work here is nearly at an end.,My work here is nearly at an end.,1600
vox_plr_2_build_zs_final_2,"All my life, I have made and modified things for my own~amusement.","All my life, I have made and modified things for my own~amusement.",1600
vox_plr_2_build_zs_pickup_0,"Ah, this component is just one part of something bigger.","Ah, this component is just one part of something bigger.",1600
vox_plr_2_build_zs_pickup_1,These pieces fit together to form an additional means of~defense.,These pieces fit together to form an additional means of~defense.,1600
vox_plr_2_build_zs_pickup_2,I need to take these parts to a suitable work area.,I need to take these parts to a suitable work area.,1600
vox_plr_2_build_zs_take_0,"It is a little heavier than I would like, but it should~prove effective.","It is a little heavier than I would like, but it should~prove effective.",1600
vox_plr_2_buy_tank_0,We will traverse the battlefield from a position of~relative safety.,We will traverse the battlefield from a position of~relative safety.,1600
vox_plr_2_capture_zombies_0,Look out! They are manifesting in our immediate area!,Look out! They are manifesting in our immediate area!,1600
vox_plr_2_capture_zombies_1,Don't let them disrupt the conversion process!,Don't let them disrupt the conversion process!,1600
vox_plr_2_capture_zombies_2,They are appearing all around us!,They are appearing all around us!,1600
vox_plr_2_capture_zombies_3,"Are you behind this, Samantha?","Are you behind this, Samantha?",1600
vox_plr_2_capture_zones_0,"As the 115 generators came online, the appearance of this~object shimmered and shifted, as though dropping in and|out of reality itself.","As the 115 generators came online, the appearance of this~object shimmered and shifted, as though dropping in and|out of reality itself.",1600
vox_plr_2_confusion_generic_0,Such things defy explanation.,Such things defy explanation.,1600
vox_plr_2_confusion_generic_1,I believe only in science.,I believe only in science.,1600
vox_plr_2_confusion_generic_2,More Mystic Riddles.,More Mystic Riddles.,1600
vox_plr_2_cool_tank_0,"Unfortunately, the tank's engines need time to cool down.","Unfortunately, the tank's engines need time to cool down.",1600
vox_plr_2_cool_tank_1,"One day, 115 will provide limitless energy. Mechanical~failure such as this will be a memory.","One day, 115 will provide limitless energy. Mechanical~failure such as this will be a memory.",1600
vox_plr_2_cool_tank_2,We cannot continue until its engines have cooled.,We cannot continue until its engines have cooled.,1600
vox_plr_2_crawler_attack_0,Ah! So irritating!,Ah! So irritating!,1600
vox_plr_2_crawler_attack_1,Why do you refuse to give up?,Why do you refuse to give up?,1600
vox_plr_2_crawler_attack_2,"You're very hungry, considering there's only half of you.","You're very hungry, considering there's only half of you.",1600
vox_plr_2_crawler_attack_3,"Next time, remind me to kick your teeth out!","Next time, remind me to kick your teeth out!",1600
vox_plr_2_crawler_kill_0,Make sure you tell Samantha that we are going to win.,Make sure you tell Samantha that we are going to win.,1600
vox_plr_2_crawler_kill_1,I'd had just about enough of you!,I'd had just about enough of you!,1600
vox_plr_2_crawler_kill_2,No more will you nibble at my lower quarters!,No more will you nibble at my lower quarters!,1600
vox_plr_2_crawler_kill_3,"You pushed me too far, little demon!","You pushed me too far, little demon!",1600
vox_plr_2_crawler_start_0,"Though halved, you may prove to be twice as annoying.","Though halved, you may prove to be twice as annoying.",1600
vox_plr_2_crawler_start_1,Losing your legs does not appear to have slowed your pace!,Losing your legs does not appear to have slowed your pace!,1600
vox_plr_2_crawler_start_2,Get on the floor! It's where filth like you belong!,Get on the floor! It's where filth like you belong!,1600
vox_plr_2_crawler_start_3,What is it that you are so eager to live for?,What is it that you are so eager to live for?,1600
vox_plr_2_dig_cash_0,"You're toying with me, aren't you, Samantha?","You're toying with me, aren't you, Samantha?",1600
vox_plr_2_dig_grenade_0,Get back! Grenade!,Get back! Grenade!,1600
vox_plr_2_dig_gun_0,I was lucky this time. I know what else lies beneath.,I was lucky this time. I know what else lies beneath.,1600
vox_plr_2_dig_powerup_0,"Throwing us a bone, Samantha!","Throwing us a bone, Samantha!",1600
vox_plr_2_dig_staff_part_0,I had thought the staff parts were lost forever.,I had thought the staff parts were lost forever.,1600
vox_plr_2_dig_zombie_0,GET BACK!,GET BACK!,1600
vox_plr_2_discover_dig_site_0,The excavation site is up ahead. We will seize the undead~in higher numbers.,The excavation site is up ahead. We will seize the undead~in higher numbers.,1600
vox_plr_2_discover_mech_0,"It is one of our suit operators, infected during the dig.","It is one of our suit operators, infected during the dig.",1600
vox_plr_2_discover_robot_0,"The Giant Robots may be our greatest scientific~achievement, made possible only because of Element 115.","The Giant Robots may be our greatest scientific~achievement, made possible only because of Element 115.",1600
vox_plr_2_discover_tank_0,I believe the tank may still be operational.,I believe the tank may still be operational.,1600
vox_plr_2_discover_wall_buy_0,The chalk drawings appeared overnight. We have been unable~to explain their origins.,The chalk drawings appeared overnight. We have been unable~to explain their origins.,1600
vox_plr_2_discover_wonder_1_0,"Ah, the wonder of his machine.","Ah, the wonder of his machine.",1600
vox_plr_2_discover_wonder_2_0,Ancient mysticism harnessed by our technology.,Ancient mysticism harnessed by our technology.,1600
vox_plr_2_discover_wonder_3_0,It offers further means to aid our survival.,It offers further means to aid our survival.,1600
vox_plr_2_earn_acheivement_0,I do not even know what process led to this award.,I do not even know what process led to this award.,1600
vox_plr_2_earn_acheivement_1,"Did I do something? I mean, apart from accidentally~unleashing the zombie horde.","Did I do something? I mean, apart from accidentally~unleashing the zombie horde.",1600
vox_plr_2_end_round_1_7_0,"I must work quickly. There's so much to do. A vessel for~Maxis, the staffs, the opening of the gateway.","I must work quickly. There's so much to do. A vessel for~Maxis, the staffs, the opening of the gateway.",1600
vox_plr_2_end_round_2_2_0,How am I meant to work when all around me I am beset by~the voices of the damned and the doomed?,How am I meant to work when all around me I am beset by~the voices of the damned and the doomed?,1600
vox_plr_2_end_round_2_3_1,"Calm down, Edward! Focus! Was I bitten? Was I scratched?~Nein, nein, nein, I'm being paranoid. I must remember what|Maxis taught me.","Calm down, Edward! Focus! Was I bitten? Was I scratched?~Nein, nein, nein, I'm being paranoid. I must remember what|Maxis taught me.",1600
vox_plr_2_enter_robot_0,At least we will be safe for a few moments.,At least we will be safe for a few moments.,1600
vox_plr_2_enter_robot_1,The robot patrols the site. It allows nothing to leave.,The robot patrols the site. It allows nothing to leave.,1600
vox_plr_2_exit_robot_0,AHHHH!,AHHHH!,1600
vox_plr_2_exit_tank_0,Dah! I'm getting off.,Dah! I'm getting off.,1600
vox_plr_2_exit_tank_1,I cannot stay here forever.,I cannot stay here forever.,1600
vox_plr_2_exit_tank_2,This is where I get off.,This is where I get off.,1600
vox_plr_2_find_secret_0,Is this unconnected to the music we need to unlock the~hidden chambers?,Is this unconnected to the music we need to unlock the~hidden chambers?,1600
vox_plr_2_game_start_0,I... I am alive! Yeah! It's the brain. There's the brain.~I... I completed the operation. Then... Then the robot|attacked and...,I... I am alive! Yeah! It's the brain. There's the brain.~I... I completed the operation. Then... Then the robot|attacked and...,1600
vox_plr_2_game_start_1,Nein! Maxis must wait. They will be here again soon. I~must prepare the defenses. Start up the conversion|generators.,Nein! Maxis must wait. They will be here again soon. I~must prepare the defenses. Start up the conversion|generators.,1600
vox_plr_2_game_start_meet_4_0,We do not have much time. They will return soon.,We do not have much time. They will return soon.,1600
vox_plr_2_generator_find_0,We need to get the 115 conversion generators operational.~They are essential to our survival.,We need to get the 115 conversion generators operational.~They are essential to our survival.,1600
vox_plr_2_generic_chastise_0,"Your anger comes as no surprise to me, Samantha.","Your anger comes as no surprise to me, Samantha.",1600
vox_plr_2_generic_chastise_1,The others may believe your lies. I know the truth.,The others may believe your lies. I know the truth.,1600
vox_plr_2_generic_chastise_2,"Were it up to me, I would leave you in Agartha for~eternity, Samantha.","Were it up to me, I would leave you in Agartha for~eternity, Samantha.",1600
vox_plr_2_generic_chastise_3,"You sound angry, Samantha. Are you not getting your own~way?","You sound angry, Samantha. Are you not getting your own~way?",1600
vox_plr_2_generic_encourage_0,"I seek the staff for myself, Samantha, not for you.","I seek the staff for myself, Samantha, not for you.",1600
vox_plr_2_generic_encourage_1,"Your words mean nothing to me, Samantha.","Your words mean nothing to me, Samantha.",1600
vox_plr_2_generic_encourage_2,Agartha is a myth. A myth that cost Maxis his sanity.,Agartha is a myth. A myth that cost Maxis his sanity.,1600
vox_plr_2_generic_wall_buy_0,At least this may allow my continued survival.,At least this may allow my continued survival.,1600
vox_plr_2_generic_wall_buy_1,"Did you put the chalk drawings here, Samantha?","Did you put the chalk drawings here, Samantha?",1600
vox_plr_2_generic_wall_buy_2,I need something now!,I need something now!,1600
vox_plr_2_get_beacon_0,"Yeah, we have a new weapon to aid our fight. The beacon~will draw the robot's fire.","Yeah, we have a new weapon to aid our fight. The beacon~will draw the robot's fire.",1600
vox_plr_2_head_rspnd_to_plr_0_neg_0,"After the American fired so many rounds, such a kill was~inevitable.","After the American fired so many rounds, such a kill was~inevitable.",1600
vox_plr_2_head_rspnd_to_plr_0_neg_1,"Your brutality knows no bounds, American.","Your brutality knows no bounds, American.",1600
vox_plr_2_head_rspnd_to_plr_0_neg_2,I expect no less from a Marine.,I expect no less from a Marine.,1600
vox_plr_2_head_rspnd_to_plr_0_neg_3,"You expect me to be impressed, American?","You expect me to be impressed, American?",1600
vox_plr_2_head_rspnd_to_plr_0_neg_4,"To me, you are just another arrogant American.","To me, you are just another arrogant American.",1600
vox_plr_2_head_rspnd_to_plr_0_pos_0,"Keep going, Dempsey. We may yet survive.","Keep going, Dempsey. We may yet survive.",1600
vox_plr_2_head_rspnd_to_plr_0_pos_1,"Were you trained as a sniper, Dempsey?","Were you trained as a sniper, Dempsey?",1600
vox_plr_2_head_rspnd_to_plr_0_pos_2,I now know why they call you Marines Dever Dogs.,I now know why they call you Marines Dever Dogs.,1600
vox_plr_2_head_rspnd_to_plr_0_pos_3,"Your skills in combat are unmatched, Dempsey.","Your skills in combat are unmatched, Dempsey.",1600
vox_plr_2_head_rspnd_to_plr_0_pos_4,"I'm glad you're on my side, Dempsey.","I'm glad you're on my side, Dempsey.",1600
vox_plr_2_head_rspnd_to_plr_1_neg_0,"There's so many targets, such a shot from the Russian was~inevitable.","There's so many targets, such a shot from the Russian was~inevitable.",1600
vox_plr_2_head_rspnd_to_plr_1_neg_1,"I expect you will be unable to repeat your success,~Russian.","I expect you will be unable to repeat your success,~Russian.",1600
vox_plr_2_head_rspnd_to_plr_1_neg_2,The undead succumb to the clumsy efforts of the Russians.,The undead succumb to the clumsy efforts of the Russians.,1600
vox_plr_2_head_rspnd_to_plr_1_neg_3,"You will hear no praise from me, Russian.","You will hear no praise from me, Russian.",1600
vox_plr_2_head_rspnd_to_plr_1_neg_4,"Do not expect gratitude, Russian. It was only a lucky~shot.","Do not expect gratitude, Russian. It was only a lucky~shot.",1600
vox_plr_2_head_rspnd_to_plr_1_pos_0,"I am surprised at you, Nikolai.","I am surprised at you, Nikolai.",1600
vox_plr_2_head_rspnd_to_plr_1_pos_1,Russians are not known for such skill.,Russians are not known for such skill.,1600
vox_plr_2_head_rspnd_to_plr_1_pos_2,"Nikolai, you're not as stupid as I first thought.","Nikolai, you're not as stupid as I first thought.",1600
vox_plr_2_head_rspnd_to_plr_1_pos_3,"Even in chaos, Nikolai's bullet finds its mark.","Even in chaos, Nikolai's bullet finds its mark.",1600
vox_plr_2_head_rspnd_to_plr_1_pos_4,Nikolai may be our new secret weapon.,Nikolai may be our new secret weapon.,1600
vox_plr_2_head_rspnd_to_plr_3_neg_0,"Maybe you should try using your sword, Takeo.","Maybe you should try using your sword, Takeo.",1600
vox_plr_2_head_rspnd_to_plr_3_neg_1,"What do you expect, Akail? Medals?","What do you expect, Akail? Medals?",1600
vox_plr_2_head_rspnd_to_plr_3_neg_2,"Your ancestors may be impressed, Takeo. I am not!","Your ancestors may be impressed, Takeo. I am not!",1600
vox_plr_2_head_rspnd_to_plr_3_neg_3,One lucky shot will not alter our fortunes.,One lucky shot will not alter our fortunes.,1600
vox_plr_2_head_rspnd_to_plr_3_neg_4,"Do it another 50 times, then I may be impressed.","Do it another 50 times, then I may be impressed.",1600
vox_plr_2_head_rspnd_to_plr_3_pos_0,"Perhaps I will stay by your side, Takeo.","Perhaps I will stay by your side, Takeo.",1600
vox_plr_2_head_rspnd_to_plr_3_pos_1,"Your samurai spirit is undeniable, Takeo!","Your samurai spirit is undeniable, Takeo!",1600
vox_plr_2_head_rspnd_to_plr_3_pos_2,"Keep going, Takeo. There are many more heads to shoot.","Keep going, Takeo. There are many more heads to shoot.",1600
vox_plr_2_head_rspnd_to_plr_3_pos_3,They were not worthy of your effort Takeo.,They were not worthy of your effort Takeo.,1600
vox_plr_2_head_rspnd_to_plr_3_pos_4,"Your skills are most impressive, my Japanese friend.","Your skills are most impressive, my Japanese friend.",1600
vox_plr_2_heal_revived_0,Even death is no escape.,Even death is no escape.,1600
vox_plr_2_heal_revived_1,"You owe me now, yeah?","You owe me now, yeah?",1600
vox_plr_2_heal_revived_2,Get up! We need you fighting!,Get up! We need you fighting!,1600
vox_plr_2_heal_revived_3,"I thought we'd lost you, sir.","I thought we'd lost you, sir.",1600
vox_plr_2_heal_revived_4,We need to work together. That is the only way we will~uncover the secrets of this place.,We need to work together. That is the only way we will~uncover the secrets of this place.,1600
vox_plr_2_heal_revived_neg_0,Call yourself a soldier. I have fought more bravely than~you.,Call yourself a soldier. I have fought more bravely than~you.,1600
vox_plr_2_heal_revived_neg_1,"I cannot allow you to die, even though you are of little~use.","I cannot allow you to die, even though you are of little~use.",1600
vox_plr_2_heal_revived_pos_0,You may be the one keeping us alive!,You may be the one keeping us alive!,1600
vox_plr_2_heal_revived_pos_1,"You fight with ferocity, my friend.","You fight with ferocity, my friend.",1600
vox_plr_2_hear_samantha_1_0,Her name is Samantha. We will hear her again. Over and~over. She will not stop.,Her name is Samantha. We will hear her again. Over and~over. She will not stop.,1600
vox_plr_2_hear_samantha_2_0,"I do not intend to follow my former friend into insanity.~Besides, I know what you really are, Samantha.","I do not intend to follow my former friend into insanity.~Besides, I know what you really are, Samantha.",1600
vox_plr_2_hear_samantha_3_0,"Your twisted games mean nothing to me, Samantha.","Your twisted games mean nothing to me, Samantha.",1600
vox_plr_2_heroes_confer_0,Her words drove my friend insane. He became convinced that~her voice held a message from the ancients. She claims to|be trapped in a mystical realm known as Agartha.,Her words drove my friend insane. He became convinced that~her voice held a message from the ancients. She claims to|be trapped in a mystical realm known as Agartha.,1600
vox_plr_2_kill_close_0,Keep off me!,Keep off me!,1600
vox_plr_2_kill_close_1,Nein! I will not submit!,Nein! I will not submit!,1600
vox_plr_2_kill_close_2,Why do you insist on getting so close?,Why do you insist on getting so close?,1600
vox_plr_2_kill_close_3,You seem drawn to me.,You seem drawn to me.,1600
vox_plr_2_kill_close_4,I am not ready or willing to die!,I am not ready or willing to die!,1600
vox_plr_2_kill_close_5,This is what happens when you get too close.,This is what happens when you get too close.,1600
vox_plr_2_kill_damaged_0,I will not become one of you!,I will not become one of you!,1600
vox_plr_2_kill_damaged_1,"You touch me, you die!","You touch me, you die!",1600
vox_plr_2_kill_damaged_2,"Keep your far, wretched hands away from me!","Keep your far, wretched hands away from me!",1600
vox_plr_2_kill_damaged_3,I was provoked!,I was provoked!,1600
vox_plr_2_kill_damaged_4,You are not the first I have killed! You will not be the~last!,You are not the first I have killed! You will not be the~last!,1600
vox_plr_2_kill_drone_0,"You are functioning perfectly, Maxis!","You are functioning perfectly, Maxis!",1600
vox_plr_2_kill_drone_1,"I will put things right, my friend. You will live again.","I will put things right, my friend. You will live again.",1600
vox_plr_2_kill_drone_2,"Stay close, Maxis! We need your help!","Stay close, Maxis! We need your help!",1600
vox_plr_2_kill_explo_0,The fire will consume you completely!,The fire will consume you completely!,1600
vox_plr_2_kill_explo_1,The heat from their burning flesh warms my heart.,The heat from their burning flesh warms my heart.,1600
vox_plr_2_kill_explo_2,"I do not think they could have survived that. If they did,~they're in more trouble than we thought.","I do not think they could have survived that. If they did,~they're in more trouble than we thought.",1600
vox_plr_2_kill_explo_3,Fire is my favorite way to dispose of unwanted specimens.,Fire is my favorite way to dispose of unwanted specimens.,1600
vox_plr_2_kill_explo_4,"At least it was over quickly. Well, after those final~moments of utter agony.","At least it was over quickly. Well, after those final~moments of utter agony.",1600
vox_plr_2_kill_fire_0,"The fires of hell, harnessed by science!","The fires of the underworld, harnessed by science.",1600
vox_plr_2_kill_fire_1,The heat will silence your screams forever.,The heat will silence your screams forever.,1600
vox_plr_2_kill_fire_2,The power of the Elemental Staffs will ensure Germany's~victory!,The power of the Elemental Staffs will ensure Germany's~victory!,1600
vox_plr_2_kill_fire_3,The elemental flames will burn forever. We cannot be~stopped.,The elemental flames will burn forever. We cannot be~stopped.,1600
vox_plr_2_kill_fire_4,"Now reduced to ash, you will return to the earth!","Now reduced to ash, you will return to the earth!",1600
vox_plr_2_kill_fire_upgrade_0,Prometheus himself bestowed upon us the gift of fire!,Prometheus himself bestowed upon us the gift of fire!,1600
vox_plr_2_kill_fire_upgrade_1,The day approaches when science will master all elemental~forces.,The day approaches when science will master all elemental~forces.,1600
vox_plr_2_kill_fire_upgrade_2,"The ancient knowledge, harnessed by the power of research.","The ancient knowledge, harnessed by the power of research.",1600
vox_plr_2_kill_fire_upgrade_3,I ignite even the ground beneath your feet!,I ignite even the ground beneath your feet!,1600
vox_plr_2_kill_fire_upgrade_4,Only primitives dare to defy my knowledge.,Only primitives dare to defy my knowledge.,1600
vox_plr_2_kill_headshot_0,Wir haben eine Seele!,Wir haben eine Seele!,1600
vox_plr_2_kill_headshot_1,I know others will take your place!,I know others will take your place!,1600
vox_plr_2_kill_headshot_2,"I have practiced with these weapons for a long time, you~know.","I have practiced with these weapons for a long time, you~know.",1600
vox_plr_2_kill_headshot_3,You can fall down now!,You can fall down now!,1600
vox_plr_2_kill_headshot_4,The need to survive is making me a better marksman.,The need to survive is making me a better marksman.,1600
vox_plr_2_kill_headshot_5,"Oh, I think I got a little lucky with that one.","Oh, I think I got a little lucky with that one.",1600
vox_plr_2_kill_headshot_6,Didn't even know what hit you.,Didn't even know what hit you.,1600
vox_plr_2_kill_headshot_7,I wish you'd all die so easily!,I wish you'd all die so easily!,1600
vox_plr_2_kill_headshot_8,That severed the cerebral cortex. I'm a doctor. I know~these things.,That severed the cerebral cortex. I'm a doctor. I know~these things.,1600
vox_plr_2_kill_ice_0,Do you feel the blood in your veins become ice?,Do you feel the blood in your veins become ice?,1600
vox_plr_2_kill_ice_1,"Once this energy is weaponized, the robots will march~across the face of the Earth.","Once this energy is weaponized, the robots will march~across the face of the Earth.",1600
vox_plr_2_kill_ice_2,Every atom that's in your body is transformed to~crystalline.,Every atom that's in your body is transformed to~crystalline.,1600
vox_plr_2_kill_ice_3,Such rapid change in temperature has never been known in~all of human history.,Such rapid change in temperature has never been known in~all of human history.,1600
vox_plr_2_kill_ice_upgrade_0,An energized blast is capable of freezing the ground~itself!,An energized blast is capable of freezing the ground~itself!,1600
vox_plr_2_kill_ice_upgrade_1,"Maxis, old friend, your work was not in vain.","Maxis, old friend, your work was not in vain.",1600
vox_plr_2_kill_ice_upgrade_2,"Combined with the 115, the water will freeze all that it~touches.","Combined with the 115, the water will freeze all that it~touches.",1600
vox_plr_2_kill_ice_upgrade_3,"When charged, the resonant energy creates an unstoppable~roll of ice.","When charged, the resonant energy creates an unstoppable~roll of ice.",1600
vox_plr_2_kill_ice_upgrade_4,See how 115 allows the elements to form a burst of~directed energy.,See how 115 allows the elements to form a burst of~directed energy.,1600
vox_plr_2_kill_insta_0,I will fight to the death! Yours!,I will fight to the death! Yours!,1600
vox_plr_2_kill_insta_1,You must be punished!,You must be punished!,1600
vox_plr_2_kill_insta_2,Do you see how strong I am?,Do you see how strong I am?,1600
vox_plr_2_kill_insta_3,Die quickly and painfully!,Die quickly and painfully!,1600
vox_plr_2_kill_insta_4,Like a knife through butter!,Like a knife through butter!,1600
vox_plr_2_kill_light_0,115 bestows the power of the heavens upon this staff.,115 bestows the power of the heavens upon this staff.,1600
vox_plr_2_kill_light_1,"Electricity, Giver and Taker of Life!","Electricity, Giver and Taker of Life!",1600
vox_plr_2_kill_light_2,The power of the staff is but a glimpse of the future.,The power of the staff is but a glimpse of the future.,1600
vox_plr_2_kill_light_3,"Yeah, see how the elements may fuse the armies of~tomorrow.","Yeah, see how the elements may fuse the armies of~tomorrow.",1600
vox_plr_2_kill_light_4,Nothing can withstand the flood of energy that flows from~this stuff.,Nothing can withstand the flood of energy that flows from~this stuff.,1600
vox_plr_2_kill_light_upgrade_0,"If I survive, the staff's potential for weaponization~would be unlimited!","If I survive, the staff's potential for weaponization~would be unlimited!",1600
vox_plr_2_kill_light_upgrade_1,"As the molecules in your body vibrate, the lightning~energy will tear you asunder.","As the molecules in your body vibrate, the lightning~energy will tear you asunder.",1600
vox_plr_2_kill_light_upgrade_2,"Energy cannot be destroyed, only transferred.","Energy cannot be destroyed, only transferred.",1600
vox_plr_2_kill_light_upgrade_3,May you be united in deaths!,May you be united in deaths!,1600
vox_plr_2_kill_light_upgrade_4,"Long after you are gone, the lightning's energy will~continue to flow.","Long after you are gone, the lightning's energy will~continue to flow.",1600
vox_plr_2_kill_one_inch_0,You will not take me!,You will not take me!,1600
vox_plr_2_kill_one_inch_1,Do not dare look at me!,Do not dare look at me!,1600
vox_plr_2_kill_one_inch_2,And our fight has a bitter end!,And our fight has a bitter end!,1600
vox_plr_2_kill_one_inch_3,Your bones break at my touch!,Your bones break at my touch!,1600
vox_plr_2_kill_one_inch_4,My will be done!,My will be done!,1600
vox_plr_2_kill_ray_0,Do you feel the power of Element 115?,Do you feel the power of Element 115?,1600
vox_plr_2_kill_ray_1,You are but primitives. I am a genius!,You are but primitives. I am a genius!,1600
vox_plr_2_kill_ray_2,"One by one, all will fall!","One by one, all will fall!",1600
vox_plr_2_kill_ray_3,"You crave my blood, I spill yours!","You crave my blood, I spill yours!",1600
vox_plr_2_kill_ray_4,Nothing can stop me. Nothing!,Nothing can stop me. Nothing!,1600
vox_plr_2_kill_raymk2_0,This weapon is the shape of things to come!,This weapon is the shape of things to come!,1600
vox_plr_2_kill_raymk2_1,How could Maxis have kept this development secret?,How could Maxis have kept this development secret?,1600
vox_plr_2_kill_raymk2_2,The boundaries of science are limited only by imagination.,The boundaries of science are limited only by imagination.,1600
vox_plr_2_kill_raymk2_3,Even the undead cannot escape the future.,Even the undead cannot escape the future.,1600
vox_plr_2_kill_raymk2_4,To defy me is to defy science!,To defy me is to defy science!,1600
vox_plr_2_kill_streak_0,I will not succumb to your sickness!,I will not succumb to your sickness!,1600
vox_plr_2_kill_streak_1,Each and every one of you has died before! Do it again!,Each and every one of you has died before! Do it again!,1600
vox_plr_2_kill_streak_2,I will kill you all again!,I will kill you all again!,1600
vox_plr_2_kill_streak_3,You will not prevent me from reaching Agartha!,You will not prevent me from reaching Agartha!,1600
vox_plr_2_kill_streak_4,Get out of my way! I have much to do!,Get out of my way! I have much to do!,1600
vox_plr_2_kill_streak_5,"Are you watching me, Samantha? Are you?","Are you watching me, Samantha? Are you?",1600
vox_plr_2_kill_streak_6,I'm beginning to get a taste for slaughter!,I'm beginning to get a taste for slaughter!,1600
vox_plr_2_kill_tank_0,The flamethrower should dissuade them from getting too~close.,The flamethrower should dissuade them from getting too~close.,1600
vox_plr_2_kill_tank_1,"Without the flamethrower, they could overrun this tank~within seconds.","Without the flamethrower, they could overrun this tank~within seconds.",1600
vox_plr_2_kill_tank_2,Ha! The undead cannot withstand the blast of the~Flammenwerfer!,Ha! The undead cannot withstand the blast of the~Flammenwerfer!,1600
vox_plr_2_kill_wind_0,The air itself is mine to manipulate.,The air itself is mine to manipulate.,1600
vox_plr_2_kill_wind_1,"The wind may be invisible, but its power undeniable.","The wind may be invisible, but its power undeniable.",1600
vox_plr_2_kill_wind_2,The Elemental Staffs may fuel our armies for all eternity.,The Elemental Staffs may fuel our armies for all eternity.,1600
vox_plr_2_kill_wind_3,The air strains to contain the energy of 115.,The air strains to contain the energy of 115.,1600
vox_plr_2_kill_wind_4,Maxis was right. He knew the true power of the Staffs.,Maxis was right. He knew the true power of the Staffs.,1600
vox_plr_2_kill_wind_upgrade_0,"With this power, Germany's ships will one day sail the~skies as they do the seas.","With this power, Germany's ships will one day sail the~skies as they do the seas.",1600
vox_plr_2_kill_wind_upgrade_1,He who holds the staff is immune to the coming storm.,He who holds the staff is immune to the coming storm.,1600
vox_plr_2_kill_wind_upgrade_2,The Gathering Storm heralds only your death.,The Gathering Storm heralds only your death.,1600
vox_plr_2_kill_wind_upgrade_3,Do not fight the inevitable. The storm will take you.,Do not fight the inevitable. The storm will take you.,1600
vox_plr_2_kill_wind_upgrade_4,Nothing can outrun the wind.,Nothing can outrun the wind.,1600
vox_plr_2_lockdown_generic_0,This object will only stabilize when the 115 generators~are operational.,This object will only stabilize when the 115 generators~are operational.,1600
vox_plr_2_maxis_drone_3_0,"Here, I am here, my friend. I was able to preserve your~mind before you succumbed to the sickness.","Here, I am here, my friend. I was able to preserve your~mind before you succumbed to the sickness.",1600
vox_plr_2_maxis_drone_5_0,"We can put everything right, Maxis. You must understand~that I had no other choice. So much of our work has been|lost in battle.","We can put everything right, Maxis. You must understand~that I had no other choice. So much of our work has been|lost in battle.",1600
vox_plr_2_mech_defeated_0,"He may be gone, but there will be others.","He may be gone, but there will be others.",1600
vox_plr_2_mech_defeated_1,I had feared we would not survive that fight.,I had feared we would not survive that fight.,1600
vox_plr_2_mech_defeated_2,Our victory will be fleeting.,Our victory will be fleeting.,1600
vox_plr_2_miss_tank_0,Nein! I am left alone!,Nein! I am left alone!,1600
vox_plr_2_miss_tank_1,You did not give me fair warning!,You did not give me fair warning!,1600
vox_plr_2_miss_tank_2,Come back! Do not leave me!,Come back! Do not leave me!,1600
vox_plr_2_multiple_mechs_0,We may not be able to survive this combined attack.,We may not be able to survive this combined attack.,1600
vox_plr_2_multiple_mechs_1,They are learning to attack in greater numbers.,They are learning to attack in greater numbers.,1600
vox_plr_2_multiple_mechs_2,We must repel this armored horde!,We must repel this armored horde!,1600
vox_plr_2_nomoney_generic_0,"Evidently, I lack the necessary funding.","Evidently, I lack the necessary funding.",1600
vox_plr_2_nomoney_generic_1,"You want money now, Samantha?","You want money now, Samantha?",1600
vox_plr_2_nomoney_generic_2,I will have to leave this for the moment.,I will have to leave this for the moment.,1600
vox_plr_2_nomoney_generic_3,I suppose it is inevitable that a black market thrives in~such desperate times.,I suppose it is inevitable that a black market thrives in~such desperate times.,1600
vox_plr_2_nomoney_generic_4,I have nothing to offer.,I have nothing to offer.,1600
vox_plr_2_oh_shit_0,The undead are all around. Where are my allies?,The undead are all around. Where are my allies?,1600
vox_plr_2_oh_shit_1,I am in need of help! I am in need of help!,I am in need of help! I am in need of help!,1600
vox_plr_2_oh_shit_2,They are trying to surround me!,They are trying to surround me!,1600
vox_plr_2_oh_shit_3,"Someone, please, help me!","Someone, please, help me!",1600
vox_plr_2_oh_shit_4,No! Stay back! I'm warning you!,No! Stay back! I'm warning you!,1600
vox_plr_2_oh_shit_5,I must stay strong. Focused.,I must stay strong. Focused.,1600
vox_plr_2_oh_shit_6,Nein! I will not submit!,Nein! I will not submit!,1600
vox_plr_2_oh_shit_7,Ah! I will not let you consume me!,Ah! I will not let you consume me!,1600
vox_plr_2_oh_shit_8,But all I had is quickly disappearing.,But all I had is quickly disappearing.,1600
vox_plr_2_oh_shit_9,I fear my demise may be imminent.,I fear my demise may be imminent.,1600
vox_plr_2_outcome_no_generic_0,I think we have failed.,I think we have failed.,1600
vox_plr_2_outcome_no_generic_1,No good came from this.,No good came from this.,1600
vox_plr_2_outcome_no_generic_2,What did we do wrong?,What did we do wrong?,1600
vox_plr_2_outcome_yes_generic_0,Clearly we must have achieved something.,Clearly we must have achieved something.,1600
vox_plr_2_outcome_yes_generic_1,The outcome of our actions remains a mystery.,The outcome of our actions remains a mystery.,1600
vox_plr_2_outcome_yes_generic_2,There are always consequences.,There are always consequences.,1600
vox_plr_2_pap_arm_0,So much better. Always so much better.,So much better. Always so much better.,1600
vox_plr_2_pap_arm_1,If only Maxis had lived to see this functioning.,If only Maxis had lived to see this functioning.,1600
vox_plr_2_pap_arm_2,Perhaps further upgrades may be possible.,Perhaps further upgrades may be possible.,1600
vox_plr_2_pap_arm_3,Science will one day explain all of this.,Science will one day explain all of this.,1600
vox_plr_2_pap_arm_4,The machine functions just as Maxis predicted.,The machine functions just as Maxis predicted.,1600
vox_plr_2_perk_jugga_0,I feel stronger already!,I feel stronger already!,1600
vox_plr_2_perk_mule_0,Another mysterious portion. What purpose to this one?,Another mysterious portion. What purpose to this one?,1600
vox_plr_2_perk_one_inch_0,"If I must fight barehanded, this is the way.","If I must fight barehanded, this is the way.",1600
vox_plr_2_perk_one_inch_1,Such power belongs in my hands.,Such power belongs in my hands.,1600
vox_plr_2_perk_one_inch_2,"With one touch, I will strike them down.","With one touch, I will strike them down.",1600
vox_plr_2_perk_revive_0,Perhaps this will offer me something of a second chance.,Perhaps this will offer me something of a second chance.,1600
vox_plr_2_perk_speed_0,"While this may well speed up my life, I can only hope that~it does not also hasten my demise.","While this may well speed up my life, I can only hope that~it does not also hasten my demise.",1600
vox_plr_2_perk_stamine_0,I will run like the wind. I may even outrun it.,I will run like the wind. I may even outrun it.,1600
vox_plr_2_perk_wonder_0,A refreshing change.,A refreshing change.,1600
vox_plr_2_pickup_brain_0,"Hold on, Maxis. I did not remove your brain without good~reason.","Hold on, Maxis. I did not remove your brain without good~reason.",1600
vox_plr_2_pickup_crystal_0,Only with the crystal can the true power of the staffs be~revealed.,Only with the crystal can the true power of the staffs be~revealed.,1600
vox_plr_2_pickup_fire_0,Perhaps only I know just how powerful the staffs really~are.,Perhaps only I know just how powerful the staffs really~are.,1600
vox_plr_2_pickup_generic_0,"Hmm, I may need this later.","Hmm, I may need this later.",1600
vox_plr_2_pickup_generic_1,Such objects should not be left lying around.,Such objects should not be left lying around.,1600
vox_plr_2_pickup_generic_2,I wish to keep this.,I wish to keep this.,1600
vox_plr_2_pickup_generic_3,No doubt this will have some purpose.,No doubt this will have some purpose.,1600
vox_plr_2_pickup_generic_4,I will keep this for now.,I will keep this for now.,1600
vox_plr_2_pickup_gramophone_0,Yet another remnant of Maxis' descent into madness.,Yet another remnant of Maxis' descent into madness.,1600
vox_plr_2_pickup_ice_0,"This stuff is mine, Samantha.","This stuff is mine, Samantha.",1600
vox_plr_2_pickup_light_0,I know this staff holds great power.,I know this staff holds great power.,1600
vox_plr_2_pickup_record_0,"Before his demise, Maxis grew obsessed with these~recordings.","Before his demise, Maxis grew obsessed with these~recordings.",1600
vox_plr_2_pickup_shovel_0,The Shovel can uncover many things hidden from view.,The Shovel can uncover many things hidden from view.,1600
vox_plr_2_pickup_staff_part_0,One of Maxis' broken staff pieces.,One of Maxis' broken staff pieces.,1600
vox_plr_2_pickup_staff_part_1,The staff parts are scattered across the site.,The staff parts are scattered across the site.,1600
vox_plr_2_pickup_staff_part_2,It is but a fragment of the staff.,It is but a fragment of the staff.,1600
vox_plr_2_pickup_wind_0,"Soon, the undead will fall like autumn leaves.","Soon, the undead will fall like autumn leaves.",1600
vox_plr_2_place_gramophone_0,Maxis tried many songs before he discovered the key.,Maxis tried many songs before he discovered the key.,1600
vox_plr_2_powerup_ammo_0,"Well, well, Samantha. Feeling generous, are we?","Well, well, Samantha. Feeling generous, are we?",1600
vox_plr_2_powerup_ammo_1,We have ammo! Thank the heavens!,We have ammo! Thank the heavens!,1600
vox_plr_2_powerup_ammo_2,"Our ammunition shortages are at an end. For the time~being, at least.","Our ammunition shortages are at an end. For the time~being, at least.",1600
vox_plr_2_powerup_firesale_0,The powers that be have chosen to present us with an~opportunity.,The powers that be have chosen to present us with an~opportunity.,1600
vox_plr_2_powerup_firesale_1,"We must act quickly, before our chance for free firearms~has passed!","We must act quickly, before our chance for free firearms~has passed!",1600
vox_plr_2_powerup_firesale_2,"Now, find the box! Quickly!","Now, find the box! Quickly!",1600
vox_plr_2_powerup_insta_0,My strength is temporarily enhanced!,My strength is temporarily enhanced!,1600
vox_plr_2_powerup_insta_1,"I can hear you, Samantha. I know what you're doing.","I can hear you, Samantha. I know what you're doing.",1600
vox_plr_2_powerup_insta_2,"At last, my physical strength matches my intellect.","At last, my physical strength matches my intellect.",1600
vox_plr_2_powerup_nuke_0,I doubt any of them will have survived the blast.,I doubt any of them will have survived the blast.,1600
vox_plr_2_powerup_nuke_1,That's what I call an explosion!,That's what I call an explosion!,1600
vox_plr_2_powerup_nuke_2,An explosion of such magnitude should surely have injured~us too.,An explosion of such magnitude should surely have injured~us too.,1600
vox_plr_2_powerup_zombie_blood_0,"I feel unclean, contaminated.","I feel unclean, contaminated.",1600
vox_plr_2_powerup_zombie_blood_1,Just as Maxis predicted. They think I am one of them.,Just as Maxis predicted. They think I am one of them.,1600
vox_plr_2_powerup_zombie_blood_2,It's almost like they do not know I am here.,It's almost like they do not know I am here.,1600
vox_plr_2_purge_robot_0,We are about to be ejected.,We are about to be ejected.,1600
vox_plr_2_rebuild_boards_0,I consider this to be the very definition of an exercise~in futility.,I consider this to be the very definition of an exercise~in futility.,1600
vox_plr_2_rebuild_boards_1,These wooden boards will not hold them for long.,These wooden boards will not hold them for long.,1600
vox_plr_2_recapture_initiated_0,One of the 115 generators is under attack.,One of the 115 generators is under attack.,1600
vox_plr_2_recapture_initiated_1,Quickly! We cannot allow the generator to be overrun!,Quickly! We cannot allow the generator to be overrun!,1600
vox_plr_2_recapture_prevented_0,They will try again. They always do.,They will try again. They always do.,1600
vox_plr_2_recapture_prevented_1,They know the advantages the generators provide us.,They know the advantages the generators provide us.,1600
vox_plr_2_respond_maxis_1_0,"During our excavations, we uncovered this ancient box. We~have no idea of its origins. But what we do know is that|somehow it contains weapons we can use to aid our fight~for survival.","During our excavations, we uncovered this ancient box. We~have no idea of its origins. But what we do know is that|somehow it contains weapons we can use to aid our fight~for survival.",1600
vox_plr_2_respond_maxis_5_0,It is not a simple matter. The nearby conversion generator~must be activated before the box can be unlocked.,It is not a simple matter. The nearby conversion generator~must be activated before the box can be unlocked.,1600
vox_plr_2_revive_player_0,Thank you for not leaving me to be devoured.,Thank you for not leaving me to be devoured.,1600
vox_plr_2_revive_player_1,"Ah, I thought my life was ending.","Ah, I thought my life was ending.",1600
vox_plr_2_revive_player_2,"I was careless, that is all.","I was careless, that is all.",1600
vox_plr_2_revive_player_3,Your assistance is most appreciated.,Your assistance is most appreciated.,1600
vox_plr_2_revive_player_4,That was a little too close.,That was a little too close.,1600
vox_plr_2_roaming_zombies_0,We can't let them take the generator!,We can't let them take the generator!,1600
vox_plr_2_roaming_zombies_1,They know what they are doing. They seek out the~generators.,They know what they are doing. They seek out the~generators.,1600
vox_plr_2_robot_crush_golden_0,Thank goodness this helmet protected my brain.,Thank goodness this helmet protected my brain.,1600
vox_plr_2_robot_crush_mech_0,"Act quickly, while he is stuck in the mud!","Act quickly, while he is stuck in the mud!",1600
vox_plr_2_robot_crush_player_0,Help me! I was almost killed!,Help me! I was almost killed!,1600
vox_plr_2_robot_crush_player_1,Someone help me!,Someone help me!,1600
vox_plr_2_robot_crush_zombie_0,The undead do not realize that the robot cares not where~it steps.,The undead do not realize that the robot cares not where~it steps.,1600
vox_plr_2_rspnd_drone_revive_0,"Thank you, Maxis. You know I would do the same for you.","Thank you, Maxis. You know I would do the same for you.",1600
vox_plr_2_rspnd_drone_revive_1,"Once again, Maxis, our lives and deaths are intertwined.","Once again, Maxis, our lives and deaths are intertwined.",1600
vox_plr_2_rspnd_drone_revive_2,"Good work, Maxis. The revival operation was successful.","Good work, Maxis. The revival operation was successful.",1600
vox_plr_2_rspnd_mech_grab_0,Let me go!,Let me go!,1600
vox_plr_2_rspnd_mech_grab_1,Someone help me!,Someone help me!,1600
vox_plr_2_rspnd_mech_jump_0,I curse the day I created that suit.,I curse the day I created that suit.,1600
vox_plr_2_sam_richtofen_3_0,I do not share Maxis' fascination for mystical realms. I~care only for science.,I do not share Maxis' fascination for mystical realms. I~care only for science.,1600
vox_plr_2_sam_richtofen_5_0,I will not listen to you. You are not my master. I can~ignore you.,I will not listen to you. You are not my master. I can~ignore you.,1600
vox_plr_2_sam_richtofen_6_0,"My companions may be easily manipulated, Samantha. I will~not. I know what you really are.","My companions may be easily manipulated, Samantha. I will~not. I know what you really are.",1600
vox_plr_2_see_robots_0,"The robots, they are beautiful.","The robots, they are beautiful.",1600
vox_plr_2_see_robots_1,The work of Group 935 will assure Germany's victory.,The work of Group 935 will assure Germany's victory.,1600
vox_plr_2_shoot_mech_arm_0,You must destroy the arm!,You must destroy the arm!,1600
vox_plr_2_shoot_mech_arm_1,His arm! Aim for his arm!,His arm! Aim for his arm!,1600
vox_plr_2_shoot_mech_head_0,His head is exposed!,His head is exposed!,1600
vox_plr_2_shoot_mech_head_1,Aim for his head!,Aim for his head!,1600
vox_plr_2_shoot_mech_head_2,Now! Shots Ahead!,Now! Shots Ahead!,1600
vox_plr_2_shoot_mech_power_0,Target his power core!,Target his power core!,1600
vox_plr_2_shoot_robot_0,See? The robot is indestructible.,See? The robot is indestructible.,1600
vox_plr_2_shoot_robot_1,"Invulnerable to conventional weapons, our robot will be~unstoppable in battle.","Invulnerable to conventional weapons, our robot will be~unstoppable in battle.",1600
vox_plr_2_siren_1st_time_0,We are in great danger. The siren is a rallying call to~battle.,We are in great danger. The siren is a rallying call to~battle.,1600
vox_plr_2_siren_generic_0,The siren! They will be here soon!,The siren! They will be here soon!,1600
vox_plr_2_siren_generic_1,We must be ready to defend ourselves.,We must be ready to defend ourselves.,1600
vox_plr_2_siren_generic_2,Another attack from the armored undead is imminent.,Another attack from the armored undead is imminent.,1600
vox_plr_2_srnd_rspnd_to_plr_0_neg_0,"Fight to the death, Dempsey!","Fight to the death, Dempsey!",1600
vox_plr_2_srnd_rspnd_to_plr_0_neg_1,"You only have yourself to blame, American.","You only have yourself to blame, American.",1600
vox_plr_2_srnd_rspnd_to_plr_0_neg_2,You think I can help you?,You think I can help you?,1600
vox_plr_2_srnd_rspnd_to_plr_0_neg_3,"I think you are lost cause, Dempsey.","I think you are lost cause, Dempsey.",1600
vox_plr_2_srnd_rspnd_to_plr_0_neg_4,It seems they see you as an easy target.,It seems they see you as an easy target.,1600
vox_plr_2_srnd_rspnd_to_plr_0_pos_0,Someone needs to help Dempsey before he is devoured.,Someone needs to help Dempsey before he is devoured.,1600
vox_plr_2_srnd_rspnd_to_plr_0_pos_1,"I will help you if I can, American!","I will help you if I can, American!",1600
vox_plr_2_srnd_rspnd_to_plr_0_pos_2,"Dempsey, do you need me to throw a grenade?","Dempsey, do you need me to throw a grenade?",1600
vox_plr_2_srnd_rspnd_to_plr_0_pos_3,Keep fighting! There is little I can do to help!,Keep fighting! There is little I can do to help!,1600
vox_plr_2_srnd_rspnd_to_plr_0_pos_4,They are trying to take out the strongest in our group!,They are trying to take out the strongest in our group!,1600
vox_plr_2_srnd_rspnd_to_plr_1_neg_0,"You are being oppressed, Nikolai. Why not start a~revolution?","You are being oppressed, Nikolai. Why not start a~revolution?",1600
vox_plr_2_srnd_rspnd_to_plr_1_neg_1,"Don't look to me to assist, Russian. I am not your~comrade.","Don't look to me to assist, Russian. I am not your~comrade.",1600
vox_plr_2_srnd_rspnd_to_plr_1_neg_2,"Perhaps to them, Nikolai, you are the ruling elite.","Perhaps to them, Nikolai, you are the ruling elite.",1600
vox_plr_2_srnd_rspnd_to_plr_1_neg_3,"I would help, Nikolai, but I believe the treaty between~our nations has already been breached.","I would help, Nikolai, but I believe the treaty between~our nations has already been breached.",1600
vox_plr_2_srnd_rspnd_to_plr_1_neg_4,I think Nikolai may himself be part of a dying regime.,I think Nikolai may himself be part of a dying regime.,1600
vox_plr_2_srnd_rspnd_to_plr_1_pos_0,There are no match for you Nikolai!,There are no match for you Nikolai!,1600
vox_plr_2_srnd_rspnd_to_plr_1_pos_1,"Send them to their graves, Nikolai!","Send them to their graves, Nikolai!",1600
vox_plr_2_srnd_rspnd_to_plr_1_pos_2,The aggression of the undead only makes the Russian angry.,The aggression of the undead only makes the Russian angry.,1600
vox_plr_2_srnd_rspnd_to_plr_1_pos_3,"Yeah, punish them for their insolence, Nikolai.","Yeah, punish them for their insolence, Nikolai.",1600
vox_plr_2_srnd_rspnd_to_plr_1_pos_4,You will soon feel the full force of the Russians' anger.,You will soon feel the full force of the Russians' anger.,1600
vox_plr_2_srnd_rspnd_to_plr_3_neg_0,What happened to the mighty samurai?,What happened to the mighty samurai?,1600
vox_plr_2_srnd_rspnd_to_plr_3_neg_1,"I would help you Takeo, but for the fact that I don't want~to.","I would help you Takeo, but for the fact that I don't want~to.",1600
vox_plr_2_srnd_rspnd_to_plr_3_neg_2,"I think you may soon get to catch up with your ancestors,~Takeo.","I think you may soon get to catch up with your ancestors,~Takeo.",1600
vox_plr_2_srnd_rspnd_to_plr_3_neg_3,"I swore I would not intervene. Just a minute ago, you~didn't hear me.","I swore I would not intervene. Just a minute ago, you~didn't hear me.",1600
vox_plr_2_srnd_rspnd_to_plr_3_pos_0,Our Japanese friend may have met his match!,Our Japanese friend may have met his match!,1600
vox_plr_2_srnd_rspnd_to_plr_3_pos_1,"I would help you Takeo, but I fear I would only get in~your way.","I would help you Takeo, but I fear I would only get in~your way.",1600
vox_plr_2_srnd_rspnd_to_plr_3_pos_2,Yeah! Show them the spirit of Samurai Takeo!,Yeah! Show them the spirit of Samurai Takeo!,1600
vox_plr_2_srnd_rspnd_to_plr_3_pos_3,"Fight your way out, Takeo!","Fight your way out, Takeo!",1600
vox_plr_2_srnd_rspnd_to_plr_3_pos_4,"They are nothing to you, my Japanese friends!","They are nothing to you, my Japanese friends!",1600
vox_plr_2_srnd_rspnd_to_plr_3_pos_5,"If there ever was a time to reveal your warrior spirit,~this would be it.","If there ever was a time to reveal your warrior spirit,~this would be it.",1600
vox_plr_2_story_exposition_4_0,"After we reached the catacombs at the dig site, my men~began to get sick. Within a day, they became like the|others, living dead.","After we reached the catacombs at the dig site, my men~began to get sick. Within a day, they became like the|others, living dead.",1600
vox_plr_2_struggle_mud_0,I can barely move in this mud!,I can barely move in this mud!,1600
vox_plr_2_struggle_mud_1,This mud is slowing me down.,This mud is slowing me down.,1600
vox_plr_2_take_weapon_2nd_time_0,"Facing the undead hordes, I am in no position to refuse~whatever you may offer.","Facing the undead hordes, I am in no position to refuse~whatever you may offer.",1600
vox_plr_2_take_weapon_intro_0,"I will take this for the time being, but I will return.","I will take this for the time being, but I will return.",1600
vox_plr_2_tank_rspnd_generic_0,Alone. Again.,Alone. Again.,1600
vox_plr_2_tank_rspnd_to_plr_0_0,"Sorry Dempsey, you'll have to catch up.","Sorry Dempsey, you'll have to catch up.",1600
vox_plr_2_tank_rspnd_to_plr_1_0,We seem to have left the Russian behind.,We seem to have left the Russian behind.,1600
vox_plr_2_tank_rspnd_to_plr_3_0,Takeo failed to get on the tank.,Takeo failed to get on the tank.,1600
vox_plr_2_use_beacon_0,The robot's fire will incinerate this area!,The robot's fire will incinerate this area!,1600
vox_plr_2_use_beacon_1,I'm calling in fire from the robot!,I'm calling in fire from the robot!,1600
vox_plr_2_use_beacon_2,The beacon will focus the robot's fire!,The beacon will focus the robot's fire!,1600
vox_plr_2_use_box_2nd_time_0,"I beg you, it would please me greatly if you were to give~me something better this time.","I beg you, it would please me greatly if you were to give~me something better this time.",1600
vox_plr_2_use_box_intro_0,I need something quickly!,I need something quickly!,1600
vox_plr_2_warn_robot_0,The robot's route comes right through this area.,The robot's route comes right through this area.,1600
vox_plr_2_warn_robot_1,Be careful. This area is where the robot steps.,Be careful. This area is where the robot steps.,1600
vox_plr_2_warn_robot_foot_0,ATTUN!,ATTUN!,1600
vox_plr_2_warn_robot_foot_1,MOVE NOW!,MOVE NOW!,1600
vox_plr_2_wpck_crappy_0,Nein! I cannot survive without better firepower!,Nein! I cannot survive without better firepower!,1600
vox_plr_2_wpck_crappy_1,I curse the randomness of this box!,I curse the randomness of this box!,1600
vox_plr_2_wpck_crappy_2,I know from experience that my displeasure will not alter~the outcome.,I know from experience that my displeasure will not alter~the outcome.,1600
vox_plr_2_wpck_crappy_3,I wish Maxis and I had more time to study this ancient~box. Its mystery still perplexes me.,I wish Maxis and I had more time to study this ancient~box. Its mystery still perplexes me.,1600
vox_plr_2_wpck_duel_0,Why give me two? I struggle to coordinate even one weapon.,Why give me two? I struggle to coordinate even one weapon.,1600
vox_plr_2_wpck_duel_1,"Ha ha ha ha, clearly you overestimate my skills in weapon~handling.","Ha ha ha ha, clearly you overestimate my skills in weapon~handling.",1600
vox_plr_2_wpck_duel_2,Two pistols. I suppose I will try to make it work.,Two pistols. I suppose I will try to make it work.,1600
vox_plr_2_wpck_duel_3,"Ah, you think two is going to be enough? I'm not sure it~is.","Ah, you think two is going to be enough? I'm not sure it~is.",1600
vox_plr_2_wpck_duel_4,There is a Ray Gun. That's what I really want!,There is a Ray Gun. That's what I really want!,1600
vox_plr_2_wpck_explo_0,Saturday is pointless when facing such horrors.,Saturday is pointless when facing such horrors.,1600
vox_plr_2_wpck_explo_1,Explosives can be a powerful ally.,Explosives can be a powerful ally.,1600
vox_plr_2_wpck_explo_2,A concentrated blast should prove effective.,A concentrated blast should prove effective.,1600
vox_plr_2_wpck_explo_3,We may be able to set up a defensive perimeter.,We may be able to set up a defensive perimeter.,1600
vox_plr_2_wpck_explo_4,"When properly deployed, this charge should rip them to~shreds.","When properly deployed, this charge should rip them to~shreds.",1600
vox_plr_2_wpck_mg_0,"Yeah, this will suffice for the time being.","Yeah, this will suffice for the time being.",1600
vox_plr_2_wpck_mg_1,"Yeah, yeah, at least this weapon has a significant rate of~fire.","Yeah, yeah, at least this weapon has a significant rate of~fire.",1600
vox_plr_2_wpck_mg_2,"In the right hands, mine, such a weapon can prove most~effective.","In the right hands, mine, such a weapon can prove most~effective.",1600
vox_plr_2_wpck_mg_3,This will at least give me a fighting chance for survival.,This will at least give me a fighting chance for survival.,1600
vox_plr_2_wpck_mg_4,"Though extremely lightweight, this weapon is still very~powerful.","Though extremely lightweight, this weapon is still very~powerful.",1600
vox_plr_2_wpck_monkey_0,"The monkey is strange, but most effective in practice.","The monkey is strange, but most effective in practice.",1600
vox_plr_2_wpck_monkey_1,"Our enemies are but primitives, easily fooled by a simple~monkey.","Our enemies are but primitives, easily fooled by a simple~monkey.",1600
vox_plr_2_wpck_monkey_2,This will prove a most useful distraction to the undead.,This will prove a most useful distraction to the undead.,1600
vox_plr_2_wpck_monkey_3,"Come with me, Monkey. I have plans for you.","Come with me, Monkey. I have plans for you.",1600
vox_plr_2_wpck_monkey_4,This monkey may one day save my life.,This monkey may one day save my life.,1600
vox_plr_2_wpck_pistol_0,How am I supposed to repel the undead horde? Armed only~with a pistol.,How am I supposed to repel the undead horde? Armed only~with a pistol.,1600
vox_plr_2_wpck_pistol_1,Why no Wonder Weapon? I know they are hidden within.,Why no Wonder Weapon? I know they are hidden within.,1600
vox_plr_2_wpck_pistol_2,I will take great care to ensure every bullet finds its~target.,I will take great care to ensure every bullet finds its~target.,1600
vox_plr_2_wpck_pistol_3,I need better firepower if I'm to open the gateway.,I need better firepower if I'm to open the gateway.,1600
vox_plr_2_wpck_pistol_4,"Is this your doing, Samantha? Do you control this box?","Is this your doing, Samantha? Do you control this box?",1600
vox_plr_2_wpck_ray_0,Now they will begin to appreciate the weapons applications~for 115.,Now they will begin to appreciate the weapons applications~for 115.,1600
vox_plr_2_wpck_ray_1,The idea for this came to me in a dream.,The idea for this came to me in a dream.,1600
vox_plr_2_wpck_ray_2,Only the Pack-a-Punch machine could improve the~functionality of this Ray Gun.,Only the Pack-a-Punch machine could improve the~functionality of this Ray Gun.,1600
vox_plr_2_wpck_ray_3,Forget bullets. This wonderful device doesn't even use~them. It's an energy weapon.,Forget bullets. This wonderful device doesn't even use~them. It's an energy weapon.,1600
vox_plr_2_wpck_ray_4,Now I can make some serious progress.,Now I can make some serious progress.,1600
vox_plr_2_wpck_raymk2_0,Mark II? How can this be? The only reason he developed the~Mark I?,Mark II? How can this be? The only reason he developed the~Mark I?,1600
vox_plr_2_wpck_raymk2_1,"I do not know this weapon, but I can feel the energy of~115 within.","I do not know this weapon, but I can feel the energy of~115 within.",1600
vox_plr_2_wpck_raymk2_2,Could Maxis have kept this weapon secret from me?,Could Maxis have kept this weapon secret from me?,1600
vox_plr_2_wpck_raymk2_3,"This guarantees my survival. For the time being, at least.","This guarantees my survival. For the time being, at least.",1600
vox_plr_2_wpck_raymk2_4,The world will be forever changed once these weapons enter~mass production.,The world will be forever changed once these weapons enter~mass production.,1600
vox_plr_2_wpck_rifle_0,"I am a scientist, not some infantry grunt.","I am a scientist, not some infantry grunt.",1600
vox_plr_2_wpck_rifle_1,I suppose I will use this until something more powerful is~made available.,I suppose I will use this until something more powerful is~made available.,1600
vox_plr_2_wpck_rifle_2,"I wish for a ray gun, and you give me a rifle. Why?","I wish for a ray gun, and you give me a rifle. Why?",1600
vox_plr_2_wpck_rifle_3,My experience in handling rifles such as this is somewhat~limited.,My experience in handling rifles such as this is somewhat~limited.,1600
vox_plr_2_wpck_rifle_4,You expect my gratitude? You will not get it.,You expect my gratitude? You will not get it.,1600
vox_plr_2_wpck_shotgun_0,Clumsy and loud. It has much in common with my reluctant~allies.,Clumsy and loud. It has much in common with my reluctant~allies.,1600
vox_plr_2_wpck_shotgun_1,"A single blast should prove fatal, at least in the short~term.","A single blast should prove fatal, at least in the short~term.",1600
vox_plr_2_wpck_shotgun_2,I will lure them close. They will not stand a chance.,I will lure them close. They will not stand a chance.,1600
vox_plr_2_wpck_shotgun_3,This shotgun's blast will rip them to pieces.,This shotgun's blast will rip them to pieces.,1600
vox_plr_2_wpck_shotgun_4,This shotgun should dissuade them from approaching.,This shotgun should dissuade them from approaching.,1600
vox_plr_2_wpck_smg_0,"Finally, something with an effective rate of fire.","Finally, something with an effective rate of fire.",1600
vox_plr_2_wpck_smg_1,This will prove useful. Very useful indeed.,This will prove useful. Very useful indeed.,1600
vox_plr_2_wpck_smg_2,I must ensure this box remains under German control for~the duration of the war.,I must ensure this box remains under German control for~the duration of the war.,1600
vox_plr_2_wpck_smg_3,The rapid rate of fire will ensure swift and efficient~disposal of mine enemy.,The rapid rate of fire will ensure swift and efficient~disposal of mine enemy.,1600
vox_plr_2_wpck_smg_4,I am pleased to see such a weapon. Do you now seek my~favor?,I am pleased to see such a weapon. Do you now seek my~favor?,1600
vox_plr_2_wpck_snipe_0,I feel you may be withholding the most powerful weapons~from me.,I feel you may be withholding the most powerful weapons~from me.,1600
vox_plr_2_wpck_snipe_1,A weapon of such precision has little use when facing an~overwhelming force.,A weapon of such precision has little use when facing an~overwhelming force.,1600
vox_plr_2_wpck_snipe_2,I put little faith in those weapons that lack a high rate~of fire.,I put little faith in those weapons that lack a high rate~of fire.,1600
vox_plr_2_wpck_snipe_3,I know there are better weapons within. Why do you torture~me so?,I know there are better weapons within. Why do you torture~me so?,1600
vox_plr_2_wpck_snipe_4,This sniper rifle is unlikely to ensure my survival.,This sniper rifle is unlikely to ensure my survival.,1600
vox_plr_2_zm_box_complete_0,Only when the others are similarly charged will it reveal~its secrets.,Only when the others are similarly charged will it reveal~its secrets.,1600
vox_plr_2_zm_box_continue_0,"Their energy is being refocused. Like the other ancient~objects, it will soon transform and change the world|around us.","Their energy is being refocused. Like the other ancient~objects, it will soon transform and change the world|around us.",1600
vox_plr_2_zm_box_encourage_0,Keep going. We will be rewarded.,Keep going. We will be rewarded.,1600
vox_plr_2_zm_box_encourage_1,Do not stop until the process is complete.,Do not stop until the process is complete.,1600
vox_plr_2_zm_box_final_complete_0,The process is complete. We may seek out our reward.,The process is complete. We may seek out our reward.,1600
vox_plr_2_zm_box_start_0,"It is the transformative power of 115! It draws energy~from matter, living or dead!","It is the transformative power of 115! It draws energy~from matter, living or dead!",1600
vox_plr_2_zones_held_0,"With the generators fully operational, we can access the~ancient device atop the mount. It provides a means to|upgrade our weapons.","With the generators fully operational, we can access the~ancient device atop the mount. It provides a means to|upgrade our weapons.",1600
vox_plr_3_1st_staff_found_0,"I have seen many unnatural things this day. I will seek~out the truth, child.","I have seen many unnatural things this day. I will seek~out the truth, child.",1600
vox_plr_3_4th_staff_crafted_0,"What now, child? What purpose for these staffs?","What now, child? What purpose for these staffs?",1600
vox_plr_3_4th_staff_crafted_1,We shall proceed without guidance from the child.,We shall proceed without guidance from the child.,1600
vox_plr_3_activate_generic_0,Now we shall see.,Now we shall see.,1600
vox_plr_3_activate_generic_1,We should try this.,We should try this.,1600
vox_plr_3_activate_generic_2,What will come of this?,What will come of this?,1600
vox_plr_3_air_chute_landing_0,I am returned to the battlefield once more.,I am returned to the battlefield once more.,1600
vox_plr_3_ammo_low_0,My ammunition is raw!,My ammunition is raw!,1600
vox_plr_3_ammo_low_1,I am in need of ammo!,I am in need of ammo!,1600
vox_plr_3_ammo_low_2,I am raw on ammunition!,I am raw on ammunition!,1600
vox_plr_3_ammo_low_3,I need ammo urgently!,I need ammo urgently!,1600
vox_plr_3_ammo_low_4,I cannot keep firing for much longer!,I cannot keep firing for much longer!,1600
vox_plr_3_ammo_out_0,My ammo is gone!,My ammo is gone!,1600
vox_plr_3_ammo_out_1,I cannot fire without ammo!,I cannot fire without ammo!,1600
vox_plr_3_ammo_out_2,My knife is all I have left!,My knife is all I have left!,1600
vox_plr_3_ammo_out_3,"Even without ammo, I will fight to my last breath!","Even without ammo, I will fight to my last breath!",1600
vox_plr_3_ammo_out_4,I am not afraid to die in battle!,I am not afraid to die in battle!,1600
vox_plr_3_box_move_0,"The spirits pray with us, as though we are but toys for~their amusement.","The spirits pray with us, as though we are but toys for~their amusement.",1600
vox_plr_3_box_move_1,"I do not appreciate the deception, box.","I do not appreciate the deception, box.",1600
vox_plr_3_box_move_2,"I will look at you again, box. Have no doubt.","I will look at you again, box. Have no doubt.",1600
vox_plr_3_box_move_3,"Play your games, box. My will is unbroken.","Play your games, box. My will is unbroken.",1600
vox_plr_3_box_move_4,It is clear that the box is controlled by demons.,It is clear that the box is controlled by demons.,1600
vox_plr_3_build_dd_final_0,I have created a mechanized abomination.,I have created a mechanized abomination.,1600
vox_plr_3_build_dd_final_1,Such machines could change the course of this war.,Such machines could change the course of this war.,1600
vox_plr_3_build_dd_final_2,This construct is now complete.,This construct is now complete.,1600
vox_plr_3_build_dd_pickup_0,"Hmm, I will seek and find a use for this.","Hmm, I will seek and find a use for this.",1600
vox_plr_3_build_dd_pickup_1,I recognize that these parts may prove useful to our~endeavor.,I recognize that these parts may prove useful to our~endeavor.,1600
vox_plr_3_build_dd_pickup_2,"It may be wise to retain this, in case a use presents~itself.","It may be wise to retain this, in case a use presents~itself.",1600
vox_plr_3_build_dd_take_0,I will soon discover how useful this machine is to our~efforts.,I will soon discover how useful this machine is to our~efforts.,1600
vox_plr_3_build_zs_final_0,This will help shield us from the demon's attacks.,This will help shield us from the demon's attacks.,1600
vox_plr_3_build_zs_final_1,All may share the benefits of this creation.,All may share the benefits of this creation.,1600
vox_plr_3_build_zs_final_2,We have a newfound advantage.,We have a newfound advantage.,1600
vox_plr_3_build_zs_pickup_0,This is but one part of many.,This is but one part of many.,1600
vox_plr_3_build_zs_pickup_1,"This modification, this may yet be an effective means for~protection.","This modification, this may yet be an effective means for~protection.",1600
vox_plr_3_build_zs_pickup_2,"From these small pieces, something larger can be built.","From these small pieces, something larger can be built.",1600
vox_plr_3_build_zs_take_0,This shield will help protect us in battle.,This shield will help protect us in battle.,1600
vox_plr_3_buy_tank_0,To remain in one spot is tactically dangerous. We must~keep moving.,To remain in one spot is tactically dangerous. We must~keep moving.,1600
vox_plr_3_capture_zombies_0,Hold the area!,Hold the area!,1600
vox_plr_3_capture_zombies_1,We must cast them out!,We must cast them out!,1600
vox_plr_3_capture_zombies_2,Hold the area!,Hold the area!,1600
vox_plr_3_capture_zones_0,Another mysterious machine. What is its purpose?,Another mysterious machine. What is its purpose?,1600
vox_plr_3_confusion_generic_0,Our path is unclear.,Our path is unclear.,1600
vox_plr_3_confusion_generic_1,We cannot know what comes next.,We cannot know what comes next.,1600
vox_plr_3_confusion_generic_2,There is much we do not understand.,There is much we do not understand.,1600
vox_plr_3_cool_tank_0,"For now, the machine will remain immobile.","For now, the machine will remain immobile.",1600
vox_plr_3_cool_tank_1,"Until the tank is ready to move again, we must show~patience.","Until the tank is ready to move again, we must show~patience.",1600
vox_plr_3_cool_tank_2,Perhaps we should return when the engines have cooled.,Perhaps we should return when the engines have cooled.,1600
vox_plr_3_crawler_attack_0,I will kill you when I choose!,I will kill you when I choose!,1600
vox_plr_3_crawler_attack_1,"Even now, you have fire in your belly.","Even now, you have fire in your belly.",1600
vox_plr_3_crawler_attack_2,Why do you persist? You are but a grain of sand on the~shore!,Why do you persist? You are but a grain of sand on the~shore!,1600
vox_plr_3_crawler_attack_3,You will not feast upon me!,You will not feast upon me!,1600
vox_plr_3_crawler_kill_0,Leave at this place?,Leave at this place?,1600
vox_plr_3_crawler_kill_1,"Begone, unnatural demon!","Begone, unnatural demon!",1600
vox_plr_3_crawler_kill_2,You will be silent!,You will be silent!,1600
vox_plr_3_crawler_kill_3,Your time here is at an end!,Your time here is at an end!,1600
vox_plr_3_crawler_start_0,"Though halved, this creature's heart still beats strong.","Though halved, this creature's heart still beats strong.",1600
vox_plr_3_crawler_start_1,Your ferocity is almost admirable.,Your ferocity is almost admirable.,1600
vox_plr_3_crawler_start_2,What must be done to rid this realm of your evil?,What must be done to rid this realm of your evil?,1600
vox_plr_3_crawler_start_3,"Even in the face of defeat, they continue to fight.","Even in the face of defeat, they continue to fight.",1600
vox_plr_3_dig_cash_0,"Ah, Fortune Smiles.","Ah, Fortune Smiles.",1600
vox_plr_3_dig_grenade_0,Move! Grenade!,Move! Grenade!,1600
vox_plr_3_dig_gun_0,Or perhaps this weapon was buried by the German's men.,Or perhaps this weapon was buried by the German's men.,1600
vox_plr_3_dig_powerup_0,This time fortune smiles upon us.,This time fortune smiles upon us.,1600
vox_plr_3_dig_staff_part_0,"With other pieces, this will form a staff of some kind.","With other pieces, this will form a staff of some kind.",1600
vox_plr_3_dig_zombie_0,I have released a demon!,I have released a demon!,1600
vox_plr_3_discover_dig_site_0,You should not have disturbed the graves of the ancients.,You should not have disturbed the graves of the ancients.,1600
vox_plr_3_discover_mech_0,"Even the demons use your technology, German.","Even the demons use your technology, German.",1600
vox_plr_3_discover_robot_0,Such mechanized abominations must be destroyed!,Such mechanized abominations must be destroyed!,1600
vox_plr_3_discover_tank_0,We may use the enemy armor to our advantage.,We may use the enemy armor to our advantage.,1600
vox_plr_3_discover_wall_buy_0,A weapon manifests itself from the thin air. This defies~reason.,A weapon manifests itself from the thin air. This defies~reason.,1600
vox_plr_3_during_round_2_0,"An alliance, however fragile, is in all our interests.","An alliance, however fragile, is in all our interests.",1600
vox_plr_3_earn_acheivement_0,I know not what this represents.,I know not what this represents.,1600
vox_plr_3_earn_acheivement_1,A mysterious signal. Its meaning is not yet known to me.,A mysterious signal. Its meaning is not yet known to me.,1600
vox_plr_3_end_round_1_2_0,"Evidently, your actions have unleashed unnatural forces.","Evidently, your actions have unleashed unnatural forces.",1600
vox_plr_3_end_round_1_8_0,"There is great evil in this place. Spirits and demons walk~this land, possessing the remains of fallen warriors.","There is great evil in this place. Spirits and demons walk~this land, possessing the remains of fallen warriors.",1600
vox_plr_3_end_round_2_4_0,"If I am to survive, I must learn how these machines~operate. Such technology could allow Germany to enslave|the world.","If I am to survive, I must learn how these machines~operate. Such technology could allow Germany to enslave|the world.",1600
vox_plr_3_enter_robot_0,We are deep within the machine.,We are deep within the machine.,1600
vox_plr_3_enter_robot_1,Only a madman would create such a machine that operates~without human intervention.,Only a madman would create such a machine that operates~without human intervention.,1600
vox_plr_3_exit_robot_0,AHHHH!,AHHHH!,1600
vox_plr_3_exit_tank_0,Into the breach!,Into the breach!,1600
vox_plr_3_exit_tank_1,Omega for battle!,Omega for battle!,1600
vox_plr_3_exit_tank_2,My journey ends here.,My journey ends here.,1600
vox_plr_3_find_secret_0,A most curious sound. I find its melody pleasing to my~ears.,A most curious sound. I find its melody pleasing to my~ears.,1600
vox_plr_3_game_start_0,Our concerns over the German plans appear well-founded.~Huge mechanized weapons stalk the battlefield. I must|ensure the Emperor learns of these developments.,Our concerns over the German plans appear well-founded.~Huge mechanized weapons stalk the battlefield. I must|ensure the Emperor learns of these developments.,1600
vox_plr_3_game_start_meet_3_0,"Edward Richtofen, you will come with me.","Edward Richtofen, you will come with me.",1600
vox_plr_3_generator_find_0,"Mechanization is an abomination. Machines are without~souls, without honor.","Mechanization is an abomination. Machines are without~souls, without honor.",1600
vox_plr_3_generic_chastise_0,"Your anger achieves nothing, child.","Your anger achieves nothing, child.",1600
vox_plr_3_generic_chastise_1,The path you wish us to follow is unclear.,The path you wish us to follow is unclear.,1600
vox_plr_3_generic_chastise_2,You should be thankful that I even tried.,You should be thankful that I even tried.,1600
vox_plr_3_generic_chastise_3,"Your emotions betray you, child. I am right to be~uncertain of your nature.","Your emotions betray you, child. I am right to be~uncertain of your nature.",1600
vox_plr_3_generic_encourage_0,"I will release you, child. Then I will learn the truth.","I will release you, child. Then I will learn the truth.",1600
vox_plr_3_generic_encourage_1,A warrior's path is his alone to choose.,A warrior's path is his alone to choose.,1600
vox_plr_3_generic_encourage_2,"What answers will be revealed when we free you, Samantha?","What answers will be revealed when we free you, Samantha?",1600
vox_plr_3_generic_wall_buy_0,The spirits toy with us.,The spirits toy with us.,1600
vox_plr_3_generic_wall_buy_1,"I know not how this works, but remain grateful.","I know not how this works, but remain grateful.",1600
vox_plr_3_generic_wall_buy_2,"From thin air, a weapon appears.","From thin air, a weapon appears.",1600
vox_plr_3_generic_wall_buy_3,This chalk drawing that becomes reality defies logic.,This chalk drawing that becomes reality defies logic.,1600
vox_plr_3_generic_wall_buy_4,The spirits continue to manipulate the world around us.,The spirits continue to manipulate the world around us.,1600
vox_plr_3_get_beacon_0,What is the purpose of this lantern?,What is the purpose of this lantern?,1600
vox_plr_3_head_rspnd_to_plr_0_neg_0,"You have much to learn about honor, American.","You have much to learn about honor, American.",1600
vox_plr_3_head_rspnd_to_plr_0_neg_1,"One day, American, your overconfidence will be your~downfall.","One day, American, your overconfidence will be your~downfall.",1600
vox_plr_3_head_rspnd_to_plr_0_neg_2,I almost pity such a dishonorable death.,I almost pity such a dishonorable death.,1600
vox_plr_3_head_rspnd_to_plr_0_neg_3,"I believe the weapon did much of the work, American.","I believe the weapon did much of the work, American.",1600
vox_plr_3_head_rspnd_to_plr_0_neg_4,"Know this, American. The wind may have altered your~bullet's course.","Know this, American. The wind may have altered your~bullet's course.",1600
vox_plr_3_head_rspnd_to_plr_0_pos_0,"I like your ruthless streak, Dempsey.","I like your ruthless streak, Dempsey.",1600
vox_plr_3_head_rspnd_to_plr_0_pos_1,Dempsey may have warrior's blood in his veins.,Dempsey may have warrior's blood in his veins.,1600
vox_plr_3_head_rspnd_to_plr_0_pos_2,Dempsey does not waste ammunition.,Dempsey does not waste ammunition.,1600
vox_plr_3_head_rspnd_to_plr_0_pos_3,A single bullet was all Dempsey needed.,A single bullet was all Dempsey needed.,1600
vox_plr_3_head_rspnd_to_plr_0_pos_4,"I see you at home in battle, Dempsey.","I see you at home in battle, Dempsey.",1600
vox_plr_3_head_rspnd_to_plr_1_neg_0,"You are a barbarian, Nikolai.","You are a barbarian, Nikolai.",1600
vox_plr_3_head_rspnd_to_plr_1_neg_1,Russians know little of honor. They know only brute force.,Russians know little of honor. They know only brute force.,1600
vox_plr_3_head_rspnd_to_plr_1_neg_2,Fortune has smiled on the Russian this day.,Fortune has smiled on the Russian this day.,1600
vox_plr_3_head_rspnd_to_plr_1_neg_3,"Make no mistake, you have more luck than skill.","Make no mistake, you have more luck than skill.",1600
vox_plr_3_head_rspnd_to_plr_1_neg_4,I do not think he was a great threat to Russia.,I do not think he was a great threat to Russia.,1600
vox_plr_3_head_rspnd_to_plr_1_pos_0,"Most impressive, especially for a Russian.","Most impressive, especially for a Russian.",1600
vox_plr_3_head_rspnd_to_plr_1_pos_1,"I did not expect such accuracy from you, Nikolai.","I did not expect such accuracy from you, Nikolai.",1600
vox_plr_3_head_rspnd_to_plr_1_pos_2,The Red Army must honor such a warrior.,The Red Army must honor such a warrior.,1600
vox_plr_3_head_rspnd_to_plr_1_pos_3,"He falls before you, Nikolai.","He falls before you, Nikolai.",1600
vox_plr_3_head_rspnd_to_plr_1_pos_4,"A warrior's aim is always true, my Russian friend.","A warrior's aim is always true, my Russian friend.",1600
vox_plr_3_head_rspnd_to_plr_2_neg_0,The German may have his uses.,The German may have his uses.,1600
vox_plr_3_head_rspnd_to_plr_2_neg_1,"Your target was already weakened from battle, German.","Your target was already weakened from battle, German.",1600
vox_plr_3_head_rspnd_to_plr_2_neg_2,Such success is unfamiliar to the German.,Such success is unfamiliar to the German.,1600
vox_plr_3_head_rspnd_to_plr_2_neg_3,I believe that may have been Ricochet.,I believe that may have been Ricochet.,1600
vox_plr_3_head_rspnd_to_plr_2_neg_4,One death means nothing among thousands.,One death means nothing among thousands.,1600
vox_plr_3_head_rspnd_to_plr_2_pos_0,"You earn your place among warriors, Richtofen.","You earn your place among warriors, Richtofen.",1600
vox_plr_3_head_rspnd_to_plr_2_pos_1,"I am both surprised and impressed, Richtofen.","I am both surprised and impressed, Richtofen.",1600
vox_plr_3_head_rspnd_to_plr_2_pos_2,"This day, Richtofen, you do not behave like a doctor.","This day, Richtofen, you do not behave like a doctor.",1600
vox_plr_3_head_rspnd_to_plr_2_pos_3,"You have released him from his torment, Richtofen.","You have released him from his torment, Richtofen.",1600
vox_plr_3_head_rspnd_to_plr_2_pos_4,"No creature could survive such a wound, Richtofen.","No creature could survive such a wound, Richtofen.",1600
vox_plr_3_heal_revived_0,You are needed on the battlefield.,You are needed on the battlefield.,1600
vox_plr_3_heal_revived_1,It is not yet your time.,It is not yet your time.,1600
vox_plr_3_heal_revived_2,I do what I do for us all.,I do what I do for us all.,1600
vox_plr_3_heal_revived_3,Your honorable death will not come on this day.,Your honorable death will not come on this day.,1600
vox_plr_3_heal_revived_4,There is much to do. We cannot allow our number to~decrease.,There is much to do. We cannot allow our number to~decrease.,1600
vox_plr_3_heal_revived_neg_0,Your weakness must bring shame upon your family.,Your weakness must bring shame upon your family.,1600
vox_plr_3_heal_revived_neg_1,Even the weak must be protected.,Even the weak must be protected.,1600
vox_plr_3_heal_revived_pos_0,You have proven yourself to be a great warrior.,You have proven yourself to be a great warrior.,1600
vox_plr_3_heal_revived_pos_1,You fight with honor.,You fight with honor.,1600
vox_plr_3_hear_samantha_1_0,Who is this child calling to us?,Who is this child calling to us?,1600
vox_plr_3_hear_samantha_2_0,The child speaks to the very air. Is she an angel? Or a~demon?,The child speaks to the very air. Is she an angel? Or a~demon?,1600
vox_plr_3_hear_samantha_3_0,"I am unsure as to your true nature, child. I will be~cautious.","I am unsure as to your true nature, child. I will be~cautious.",1600
vox_plr_3_heroes_confer_0,"The Child. You have heard her before, German.","The Child. You have heard her before, German.",1600
vox_plr_3_kill_close_0,You find only death!,You find only death!,1600
vox_plr_3_kill_close_1,Die the death of a thousand cuts!,Die the death of a thousand cuts!,1600
vox_plr_3_kill_close_2,Death before Tizana.,Death before Tizana.,1600
vox_plr_3_kill_close_3,"You seek my flesh, but find your death!","You seek my flesh, but find your death!",1600
vox_plr_3_kill_close_4,I will not become one of you!,I will not become one of you!,1600
vox_plr_3_kill_close_5,You belong in the ground!,You belong in the ground!,1600
vox_plr_3_kill_damaged_0,Your touch offends me.,Your touch offends me.,1600
vox_plr_3_kill_damaged_1,Your sins will not go unpunished!,Your sins will not go unpunished!,1600
vox_plr_3_kill_damaged_2,It was you who first drew blood.,It was you who first drew blood.,1600
vox_plr_3_kill_damaged_3,"Feast Elsewhere, V-Demon!","Feast Elsewhere, V-Demon!",1600
vox_plr_3_kill_damaged_4,This ends now!,This ends now!,1600
vox_plr_3_kill_drone_0,This monstrosity defies belief.,This monstrosity defies belief.,1600
vox_plr_3_kill_drone_1,"Even after deaths, his voice lives on.","Even after deaths, his voice lives on.",1600
vox_plr_3_kill_drone_2,I am distrustful of this ally.,I am distrustful of this ally.,1600
vox_plr_3_kill_explo_0,Dust and ashes are all that remain.,Dust and ashes are all that remain.,1600
vox_plr_3_kill_explo_1,Such crude methods prove effective.,Such crude methods prove effective.,1600
vox_plr_3_kill_explo_2,Nothing could survive such a blast.,Nothing could survive such a blast.,1600
vox_plr_3_kill_explo_3,There is no escape from the frames.,There is no escape from the frames.,1600
vox_plr_3_kill_explo_4,You will burn for all eternity!,You will burn for all eternity!,1600
vox_plr_3_kill_fire_0,Let fire consume your fetid flesh.,Let fire consume your fetid flesh.,1600
vox_plr_3_kill_fire_1,Everything burns.,Everything burns.,1600
vox_plr_3_kill_fire_2,Dust and ashes are all that remain.,Dust and ashes are all that remain.,1600
vox_plr_3_kill_fire_3,Feel the heat of your damnation!,Feel the heat of your damnation!,1600
vox_plr_3_kill_fire_4,"As you burn and blister, take solace, knowing that your~torment is at an end.","As you burn and blister, take solace, knowing that your~torment is at an end.",1600
vox_plr_3_kill_fire_upgrade_0,The fire that grows in your belly will soon consume you!,The fire that grows in your belly will soon consume you!,1600
vox_plr_3_kill_fire_upgrade_1,Feel the heat of your damnation!,Feel the heat of your damnation!,1600
vox_plr_3_kill_fire_upgrade_2,Burn like the heat of a desert sun!,Burn like the heat of a desert sun!,1600
vox_plr_3_kill_fire_upgrade_3,I light a flame that may never be extinguished!,I light a flame that may never be extinguished!,1600
vox_plr_3_kill_fire_upgrade_4,Your incineration is now complete.,Your incineration is now complete.,1600
vox_plr_3_kill_headshot_0,You saw not what claimed your life!,You saw not what claimed your life!,1600
vox_plr_3_kill_headshot_1,Your reign has ended.,Your reign has ended.,1600
vox_plr_3_kill_headshot_2,I demand your silence!,I demand your silence!,1600
vox_plr_3_kill_headshot_3,"Like cherry blossom, you fall!","Like cherry blossom, you fall!",1600
vox_plr_3_kill_headshot_4,Am I not merciful in battle?,Am I not merciful in battle?,1600
vox_plr_3_kill_headshot_5,Your fate is sealed.,Your fate is sealed.,1600
vox_plr_3_kill_headshot_6,"Like an invisible enemy, I strike!","Like an invisible enemy, I strike!",1600
vox_plr_3_kill_headshot_7,No more will you feast upon the living!,No more will you feast upon the living!,1600
vox_plr_3_kill_headshot_8,What mind you had is now removed.,What mind you had is now removed.,1600
vox_plr_3_kill_ice_0,Winter kills. Its frost is mine to command.,Winter kills. Its frost is mine to command.,1600
vox_plr_3_kill_ice_1,Your last breath will freeze within your throat!,Your last breath will freeze within your throat!,1600
vox_plr_3_kill_ice_2,You are brittle. You will break!,You are brittle. You will break!,1600
vox_plr_3_kill_ice_3,Feel the frost draft tight around your rotten flesh!,Feel the frost draft tight around your rotten flesh!,1600
vox_plr_3_kill_ice_4,The cold consumes your souls!,The cold consumes your souls!,1600
vox_plr_3_kill_ice_upgrade_0,A burst of frozen air consuming all in its path.,A burst of frozen air consuming all in its path.,1600
vox_plr_3_kill_ice_upgrade_1,The thaw of spring will not come for you!,The thaw of spring will not come for you!,1600
vox_plr_3_kill_ice_upgrade_2,Nevermore will you feel the warmth of the sun!,Nevermore will you feel the warmth of the sun!,1600
vox_plr_3_kill_ice_upgrade_3,"Like cherry blossom of autumn, you succumb to the cold.","Like cherry blossom of autumn, you succumb to the cold.",1600
vox_plr_3_kill_ice_upgrade_4,A cold blast will shatter you from existence!,A cold blast will shatter you from existence!,1600
vox_plr_3_kill_insta_0,I am imbued with great power!,I am imbued with great power!,1600
vox_plr_3_kill_insta_1,You are nothing to me!,You are nothing to me!,1600
vox_plr_3_kill_insta_2,I have the soul of a warrior!,I have the soul of a warrior!,1600
vox_plr_3_kill_insta_3,Return from whence you came!,Return from whence you came!,1600
vox_plr_3_kill_insta_4,You are nothing to me!,You are nothing to me!,1600
vox_plr_3_kill_light_0,"Like an arrow of fire, lightning carves through your~bones.","Like an arrow of fire, lightning carves through your~bones.",1600
vox_plr_3_kill_light_1,The lightning burns hotter than the sun itself!,The lightning burns hotter than the sun itself!,1600
vox_plr_3_kill_light_2,May a thousand thunderbolts rain down upon you!,May a thousand thunderbolts rain down upon you!,1600
vox_plr_3_kill_light_3,No mortal man should wield such power.,No mortal man should wield such power.,1600
vox_plr_3_kill_light_4,The rush of energy will tear what remains of your souls.,The rush of energy will tear what remains of your souls.,1600
vox_plr_3_kill_light_upgrade_0,The spirits of the ancients flow through this staff. Their~energy will destroy you!,The spirits of the ancients flow through this staff. Their~energy will destroy you!,1600
vox_plr_3_kill_light_upgrade_1,There can be no hiding place. The lightning will find you.,There can be no hiding place. The lightning will find you.,1600
vox_plr_3_kill_light_upgrade_2,Your deaths are but a shard of light in the darkness.,Your deaths are but a shard of light in the darkness.,1600
vox_plr_3_kill_light_upgrade_3,"As one falls, others will follow swiftly.","As one falls, others will follow swiftly.",1600
vox_plr_3_kill_light_upgrade_4,"Like a river, the lightning flows through the dams.","Like a river, the lightning flows through the dams.",1600
vox_plr_3_kill_one_inch_0,My strength outmatches yours.,My strength outmatches yours.,1600
vox_plr_3_kill_one_inch_1,I am Samurai!,I am Samurai!,1600
vox_plr_3_kill_one_inch_2,Your punishment is death!,Your punishment is death!,1600
vox_plr_3_kill_one_inch_3,I am Takeo! Know my name!,I am Takeo! Know my name!,1600
vox_plr_3_kill_one_inch_4,Return from whence you came!,Return from whence you came!,1600
vox_plr_3_kill_ray_0,An unnatural weapon for an unnatural enemy.,An unnatural weapon for an unnatural enemy.,1600
vox_plr_3_kill_ray_1,You are consumed by this force!,You are consumed by this force!,1600
vox_plr_3_kill_ray_2,Weapons like this could change the world forever!,Weapons like this could change the world forever!,1600
vox_plr_3_kill_ray_3,"I do not understand, but perhaps I do not need to.","I do not understand, but perhaps I do not need to.",1600
vox_plr_3_kill_ray_4,I can smell your fresh burn.,I can smell your fresh burn.,1600
vox_plr_3_kill_ray_5,"Fall before me, demon!","Fall before me, demon!",1600
vox_plr_3_kill_raymk2_0,May knives of light strike down my enemy!,May knives of light strike down my enemy!,1600
vox_plr_3_kill_raymk2_1,You have no future!,You have no future!,1600
vox_plr_3_kill_raymk2_2,Such weapons must never be used against the Emperor!,Such weapons must never be used against the Emperor!,1600
vox_plr_3_kill_raymk2_3,I strike you down in the name of the Emperor!,I strike you down in the name of the Emperor!,1600
vox_plr_3_kill_raymk2_4,Such demons do not deserve my mercy!,Such demons do not deserve my mercy!,1600
vox_plr_3_kill_streak_0,You are no match for a samurai!,You are no match for a samurai!,1600
vox_plr_3_kill_streak_1,Your deaths come swiftly!,Your deaths come swiftly!,1600
vox_plr_3_kill_streak_2,Only a fool would face me in battle!,Only a fool would face me in battle!,1600
vox_plr_3_kill_streak_3,I was raised to be a warrior.,I was raised to be a warrior.,1600
vox_plr_3_kill_streak_4,The spirits of my ancestors are with me!,The spirits of my ancestors are with me!,1600
vox_plr_3_kill_streak_5,Die for the glory of the Emperor!,Die for the glory of the Emperor!,1600
vox_plr_3_kill_streak_6,You will be blown from the very face of the Earth!,You will be blown from the very face of the Earth!,1600
vox_plr_3_kill_tank_0,"As the frames die, so too will you.","As the frames die, so too will you.",1600
vox_plr_3_kill_tank_1,Our flamethrower will reduce their numbers.,Our flamethrower will reduce their numbers.,1600
vox_plr_3_kill_tank_2,I take no pleasure from witnessing your incineration.,I take no pleasure from witnessing your incineration.,1600
vox_plr_3_kill_wind_0,A mighty wind blows across this cursed landscape.,A mighty wind blows across this cursed landscape.,1600
vox_plr_3_kill_wind_1,The air itself unites to defeat your evil.,The air itself unites to defeat your evil.,1600
vox_plr_3_kill_wind_2,Make a maitachi! Punish your sins!,Make a maitachi! Punish your sins!,1600
vox_plr_3_kill_wind_3,Feel the air's embrace as it steals your final breath.,Feel the air's embrace as it steals your final breath.,1600
vox_plr_3_kill_wind_4,The power of this staff will blow your evil from this~realm!,The power of this staff will blow your evil from this~realm!,1600
vox_plr_3_kill_wind_upgrade_0,A mighty wind blows cold across this land.,A mighty wind blows cold across this land.,1600
vox_plr_3_kill_wind_upgrade_1,The spirits of the wind seek sustenance.,The spirits of the wind seek sustenance.,1600
vox_plr_3_kill_wind_upgrade_2,"When the storm has passed, no trace will remain.","When the storm has passed, no trace will remain.",1600
vox_plr_3_kill_wind_upgrade_3,Let the wind carry you to the next life.,Let the wind carry you to the next life.,1600
vox_plr_3_kill_wind_upgrade_4,No mortal man can stand before the hurricane.,No mortal man can stand before the hurricane.,1600
vox_plr_3_lockdown_generic_0,"Without power, this lies out of reach.","Without power, this lies out of reach.",1600
vox_plr_3_mech_defeated_0,He will trouble us no more.,He will trouble us no more.,1600
vox_plr_3_mech_defeated_1,Our mechanical enemy is no more.,Our mechanical enemy is no more.,1600
vox_plr_3_mech_defeated_2,Such victory did not come easily.,Such victory did not come easily.,1600
vox_plr_3_miss_tank_0,Why are you leaving without me?,Why are you leaving without me?,1600
vox_plr_3_miss_tank_1,Leave no man behind!,Leave no man behind!,1600
vox_plr_3_miss_tank_2,Leaving me behind dishonors our alliance!,Leaving me behind dishonors our alliance!,1600
vox_plr_3_multiple_mechs_0,"The armored units approach, this time in greater numbers.","The armored units approach, this time in greater numbers.",1600
vox_plr_3_multiple_mechs_1,We must unite against this new threat.,We must unite against this new threat.,1600
vox_plr_3_multiple_mechs_2,The armored demons appear in greater numbers.,The armored demons appear in greater numbers.,1600
vox_plr_3_nomoney_generic_0,I am a servant of the Emperor. I have little wealth.,I am a servant of the Emperor. I have little wealth.,1600
vox_plr_3_nomoney_generic_1,You insult me with your insurance!,You insult me with your insurance!,1600
vox_plr_3_nomoney_generic_2,I will return when I possess the coins you so clearly~desire.,I will return when I possess the coins you so clearly~desire.,1600
vox_plr_3_nomoney_generic_3,"For now, I am unable to agree to your terms.","For now, I am unable to agree to your terms.",1600
vox_plr_3_nomoney_generic_4,You want so much for so little.,You want so much for so little.,1600
vox_plr_3_oh_shit_0,Advance if you wish. I will stand my ground.,Advance if you wish. I will stand my ground.,1600
vox_plr_3_oh_shit_1,I will draw a line in the sand.,I will draw a line in the sand.,1600
vox_plr_3_oh_shit_2,Savagery is all you possess!,Savagery is all you possess!,1600
vox_plr_3_oh_shit_3,"If today is my day to die, so be it.","If today is my day to die, so be it.",1600
vox_plr_3_oh_shit_4,I will not succumb to your sickness!,I will not succumb to your sickness!,1600
vox_plr_3_oh_shit_5,I will feel no shame to die in battle.,I will feel no shame to die in battle.,1600
vox_plr_3_oh_shit_6,Many have died on my braid. You will be no different.,Many have died on my braid. You will be no different.,1600
vox_plr_3_oh_shit_7,"I stand before you, ready to die.","I stand before you, ready to die.",1600
vox_plr_3_oh_shit_8,Your numbers only provide a greater challenge!,Your numbers only provide a greater challenge!,1600
vox_plr_3_oh_shit_9,"Even in greater numbers, you will fall before me.","Even in greater numbers, you will fall before me.",1600
vox_plr_3_outcome_no_generic_0,An error has been made.,An error has been made.,1600
vox_plr_3_outcome_no_generic_1,I see no positive outcome.,I see no positive outcome.,1600
vox_plr_3_outcome_no_generic_2,We were mistaken.,We were mistaken.,1600
vox_plr_3_outcome_yes_generic_0,We know not what we have done.,We know not what we have done.,1600
vox_plr_3_outcome_yes_generic_1,Our labors prove fruitful.,Our labors prove fruitful.,1600
vox_plr_3_outcome_yes_generic_2,We must understand what we have done.,We must understand what we have done.,1600
vox_plr_3_pap_arm_0,I know not if this is science or magic.,I know not if this is science or magic.,1600
vox_plr_3_pap_arm_1,My weapon has been miraculously transformed.,My weapon has been miraculously transformed.,1600
vox_plr_3_pap_arm_2,"When all is done, I will transport this machine to Japan.","When all is done, I will transport this machine to Japan.",1600
vox_plr_3_pap_arm_3,The Germans alone could not have created this.,The Germans alone could not have created this.,1600
vox_plr_3_pap_arm_4,This machine is a mystery locked in a riddle.,This machine is a mystery locked in a riddle.,1600
vox_plr_3_perk_jugga_0,I am imbued with the warrior spirit!,I am imbued with the warrior spirit!,1600
vox_plr_3_perk_mule_0,"No matter how heavy the burden, I will gladly bear it.","No matter how heavy the burden, I will gladly bear it.",1600
vox_plr_3_perk_one_inch_0,They will learn of the power I have in my hands.,They will learn of the power I have in my hands.,1600
vox_plr_3_perk_one_inch_1,No demon will withstand my strike.,No demon will withstand my strike.,1600
vox_plr_3_perk_one_inch_2,My very touch will destroy them.,My very touch will destroy them.,1600
vox_plr_3_perk_revive_0,Perhaps this will aid us in our fight for survival.,Perhaps this will aid us in our fight for survival.,1600
vox_plr_3_perk_speed_0,I feel my limbs have a greater fluidity of movement than~Barons.,I feel my limbs have a greater fluidity of movement than~Barons.,1600
vox_plr_3_perk_stamine_0,I am refreshed and ready to lead the charge into battle!,I am refreshed and ready to lead the charge into battle!,1600
vox_plr_3_perk_wonder_0,I fear different.,I fear different.,1600
vox_plr_3_pickup_brain_0,A brain in a jar? I wonder what plans the German has for~this.,A brain in a jar? I wonder what plans the German has for~this.,1600
vox_plr_3_pickup_crystal_0,I believe this crystal may help focus some ancient power.,I believe this crystal may help focus some ancient power.,1600
vox_plr_3_pickup_fire_0,"This staff appears ancient, yet modern.","This staff appears ancient, yet modern.",1600
vox_plr_3_pickup_generic_0,I will keep this safe.,I will keep this safe.,1600
vox_plr_3_pickup_generic_1,This object looks important.,This object looks important.,1600
vox_plr_3_pickup_generic_2,This may be worth keeping.,This may be worth keeping.,1600
vox_plr_3_pickup_generic_3,There is a place for everything.,There is a place for everything.,1600
vox_plr_3_pickup_generic_4,"Something useful, perhaps.","Something useful, perhaps.",1600
vox_plr_3_pickup_gramophone_0,Does this gramophone factor into the Germans' plans?,Does this gramophone factor into the Germans' plans?,1600
vox_plr_3_pickup_ice_0,Is this staff somehow linked to the fate of the child?,Is this staff somehow linked to the fate of the child?,1600
vox_plr_3_pickup_light_0,I fear such power does not belong in mortal hands.,I fear such power does not belong in mortal hands.,1600
vox_plr_3_pickup_record_0,Perhaps this music may appease the spirits.,Perhaps this music may appease the spirits.,1600
vox_plr_3_pickup_shovel_0,"I will take the shovel, so I may uncover that which is~buried.","I will take the shovel, so I may uncover that which is~buried.",1600
vox_plr_3_pickup_staff_part_0,A broken staff piece.,A broken staff piece.,1600
vox_plr_3_pickup_staff_part_1,A fragment of some stuff.,A fragment of some stuff.,1600
vox_plr_3_pickup_staff_part_2,Part of a Staff.,Part of a Staff.,1600
vox_plr_3_pickup_wind_0,It is an ill wind that blows no good.,It is an ill wind that blows no good.,1600
vox_plr_3_place_gramophone_0,It seems clear that music may be the riddle's solution.,It seems clear that music may be the riddle's solution.,1600
vox_plr_3_powerup_ammo_0,The spirits have brought forth a generous gift for us all!,The spirits have brought forth a generous gift for us all!,1600
vox_plr_3_powerup_ammo_1,"For the moment, we need not worry about ammo!","For the moment, we need not worry about ammo!",1600
vox_plr_3_powerup_ammo_2,We must strike while we have the advantage!,We must strike while we have the advantage!,1600
vox_plr_3_powerup_firesale_0,Perhaps the spirits of our ancestors wrestle for control~of the box.,Perhaps the spirits of our ancestors wrestle for control~of the box.,1600
vox_plr_3_powerup_firesale_1,We have an unexpected opportunity to arm ourselves more~efficiently.,We have an unexpected opportunity to arm ourselves more~efficiently.,1600
vox_plr_3_powerup_firesale_2,"For the moment, the box no longer commands an offering.","For the moment, the box no longer commands an offering.",1600
vox_plr_3_powerup_insta_0,"With greater strength, we will crush our enemies!","With greater strength, we will crush our enemies!",1600
vox_plr_3_powerup_insta_1,The spirits of my ancestors are with me!,The spirits of my ancestors are with me!,1600
vox_plr_3_powerup_insta_2,"With this power, many will die by my hand.","With this power, many will die by my hand.",1600
vox_plr_3_powerup_nuke_0,A great thunder has silenced our enemies.,A great thunder has silenced our enemies.,1600
vox_plr_3_powerup_nuke_1,"For now, the spirits choose to bless us.","For now, the spirits choose to bless us.",1600
vox_plr_3_powerup_nuke_2,A mighty wind has blown across this cursed landscape.,A mighty wind has blown across this cursed landscape.,1600
vox_plr_3_powerup_zombie_blood_0,I sense a change in our enemy's behavior.,I sense a change in our enemy's behavior.,1600
vox_plr_3_powerup_zombie_blood_1,Confusion crowds the judgment of our wretched enemy.,Confusion crowds the judgment of our wretched enemy.,1600
vox_plr_3_powerup_zombie_blood_2,"For now, I may move among them, unseen and unheard.","For now, I may move among them, unseen and unheard.",1600
vox_plr_3_purge_robot_0,Something is happening.,Something is happening.,1600
vox_plr_3_rebuild_boards_0,We must endeavor to slow their progress.,We must endeavor to slow their progress.,1600
vox_plr_3_rebuild_boards_1,Perhaps we can secure our immediate surroundings.,Perhaps we can secure our immediate surroundings.,1600
vox_plr_3_recapture_initiated_0,The demons fight for control of the generators!,The demons fight for control of the generators!,1600
vox_plr_3_recapture_initiated_1,We must defend the territory around the generators!,We must defend the territory around the generators!,1600
vox_plr_3_recapture_prevented_0,Our victory did not come easily.,Our victory did not come easily.,1600
vox_plr_3_recapture_prevented_1,The enemy fought with great ferocity.,The enemy fought with great ferocity.,1600
vox_plr_3_respond_maxis_3_0,Open it.,Open it.,1600
vox_plr_3_revive_player_0,I am in your debt.,I am in your debt.,1600
vox_plr_3_revive_player_1,This was unfortunate.,This was unfortunate.,1600
vox_plr_3_revive_player_2,I will not make the same mistake again.,I will not make the same mistake again.,1600
vox_plr_3_revive_player_3,I felt for a moment that my ancestors were calling to me.,I felt for a moment that my ancestors were calling to me.,1600
vox_plr_3_revive_player_4,"I live, if only to die another day.","I live, if only to die another day.",1600
vox_plr_3_roaming_zombies_0,"They are working as a unit, eager to destroy the~generator.","They are working as a unit, eager to destroy the~generator.",1600
vox_plr_3_roaming_zombies_1,We must act before the enemy reaches the generator!,We must act before the enemy reaches the generator!,1600
vox_plr_3_robot_crush_golden_0,The headgear I acquired protected me from harm.,The headgear I acquired protected me from harm.,1600
vox_plr_3_robot_crush_mech_0,"Strike now, while he is immobilized!","Strike now, while he is immobilized!",1600
vox_plr_3_robot_crush_player_0,I need help! I was almost crushed by the steel giant!,I need help! I was almost crushed by the steel giant!,1600
vox_plr_3_robot_crush_player_1,Help me! I am wounded!,Help me! I am wounded!,1600
vox_plr_3_robot_crush_zombie_0,I saw a demon crushed beneath the robot's foot.,I saw a demon crushed beneath the robot's foot.,1600
vox_plr_3_rspnd_drone_revive_0,Could the Doctor's soul live on?,Could the Doctor's soul live on?,1600
vox_plr_3_rspnd_drone_revive_1,I owe my life to a machine.,I owe my life to a machine.,1600
vox_plr_3_rspnd_drone_revive_2,Such a help was unexpected.,Such a help was unexpected.,1600
vox_plr_3_rspnd_mech_grab_0,"Release me, demon!","Release me, demon!",1600
vox_plr_3_rspnd_mech_grab_1,I cannot break free!,I cannot break free!,1600
vox_plr_3_rspnd_mech_jump_0,He soars like Eagle!,He soars like Eagle!,1600
vox_plr_3_sam_takeo_1_0,"You speak to my soul, but I do not yet know if you are~really to be trusted.","You speak to my soul, but I do not yet know if you are~really to be trusted.",1600
vox_plr_3_sam_takeo_2_0,"You promise much, child. I hope you speak the truth.","You promise much, child. I hope you speak the truth.",1600
vox_plr_3_see_robots_0,These mechanical giants must be destroyed!,These mechanical giants must be destroyed!,1600
vox_plr_3_shoot_mech_arm_0,You must shoot his arm!,You must shoot his arm!,1600
vox_plr_3_shoot_mech_arm_1,Shoot the arm to release the claw!,Shoot the arm to release the claw!,1600
vox_plr_3_shoot_mech_arm_2,Fire at his arm!,Fire at his arm!,1600
vox_plr_3_shoot_mech_head_0,Shoot the head!,Shoot the head!,1600
vox_plr_3_shoot_mech_head_1,Aim for the head!,Aim for the head!,1600
vox_plr_3_shoot_mech_head_2,Target his head!,Target his head!,1600
vox_plr_3_shoot_mech_power_0,The glow may be his source of power.,The glow may be his source of power.,1600
vox_plr_3_shoot_robot_0,Our fire has no effect on the Giant's armor.,Our fire has no effect on the Giant's armor.,1600
vox_plr_3_shoot_robot_1,The robot cannot be harmed by small arms fire.,The robot cannot be harmed by small arms fire.,1600
vox_plr_3_siren_1st_time_0,I feared the sound walls of reinforcements.,I feared the sound walls of reinforcements.,1600
vox_plr_3_siren_generic_0,At least we have warning of their advance.,At least we have warning of their advance.,1600
vox_plr_3_siren_generic_1,The Mechanized Ones approach!,The Mechanized Ones approach!,1600
vox_plr_3_siren_generic_2,"The siren warns us to prepare for battle, my friends.","The siren warns us to prepare for battle, my friends.",1600
vox_plr_3_srnd_rspnd_to_plr_0_neg_0,"You are in need of help, Gaijin?","You are in need of help, Gaijin?",1600
vox_plr_3_srnd_rspnd_to_plr_0_neg_1,"Like hunters, they know to prey upon the weak.","Like hunters, they know to prey upon the weak.",1600
vox_plr_3_srnd_rspnd_to_plr_0_neg_2,Why do you expect help from me?,Why do you expect help from me?,1600
vox_plr_3_srnd_rspnd_to_plr_0_neg_3,Perhaps you will choose to sacrifice yourself for the~greater good.,Perhaps you will choose to sacrifice yourself for the~greater good.,1600
vox_plr_3_srnd_rspnd_to_plr_0_neg_4,You will die an honorable death in battle.,You will die an honorable death in battle.,1600
vox_plr_3_srnd_rspnd_to_plr_0_neg_5,"You must face your destiny, Gaijin!","You must face your destiny, Gaijin!",1600
vox_plr_3_srnd_rspnd_to_plr_0_pos_0,We must protect the American. He is among the strongest of~us.,We must protect the American. He is among the strongest of~us.,1600
vox_plr_3_srnd_rspnd_to_plr_0_pos_1,Do not let the American fall!,Do not let the American fall!,1600
vox_plr_3_srnd_rspnd_to_plr_0_pos_2,Dempsey has proven himself a great warrior. We cannot let~him be consumed.,Dempsey has proven himself a great warrior. We cannot let~him be consumed.,1600
vox_plr_3_srnd_rspnd_to_plr_0_pos_3,"Without Dempsey, our survival would be in doubt.","Without Dempsey, our survival would be in doubt.",1600
vox_plr_3_srnd_rspnd_to_plr_1_neg_0,The Russian faces an uncertain future.,The Russian faces an uncertain future.,1600
vox_plr_3_srnd_rspnd_to_plr_1_neg_1,"Without help, the Russians may not survive this battle.","Without help, the Russians may not survive this battle.",1600
vox_plr_3_srnd_rspnd_to_plr_1_neg_2,Nikolai appears outnumbered and outmatched.,Nikolai appears outnumbered and outmatched.,1600
vox_plr_3_srnd_rspnd_to_plr_1_neg_3,"Take Saurus, knowing that your suffering will soon be at~an end, Russian!","Take Saurus, knowing that your suffering will soon be at~an end, Russian!",1600
vox_plr_3_srnd_rspnd_to_plr_1_neg_4,The Russians' fate is out of our hands!,The Russians' fate is out of our hands!,1600
vox_plr_3_srnd_rspnd_to_plr_1_pos_0,Our Russian friend is struggling with the masses.,Our Russian friend is struggling with the masses.,1600
vox_plr_3_srnd_rspnd_to_plr_1_pos_1,"You fight bravely, Nikolai. You will prevail.","You fight bravely, Nikolai. You will prevail.",1600
vox_plr_3_srnd_rspnd_to_plr_1_pos_2,Those creatures will regret awakening the Great Bear!,Those creatures will regret awakening the Great Bear!,1600
vox_plr_3_srnd_rspnd_to_plr_1_pos_3,"Show no mercy, Nikolai!","Show no mercy, Nikolai!",1600
vox_plr_3_srnd_rspnd_to_plr_1_pos_4,Those who attack the Russian will not live long enough to~regret it!,Those who attack the Russian will not live long enough to~regret it!,1600
vox_plr_3_srnd_rspnd_to_plr_2_neg_0,"Without hope, the German may not survive much longer.","Without hope, the German may not survive much longer.",1600
vox_plr_3_srnd_rspnd_to_plr_2_neg_1,It may be that the German deserves such a fate.,It may be that the German deserves such a fate.,1600
vox_plr_3_srnd_rspnd_to_plr_2_neg_2,"Perhaps you have brought about your own destruction,~Richtofen.","Perhaps you have brought about your own destruction,~Richtofen.",1600
vox_plr_3_srnd_rspnd_to_plr_2_neg_3,"Confront the consequences of your actions, German!","Confront the consequences of your actions, German!",1600
vox_plr_3_srnd_rspnd_to_plr_2_neg_4,"Richtofen, do you seek to offer yourself as a sacrifice?","Richtofen, do you seek to offer yourself as a sacrifice?",1600
vox_plr_3_srnd_rspnd_to_plr_2_neg_5,I am tempted to leave the German to his fate.,I am tempted to leave the German to his fate.,1600
vox_plr_3_srnd_rspnd_to_plr_2_pos_0,The German secrets cannot be allowed to die with him!,The German secrets cannot be allowed to die with him!,1600
vox_plr_3_srnd_rspnd_to_plr_2_pos_1,We must intervene. The German appears unable to defend~himself.,We must intervene. The German appears unable to defend~himself.,1600
vox_plr_3_srnd_rspnd_to_plr_2_pos_2,"Do not weaken before the enemy, Richtofen!","Do not weaken before the enemy, Richtofen!",1600
vox_plr_3_srnd_rspnd_to_plr_2_pos_3,We must not let the German fall to the enemy!,We must not let the German fall to the enemy!,1600
vox_plr_3_struggle_mud_0,I curse this debilitating mud!,I curse this debilitating mud!,1600
vox_plr_3_struggle_mud_1,I cannot outrun my enemy in this mud!,I cannot outrun my enemy in this mud!,1600
vox_plr_3_take_weapon_2nd_time_0,Perhaps the spirits of our ancestors are somehow trying to~aid us in our mission.,Perhaps the spirits of our ancestors are somehow trying to~aid us in our mission.,1600
vox_plr_3_take_weapon_intro_0,What manner of sorcery is this?,What manner of sorcery is this?,1600
vox_plr_3_tank_rspnd_generic_0,I fear leaving the others may be a mistake.,I fear leaving the others may be a mistake.,1600
vox_plr_3_tank_rspnd_to_plr_0_0,"I regret leaving you, Dempsey.","I regret leaving you, Dempsey.",1600
vox_plr_3_tank_rspnd_to_plr_1_0,"Your abandonment was not deliberate, Nikolai.","Your abandonment was not deliberate, Nikolai.",1600
vox_plr_3_tank_rspnd_to_plr_2_0,"Alas, the German failed to reach the tank in time.","Alas, the German failed to reach the tank in time.",1600
vox_plr_3_use_beacon_0,Fire from the sky will soon engulf this area.,Fire from the sky will soon engulf this area.,1600
vox_plr_3_use_beacon_1,I will choose the robot's target.,I will choose the robot's target.,1600
vox_plr_3_use_beacon_2,"Begin the barrage, robot!","Begin the barrage, robot!",1600
vox_plr_3_use_box_2nd_time_0,"Reveal your mysteries once more, box.","Reveal your mysteries once more, box.",1600
vox_plr_3_use_box_intro_0,This defies logic.,This defies logic.,1600
vox_plr_3_warn_robot_0,The Giant Robot comes this way.,The Giant Robot comes this way.,1600
vox_plr_3_warn_robot_1,It is unwise to stand in the path of the robot!,It is unwise to stand in the path of the robot!,1600
vox_plr_3_warn_robot_foot_0,You will be crushed!,You will be crushed!,1600
vox_plr_3_warn_robot_foot_1,Out of the way!,Out of the way!,1600
vox_plr_3_wpck_crappy_0,This weapon is outmatched by my katana.,This weapon is outmatched by my katana.,1600
vox_plr_3_wpck_crappy_1,Perhaps those who control this box do not wish us to~survive.,Perhaps those who control this box do not wish us to~survive.,1600
vox_plr_3_wpck_crappy_2,"You seem to taunt me, Box. Do you seek only to cause~misery?","You seem to taunt me, Box. Do you seek only to cause~misery?",1600
vox_plr_3_wpck_crappy_3,This is not the weapon of a true warrior.,This is not the weapon of a true warrior.,1600
vox_plr_3_wpck_duel_0,"Two identical weapons? For what purpose, I ask?","Two identical weapons? For what purpose, I ask?",1600
vox_plr_3_wpck_duel_1,Fortune smiles upon me.,Fortune smiles upon me.,1600
vox_plr_3_wpck_duel_2,There is no method in this madness.,There is no method in this madness.,1600
vox_plr_3_wpck_duel_3,I will strike my enemies with twice the firepower.,I will strike my enemies with twice the firepower.,1600
vox_plr_3_wpck_duel_4,What did I do to provoke such generosity?,What did I do to provoke such generosity?,1600
vox_plr_3_wpck_explo_0,Fire consumes all it touches.,Fire consumes all it touches.,1600
vox_plr_3_wpck_explo_1,"One day, fire will cleanse this land of evil.","One day, fire will cleanse this land of evil.",1600
vox_plr_3_wpck_explo_2,"Though crude and clumsy, explosives are effective~nonetheless.","Though crude and clumsy, explosives are effective~nonetheless.",1600
vox_plr_3_wpck_explo_3,Explosives belong in the hands of barbarians.,Explosives belong in the hands of barbarians.,1600
vox_plr_3_wpck_explo_4,An explosion will shatter their very bones.,An explosion will shatter their very bones.,1600
vox_plr_3_wpck_mg_0,These uncivilized weapons belong in the hands of the~Gaijin.,These uncivilized weapons belong in the hands of the~Gaijin.,1600
vox_plr_3_wpck_mg_1,The destruction of many comes easily with such superior~weaponry.,The destruction of many comes easily with such superior~weaponry.,1600
vox_plr_3_wpck_mg_2,I cannot discount this weapon's devastating potential.,I cannot discount this weapon's devastating potential.,1600
vox_plr_3_wpck_mg_3,Who among you chooses to be the first to taste my bullet?,Who among you chooses to be the first to taste my bullet?,1600
vox_plr_3_wpck_mg_4,Even a simple farmer could repel his enemy with such a~weapon.,Even a simple farmer could repel his enemy with such a~weapon.,1600
vox_plr_3_wpck_monkey_0,Such a weapon could only be created by a diseased mind.,Such a weapon could only be created by a diseased mind.,1600
vox_plr_3_wpck_monkey_1,"I will take this monkey. In time, it may prove useful.","I will take this monkey. In time, it may prove useful.",1600
vox_plr_3_wpck_monkey_2,"Like moths to a flame, their simple brains draw them to~the monkey.","Like moths to a flame, their simple brains draw them to~the monkey.",1600
vox_plr_3_wpck_monkey_3,No monkey ever affected the outcome of a war.,No monkey ever affected the outcome of a war.,1600
vox_plr_3_wpck_monkey_4,Who among us can say they truly understand the monkey?,Who among us can say they truly understand the monkey?,1600
vox_plr_3_wpck_pistol_0,I prefer them to taste the steer of my blade.,I prefer them to taste the steer of my blade.,1600
vox_plr_3_wpck_pistol_1,"Hmm, a pistol requires great skill to use effectively.","Hmm, a pistol requires great skill to use effectively.",1600
vox_plr_3_wpck_pistol_2,I will carefully aim each and every bullet.,I will carefully aim each and every bullet.,1600
vox_plr_3_wpck_pistol_3,Death or glory awaits me.,Death or glory awaits me.,1600
vox_plr_3_wpck_pistol_4,"I am not afraid to face my enemy, no matter what weapon I~wield.","I am not afraid to face my enemy, no matter what weapon I~wield.",1600
vox_plr_3_wpck_ray_0,"I can no longer doubt the existence of the Germans,~so-called Wonder Weapons.","I can no longer doubt the existence of the Germans,~so-called Wonder Weapons.",1600
vox_plr_3_wpck_ray_1,This weapon defies explanation.,This weapon defies explanation.,1600
vox_plr_3_wpck_ray_2,I do not understand how such weapons could be hidden from~the world.,I do not understand how such weapons could be hidden from~the world.,1600
vox_plr_3_wpck_ray_3,Such weapons could assure any nation's ultimate victory.,Such weapons could assure any nation's ultimate victory.,1600
vox_plr_3_wpck_ray_4,I have seen many strange things in this press. Few are~stranger than this.,I have seen many strange things in this press. Few are~stranger than this.,1600
vox_plr_3_wpck_raymk2_0,I am blessed with such a mighty force to wield.,I am blessed with such a mighty force to wield.,1600
vox_plr_3_wpck_raymk2_1,"With this, countless beasts will die by my hand.","With this, countless beasts will die by my hand.",1600
vox_plr_3_wpck_raymk2_2,"When this is over, we should destroy these weapons. They~are too dangerous for mortal man.","When this is over, we should destroy these weapons. They~are too dangerous for mortal man.",1600
vox_plr_3_wpck_raymk2_3,Only in battle will I learn the true power of this weapon.,Only in battle will I learn the true power of this weapon.,1600
vox_plr_3_wpck_raymk2_4,Who among them will dare to face me now?,Who among them will dare to face me now?,1600
vox_plr_3_wpck_rifle_0,"An impressive weapon, no doubt. But who created it?","An impressive weapon, no doubt. But who created it?",1600
vox_plr_3_wpck_rifle_1,"With this rifle, I will fight with honor.","With this rifle, I will fight with honor.",1600
vox_plr_3_wpck_rifle_2,"With this, I will kill many of our enemies.","With this, I will kill many of our enemies.",1600
vox_plr_3_wpck_rifle_3,These weapons could change the rules of war forever.,These weapons could change the rules of war forever.,1600
vox_plr_3_wpck_rifle_4,I reluctantly accept this weapon.,I reluctantly accept this weapon.,1600
vox_plr_3_wpck_shotgun_0,Such a crude and destructive weapon surely belongs in the~hands of the Russian.,Such a crude and destructive weapon surely belongs in the~hands of the Russian.,1600
vox_plr_3_wpck_shotgun_1,No creature can stand before such firepower.,No creature can stand before such firepower.,1600
vox_plr_3_wpck_shotgun_2,This will be most effective at cross-range.,This will be most effective at cross-range.,1600
vox_plr_3_wpck_shotgun_3,I will tear each demon in half.,I will tear each demon in half.,1600
vox_plr_3_wpck_shotgun_4,No enemy could withstand such an onslaught.,No enemy could withstand such an onslaught.,1600
vox_plr_3_wpck_smg_0,"Hmm, a weapon capable of great destruction. Better it be~in my hands than those of the German.","Hmm, a weapon capable of great destruction. Better it be~in my hands than those of the German.",1600
vox_plr_3_wpck_smg_1,Such weapons belong in the hands of cowards. A true~warrior would face his enemy.,Such weapons belong in the hands of cowards. A true~warrior would face his enemy.,1600
vox_plr_3_wpck_smg_2,"When this battle is won, I must ensure these weapons make~it to Japan.","When this battle is won, I must ensure these weapons make~it to Japan.",1600
vox_plr_3_wpck_smg_3,This weapon belongs in the hands of barbarians.,This weapon belongs in the hands of barbarians.,1600
vox_plr_3_wpck_smg_4,You bestow upon me a most dangerous weapon.,You bestow upon me a most dangerous weapon.,1600
vox_plr_3_wpck_snipe_0,I prefer to stand face to face with my enemies.,I prefer to stand face to face with my enemies.,1600
vox_plr_3_wpck_snipe_1,Such a rifle forces me to embrace accuracy over fire rate.,Such a rifle forces me to embrace accuracy over fire rate.,1600
vox_plr_3_wpck_snipe_2,I vow that every single bullet will find its mark.,I vow that every single bullet will find its mark.,1600
vox_plr_3_wpck_snipe_3,They will not see the face of the man who sends them to~their death.,They will not see the face of the man who sends them to~their death.,1600
vox_plr_3_wpck_snipe_4,Only from a distance will this prove effective.,Only from a distance will this prove effective.,1600
vox_plr_3_zm_box_complete_0,What is its purpose?,What is its purpose?,1600
vox_plr_3_zm_box_continue_0,Why does it consume the spirits?,Why does it consume the spirits?,1600
vox_plr_3_zm_box_encourage_0,The energy flows like a river!,The energy flows like a river!,1600
vox_plr_3_zm_box_encourage_1,Every demon that falls supplies more energy.,Every demon that falls supplies more energy.,1600
vox_plr_3_zm_box_final_complete_0,"I feel the spirits toy with us, as though it were a game.","I feel the spirits toy with us, as though it were a game.",1600
vox_plr_3_zm_box_start_0,It is as though the spirits are being pulled within.,It is as though the spirits are being pulled within.,1600
vox_plr_3_zones_held_0,The generators are functional. What may the operation~yield?,The generators are functional. What may the operation~yield?,1600
vox_maxi_audio_log_1_1_0,"Researching element 115 continues to yield unforeseen~results. The conversion process creates localized energy|fields, which appear to function as portals, bringing~forth objects of indeterminate origin.","Researching element 115 continues to yield unforeseen~results. The conversion process creates localized energy|fields, which appear to function as portals, bringing~forth objects of indeterminate origin.",1250
vox_maxi_audio_log_1_2_0,"It is my hypothesis, however outlandish, that this~transfer of matter may actually be occurring through space|and time.","It is my hypothesis, however outlandish, that this~transfer of matter may actually be occurring through space|and time.",1250
vox_maxi_audio_log_1_3_0,I believe the answer may lay with the broken rune stones~located at the mound. Perhaps channeling sufficient energy|from the conversion generators to their location may prove~fruitful.,I believe the answer may lay with the broken rune stones~located at the mound. Perhaps channeling sufficient energy|from the conversion generators to their location may prove~fruitful.,1250
vox_maxi_audio_log_2_1_0,"The ancient texts describe an artifact known to them as~the amplification rod. It is my firm belief this item is|instrumental to harnessing the energy of the elemental~stones. Unfortunately, neither the rod nor the stones have|been recovered from any of our dig sites.","The ancient texts describe an artifact known to them as~the amplification rod. It is my firm belief this item is|instrumental to harnessing the energy of the elemental~stones. Unfortunately, neither the rod nor the stones have|been recovered from any of our dig sites.",1250
vox_maxi_audio_log_2_2_0,"I fear we must push forward regardless. As such, I have~drawn up plans to create replica rods based on the|descriptions from the main chamber. I will instruct~Richtofen to begin fabrication immediately.","I fear we must push forward regardless. As such, I have~drawn up plans to create replica rods based on the|descriptions from the main chamber. I will instruct~Richtofen to begin fabrication immediately.",1250
vox_maxi_audio_log_3_1_0,It is by chance of fate alone that we unlock the seal to~the main chamber. Repeated efforts to use brute force|proved ineffective and left the men exhausted and~frustrated.,It is by chance of fate alone that we unlock the seal to~the main chamber. Repeated efforts to use brute force|proved ineffective and left the men exhausted and~frustrated.,1250
vox_maxi_audio_log_3_2_0,"In an effort to alleviate this attention, one of the~soldiers brought a gramophone to the chamber, along with a|recording by a group of performers known as La Source~Noire. To our astonishment, as we listened to the first|few bars of music, the seal itself began to open.","In an effort to alleviate this attention, one of the~soldiers brought a gramophone to the chamber, along with a|recording by a group of performers known as La Source~Noire. To our astonishment, as we listened to the first|few bars of music, the seal itself began to open.",1250
vox_maxi_audio_log_3_3_0,I cannot help but wonder if other such recordings may~similarly reveal other areas of the catacombs.,I cannot help but wonder if other such recordings may~similarly reveal other areas of the catacombs.,1250
vox_maxi_audio_log_4_1_0,"When I awoke this morning, I learned of mysterious events~that took place during the night.","When I awoke this morning, I learned of mysterious events~that took place during the night.",1250
vox_maxi_audio_log_4_2_0,Men working on the installation of the generators reported~seeing ancient figures emerging from the mound.,Men working on the installation of the generators reported~seeing ancient figures emerging from the mound.,1250
vox_maxi_audio_log_4_3_0,"I would doubt their story, but for the fact that by~morning, many of the men were either dead or missing.","I would doubt their story, but for the fact that by~morning, many of the men were either dead or missing.",1250
vox_maxi_audio_log_5_1_0,"When 115 is channeled towards the ancient stones, an~energy field appears to drag unknown objects into our|reality.","When 115 is channeled towards the ancient stones, an~energy field appears to drag unknown objects into our|reality.",1250
vox_maxi_audio_log_5_2_0,"Is it possible that Element 115 is disrupting the~space-time continuum itself? How else could an ancient box|created eons ago bring forth weapons from different eras,~perhaps including even our own future?","Is it possible that Element 115 is disrupting the~space-time continuum itself? How else could an ancient box|created eons ago bring forth weapons from different eras,~perhaps including even our own future?",1250
vox_maxi_audio_log_5_3_0,Further study is needed to understand these powerful and~unpredictable forces.,Further study is needed to understand these powerful and~unpredictable forces.,1250
vox_maxi_audio_log_6_1_0,"The child's voice calls to me more frequently than ever.~At first, she spoke only of her imprisonment in a mythical|realm known as Agartha.","The child's voice calls to me more frequently than ever.~At first, she spoke only of her imprisonment in a mythical|realm known as Agartha.",1250
vox_maxi_audio_log_6_2_0,"Now she claims to be my daughter, even though I know no~such child exists. I fear my sanity may be slipping away|from me.","Now she claims to be my daughter, even though I know no~such child exists. I fear my sanity may be slipping away|from me.",1250
vox_maxi_drone_ambient_1_0,Where's Samantha?,Where's Samantha?,1250
vox_maxi_drone_ambient_2_0,Does she still call out for help?,Does she still call out for help?,1250
vox_maxi_drone_ambient_3_0,Agartha must be revealed!,Agartha must be revealed!,1250
vox_maxi_drone_ambient_4_0,Event sequence has been disrupted.,Event sequence has been disrupted.,1250
vox_maxi_drone_ambient_5_0,We must free Samantha from her prison!,We must free Samantha from her prison!,1250
vox_maxi_drone_ambient_6_0,The girl is the key.,The girl is the key.,1250
vox_maxi_drone_ambient_7_0,Event calibration has been disrupted.,Event calibration has been disrupted.,1250
vox_maxi_drone_ambient_8_0,"Your actions have endangered us all, Edward!","Your actions have endangered us all, Edward!",1250
vox_maxi_drone_ambient_9_0,"No, Edward! No!","No, Edward! No!",1250
vox_maxi_drone_attacking_0,Targets located.,Targets located.,1250
vox_maxi_drone_attacking_1,Weapons locked.,Weapons locked.,1250
vox_maxi_drone_attacking_2,Firing.,Firing.,1250
vox_maxi_drone_cool_down_0,"Warning, energy low.","Warning, energy low.",1250
vox_maxi_drone_cool_down_1,Energy levels approaching minimum.,Energy levels approaching minimum.,1250
vox_maxi_drone_cool_down_2,Returning to charging station.,Returning to charging station.,1250
vox_maxi_drone_cool_down_3,Recharge underway. Please stand by.,Recharge underway. Please stand by.,1250
vox_maxi_drone_cool_down_4,Energy levels restored to maximum.,Energy levels restored to maximum.,1250
vox_maxi_drone_holding_0,Holding pattern established.,Holding pattern established.,1250
vox_maxi_drone_hover_0,Hover sequence initiated.,Hover sequence initiated.,1250
vox_maxi_drone_killed_0,Target destroyed.,Target destroyed.,1250
vox_maxi_drone_killed_1,Enemy eliminated.,Enemy eliminated.,1250
vox_maxi_drone_killed_2,Kill confirmed.,Kill confirmed.,1250
vox_maxi_drone_killed_3,Threat Neutralized.,Threat Neutralized.,1250
vox_maxi_drone_pickups_0,Target object acquired.,Target object acquired.,1250
vox_maxi_drone_pickups_1,Retrieval operation complete.,Retrieval operation complete.,1250
vox_maxi_drone_pickups_2,Sample collected.,Sample collected.,1250
vox_maxi_drone_pickups_3,Object secured.,Object secured.,1250
vox_maxi_drone_pickups_4,Item gathering mission successful.,Item gathering mission successful.,1250
vox_maxi_drone_revive_0,Revival sequence initiated.,Revival sequence initiated.,1250
vox_maxi_drone_revive_1,Death will not find you.,Death will not find you.,1250
vox_maxi_drone_revive_2,You must continue!,You must continue!,1250
vox_maxi_drone_revive_3,Samantha must be found!,Samantha must be found!,1250
vox_maxi_drone_revive_4,You cannot fail!,You cannot fail!,1250
vox_maxi_drone_scan_0,Scanning area for hostile targets.,Scanning area for hostile targets.,1250
vox_maxi_drone_standby_0,Standing by.,Standing by.,1250
vox_maxi_drone_upgraded_0,Primary functions upgraded.,Primary functions upgraded.,1250
vox_maxi_drone_upgraded_1,Samantha! I must go to her!,Samantha! I must go to her!,1250
vox_maxi_drone_upgraded_2,The paradox must be resolved.,The paradox must be resolved.,1250
vox_maxi_drone_upgraded_3,The loop must be closed.,The loop must be closed.,1250
vox_maxi_generator_1_activated_0,Generator 1 now activated.,Generator 1 now activated.,1500
vox_maxi_generator_1_compromised_0,Generics of one is compromised.,Generics of one is compromised.,1500
vox_maxi_generator_1_deactivated_0,Conversion Generator 1 deactivated.,Conversion Generator 1 deactivated.,1500
vox_maxi_generator_2_activated_0,Generator 2 now activated.,Generator 2 now activated.,1500
vox_maxi_generator_2_compromised_0,Generator 2 is compromised.,Generator 2 is compromised.,1500
vox_maxi_generator_2_deactivated_0,Conversion Generator 2 deactivated.,Conversion Generator 2 deactivated.,1500
vox_maxi_generator_3_activated_0,"Generator 3, now activated.","Generator 3, now activated.",1500
vox_maxi_generator_3_compromised_0,Generator 3 is compromised.,Generator 3 is compromised.,1500
vox_maxi_generator_3_deactivated_0,Conversion Generator 3 deactivated.,Conversion Generator 3 deactivated.,1500
vox_maxi_generator_4_activated_0,"Generator 4, now activated.","Generator 4, now activated.",1500
vox_maxi_generator_4_compromised_0,Generator 4 is compromised.,Generator 4 is compromised.,1500
vox_maxi_generator_4_deactivated_0,Conversion Generator 4 deactivated.,Conversion Generator 4 deactivated.,1500
vox_maxi_generator_5_activated_0,Generator 5 now activated.,Generator 5 now activated.,1500
vox_maxi_generator_5_compromised_0,Generator 5 is compromised.,Generator 5 is compromised.,1500
vox_maxi_generator_5_deactivated_0,Conversion Generator 5 deactivated.,Conversion Generator 5 deactivated.,1500
vox_maxi_generator_6_activated_0,Generator 6 now activated.,Generator 6 now activated.,1500
vox_maxi_generator_6_compromised_0,Generator 6 is compromised.,Generator 6 is compromised.,1500
vox_maxi_generator_6_deactivated_0,Conversion Generator 6 deactivated.,Conversion Generator 6 deactivated.,1500
vox_maxi_generator_initiate_0,Initiating conversion sequence.,Initiating conversion sequence.,1500
vox_maxi_generator_interrupted_0,Conversion process interrupted.,Conversion process interrupted.,1500
vox_maxi_generator_process_complete_0,Conversion process complete.,Conversion process complete.,1500
vox_maxi_maxis_drone_1_0,"Oh, at last, the darkness is at an end. I live again! I~knew my friend would not fail me.","Oh, at last, the darkness is at an end. I live again! I~knew my friend would not fail me.",1600
vox_maxi_maxis_drone_4_0,Something is wrong. I can no longer touch. No longer feel.~What have you done Richtofen?,Something is wrong. I can no longer touch. No longer feel.~What have you done Richtofen?,1600
vox_maxi_outro_ee_6_0,"Put the toys away, children. Make sure the windows are~locked before you come down to the basement.","Put the toys away, children. Make sure the windows are~locked before you come down to the basement.",1600
vox_maxi_purge_countdown_0,"10, 9, 8, 7, 6, 5, 4, 3, 2, 1.","10, 9, 8, 7, 6, 5, 4, 3, 2, 1.",1250
vox_maxi_purge_now_0,Starting now.,Starting now.,1250
vox_maxi_purge_robot_0,Purge sequence initiated.,Purge sequence initiated.,1250
vox_maxi_robot_abort_0,Link slaves out of range. Activation aborted.,Link slaves out of range. Activation aborted.,1250
vox_maxi_robot_activated_0,Fire Control Link Activated.,Fire Control Link Activated.,1250
vox_maxi_robot_await_0,Origin Alteration.,Origin Alteration.,1250
vox_maxi_robot_deactivated_0,Fire control link deactivated.,Fire control link deactivated.,1250
vox_maxi_robot_sync_0,Synchronization complete. Fire control link enabled.,Synchronization complete. Fire control link enabled.,1250
vox_sam_1st_record_found_0,It's one of the songs! It has to be!,It's one of the songs! It has to be!,5000
vox_sam_1st_staff_crafted_0,You have one of the staffs. You have to keep going. You~have to find the others.,You have one of the staffs. You have to keep going. You~have to find the others.,5000
vox_sam_1st_staff_found_1_0,I'm trying to remember.,I'm trying to remember.,5000
vox_sam_1st_staff_found_2_0,"The Staffs of the Ancients were lost, but Father made~copies! You can find them! You can get me out! You can|open the gateway to Agartha!","The Staffs of the Ancients were lost, but Father made~copies! You can find them! You can get me out! You can|open the gateway to Agartha!",5000
vox_sam_2nd_staff_crafted_0,Are you really going to see this through? To the end? I~want to get out of here so very badly.,Are you really going to see this through? To the end? I~want to get out of here so very badly.,5000
vox_sam_3rd_staff_crafted_0,You're doing this! You're actually going to get me out of~here!,You're doing this! You're actually going to get me out of~here!,5000
vox_sam_4th_staff_crafted_0,There's more to do. Father said the staffs weren't~powerful enough. He said the clues were in the writings of|the ancients.,There's more to do. Father said the staffs weren't~powerful enough. He said the clues were in the writings of|the ancients.,5000
vox_sam_4th_staff_crafted_1,"There were riddles hidden within the chambers. For so long~he tried and tried to solve them, but he couldn't. He|didn't know what to do.","There were riddles hidden within the chambers. For so long~he tried and tried to solve them, but he couldn't. He|didn't know what to do.",5000
vox_sam_all_staff_ascend_darkness_0,"Within the giant, the staffs will reveal the ancient~writings.","Within the giant, the staffs will reveal the ancient~writings.",5000
vox_sam_all_staff_fist_iron_0,The guardians of the scroll must feel your might.,The guardians of the scroll must feel your might.,5000
vox_sam_all_staff_freedom_0,"At last, I am to be freed from Agartha. Your reward awaits~you, my heroes. You only have to step into the light.","At last, I am to be freed from Agartha. Your reward awaits~you, my heroes. You only have to step into the light.",5000
vox_sam_all_staff_rain_fire_0,I'm not safe here. You have to hurry. Only the Giants can~break the seal.,I'm not safe here. You have to hurry. Only the Giants can~break the seal.,5000
vox_sam_all_staff_raise_hell_0,"We are so close. Please, keep going. Release the souls of~the ancients.","We are so close. Please, keep going. Release the souls of~the ancients.",5000
vox_sam_all_staff_skewer_beast_0,Find the spirit of the sky. Only on Earth can he be~defeated.,Find the spirit of the sky. Only on Earth can he be~defeated.,5000
vox_sam_all_staff_unleash_hoard_0,"The souls must be released from the pit, but it was said~no mortal could enter.","The souls must be released from the pit, but it was said~no mortal could enter.",5000
vox_sam_all_staff_upgrade_key_0,"We are so close. My father couldn't save me, but you can.~He promised me. When the final steps are taken, the|gateway to Agartha will open.","We are so close. My father couldn't save me, but you can.~He promised me. When the final steps are taken, the|gateway to Agartha will open.",5000
vox_sam_enter_chamber_1_0,"Father said the chambers were doorways, opened by the~songs of the ancients.","Father said the chambers were doorways, opened by the~songs of the ancients.",5000
vox_sam_enter_chamber_2_0,Harness the elements. Only with all can Agartha be~reached.,Harness the elements. Only with all can Agartha be~reached.,5000
vox_sam_fire_puz_solve_0,The ancients thought their riddles would never be solved.~They were wrong. They were so wrong.,The ancients thought their riddles would never be solved.~They were wrong. They were so wrong.,5000
vox_sam_fire_puz_solve_1,You have come so far. Please keep going. The journey is~near its end.,You have come so far. Please keep going. The journey is~near its end.,5000
vox_sam_fire_puz_solve_2,The Elemental Fire is yours to command. Finish what has~begun. Free me from Agartha.,The Elemental Fire is yours to command. Finish what has~begun. Free me from Agartha.,5000
vox_sam_fire_staff_clue_0,The Steel Warrior must be destroyed.,The Steel Warrior must be destroyed.,5000
vox_sam_fire_staff_clue_1,A Skyward Spirit must fall to Earth.,A Skyward Spirit must fall to Earth.,5000
vox_sam_fire_staff_clue_2,"On hallowed ground, the undead agents must be repelled.","On hallowed ground, the undead agents must be repelled.",5000
vox_sam_generic_chastise_0,Why do you not help me?,Why do you not help me?,5000
vox_sam_generic_chastise_1,You fools. Your actions will condemn you for all eternity.,You fools. Your actions will condemn you for all eternity.,5000
vox_sam_generic_chastise_2,I demand that you do what I say.,I demand that you do what I say.,5000
vox_sam_generic_chastise_3,"Without my help, you will never see your homes again.","Without my help, you will never see your homes again.",5000
vox_sam_generic_chastise_4,Only I can save you.,Only I can save you.,5000
vox_sam_generic_chastise_5,You wish to leave me here?,You wish to leave me here?,5000
vox_sam_generic_chastise_6,Defy my will at your own risk.,Defy my will at your own risk.,5000
vox_sam_generic_chastise_7,Start Over!,Start Over!,5000
vox_sam_generic_chastise_8,Do not fail me again.,Do not fail me again.,5000
vox_sam_generic_encourage_0,The ancients found the way to bridge the void. Follow in~their footsteps.,The ancients found the way to bridge the void. Follow in~their footsteps.,5000
vox_sam_generic_encourage_1,Every step you take brings you closer to freeing me.,Every step you take brings you closer to freeing me.,5000
vox_sam_generic_encourage_2,"When the gateway is open, the secrets of Agartha will be~revealed.","When the gateway is open, the secrets of Agartha will be~revealed.",5000
vox_sam_generic_encourage_3,So many others tried. So many others failed.,So many others tried. So many others failed.,5000
vox_sam_generic_encourage_4,Perhaps you will be the first to finish that which started~so long ago.,Perhaps you will be the first to finish that which started~so long ago.,5000
vox_sam_generic_encourage_5,"When I am free, you will be rewarded beyond your~imagination.","When I am free, you will be rewarded beyond your~imagination.",5000
vox_sam_generic_encourage_6,Every journey begins with a single step. This is Step 1.,Every journey begins with a single step. This is Step 1.,5000
vox_sam_gramophone_found_0,"Yes, yes, you found it! For the doorways to open, they~need to hear the songs.","Yes, yes, you found it! For the doorways to open, they~need to hear the songs.",5000
vox_sam_hear_samantha_2_plr_0_0,"I need your help, Dempsey. I'm trapped. I need you to free~me. Please.","I need your help, Dempsey. I'm trapped. I need you to free~me. Please.",5000
vox_sam_hear_samantha_2_plr_1_0,Nikolai! Nikolai! I'm trapped here! Set me free! I beg of~you!,Nikolai! Nikolai! I'm trapped here! Set me free! I beg of~you!,5000
vox_sam_hear_samantha_2_plr_2_0,You can't ignore me forever Richtofen. You know what needs~to happen.,You can't ignore me forever Richtofen. You know what needs~to happen.,5000
vox_sam_hear_samantha_2_plr_3_0,"Takio, brave upholder of the dying samurai spirit, please~help me.","Takio, brave upholder of the dying samurai spirit, please~help me.",5000
vox_sam_hear_samantha_3_0,"You have to help me. Please. There is a way to open the~gateway. My father was so close. He said, you have to|follow the steps.","You have to help me. Please. There is a way to open the~gateway. My father was so close. He said, you have to|follow the steps.",5000
vox_sam_heard_by_all_1_0,"As foretold by the ancients, the gateway to Agartha will~soon open.","As foretold by the ancients, the gateway to Agartha will~soon open.",5000
vox_sam_heard_by_all_2_0,This is the end of the beginning. The beginning of the~end.,This is the end of the beginning. The beginning of the~end.,5000
vox_sam_heard_by_all_3_0,All that has been scattered across time and space will~return to its rightful place.,All that has been scattered across time and space will~return to its rightful place.,5000
vox_sam_ice_puz_solve_0,You're getting closer. So much closer.,You're getting closer. So much closer.,5000
vox_sam_ice_puz_solve_1,"I don't know how, but you are so much closer than my~father ever got.","I don't know how, but you are so much closer than my~father ever got.",5000
vox_sam_ice_puz_solve_2,"Though lost for centuries, the power of the Ice Staff is~now in your hands.","Though lost for centuries, the power of the Ice Staff is~now in your hands.",5000
vox_sam_ice_staff_clue_0,Scratch the surface. Reveal the shards of the ice staff.,Scratch the surface. Reveal the shards of the ice staff.,5000
vox_sam_lightning_puz_solve_0,Your bravery will soon end my nightmare.,Your bravery will soon end my nightmare.,5000
vox_sam_lightning_puz_solve_1,All your effort will soon be rewarded.,All your effort will soon be rewarded.,5000
vox_sam_lightning_puz_solve_2,"With this staff complete, lightning is now yours to wield.~Soon, I will be free.","With this staff complete, lightning is now yours to wield.~Soon, I will be free.",5000
vox_sam_lightning_staff_clue_0,"Around the battlefield, lightning lays almost beyond~reach.","Around the battlefield, lightning lays almost beyond~reach.",5000
vox_sam_master_found_0,I heard something about another song. One that would open~the main chamber. I think you found it!,I heard something about another song. One that would open~the main chamber. I think you found it!,5000
vox_sam_sam_dempsey_1_0,"Tank Dempsey, the soldier who knows no fear, a heart that~yearns for battle.","Tank Dempsey, the soldier who knows no fear, a heart that~yearns for battle.",5000
vox_sam_sam_dempsey_1_1,"Dark days are coming, Dempsey. The Doctor's works threaten~the future of the whole world. Only you have the power to|prevent this.","Dark days are coming, Dempsey. The Doctor's works threaten~the future of the whole world. Only you have the power to|prevent this.",5000
vox_sam_sam_dempsey_2_0,"I see all that has been, all that will be. Free me from~Agartha. I will share the secrets of the hidden world.","I see all that has been, all that will be. Free me from~Agartha. I will share the secrets of the hidden world.",5000
vox_sam_sam_dempsey_2_1,"You do want to help me, don't you Dempsey?","You do want to help me, don't you Dempsey?",5000
vox_sam_sam_help_5_0,"Can you hear me? Please, you have to help me. I'm trapped~here. I just want to go home.","Can you hear me? Please, you have to help me. I'm trapped~here. I just want to go home.",5000
vox_sam_sam_nikolai_1_0,Born Nikolai. You are so very far from home.,Born Nikolai. You are so very far from home.,5000
vox_sam_sam_nikolai_1_1,Exiled from a country torn by civil war. Your future~uncertain. It doesn't have to be that way.,Exiled from a country torn by civil war. Your future~uncertain. It doesn't have to be that way.,5000
vox_sam_sam_nikolai_2_0,I can help you Nikolai. You and your people. We can change~the world.,I can help you Nikolai. You and your people. We can change~the world.,5000
vox_sam_sam_nikolai_2_1,You only need to find me. I can offer you power beyond~imagination.,You only need to find me. I can offer you power beyond~imagination.,5000
vox_sam_sam_richtofen_1_0,"You're not listening to me, Edward. Don't you want to help~me?","You're not listening to me, Edward. Don't you want to help~me?",5000
vox_sam_sam_richtofen_2_0,You don't even remember how long this has been going on.~How long we have been trapped here.,You don't even remember how long this has been going on.~How long we have been trapped here.,5000
vox_sam_sam_richtofen_4_0,"You cannot prevent what is coming, Edward. The loop must~be closed.","You cannot prevent what is coming, Edward. The loop must~be closed.",5000
vox_sam_sam_takeo_1_0,"The Samurai are gone. Only you remained. I feel the weight~of your burden, Takio.","The Samurai are gone. Only you remained. I feel the weight~of your burden, Takio.",5000
vox_sam_sam_takeo_1_1,"The old traditions are dying, Darkio. Soon, they will be~lost. Forever.","The old traditions are dying, Darkio. Soon, they will be~lost. Forever.",5000
vox_sam_sam_takeo_2_0,"The others know little of your world, Docu. They care not~for tradition. All three are but barbarians.","The others know little of your world, Docu. They care not~for tradition. All three are but barbarians.",5000
vox_sam_sam_takeo_2_1,"I have the power to shape the world as I wish. I will~share that power, Tokyo. All you have to do is find me.","I have the power to shape the world as I wish. I will~share that power, Tokyo. All you have to do is find me.",5000
vox_sam_sam_takeo_2_2,"With my help, you can preserve the glory of the Emperor~forever.","With my help, you can preserve the glory of the Emperor~forever.",5000
vox_sam_slow_progress_0,Please. I've been alone for so long. I want to go home. I~want things to be the way they were before.,Please. I've been alone for so long. I want to go home. I~want things to be the way they were before.,5000
vox_sam_slow_progress_1,Father found the way. You can too. You just have to look~in the right places.,Father found the way. You can too. You just have to look~in the right places.,5000
vox_sam_slow_progress_2,Follow the steps. Free me from Agartha. I beg you. Please.,Follow the steps. Free me from Agartha. I beg you. Please.,5000
vox_sam_slow_progress_3,"I don't know how much longer I can stay here. I'm not~safe. Please, I beg you, free me from Agartha.","I don't know how much longer I can stay here. I'm not~safe. Please, I beg you, free me from Agartha.",5000
vox_sam_slow_progress_4,The wisdom of the ancients is the key.,The wisdom of the ancients is the key.,5000
vox_sam_upgrade_staff_clue_1_0,Step 1. Secure the case.,Step 1. Secure the case.,5000
vox_sam_upgrade_staff_clue_1_grbld_0,Step 1. Secure the case.,Step 1. Secure the case.,5000
vox_sam_upgrade_staff_clue_2_0,Step 2. Reset from Darkness.,Step 2. Reset from Darkness.,5000
vox_sam_upgrade_staff_clue_2_grbld_0,Step 2. Reset from Darkness.,Step 2. Reset from Darkness.,5000
vox_sam_upgrade_staff_clue_3_0,Staff of Fire. Ray Gun Fire.,Staff of Fire. Ray Gun Fire.,5000
vox_sam_upgrade_staff_clue_3_grbld_0,Staff of Fire. Ray Gun Fire.,Staff of Fire. Ray Gun Fire.,5000
vox_sam_upgrade_staff_clue_4_0,Step 4. Unleash the Ward.,Step 4. Unleash the Ward.,5000
vox_sam_upgrade_staff_clue_4_grbld_0,Step 4. Unleash the Ward.,Step 4. Unleash the Ward.,5000
vox_sam_upgrade_staff_clue_5_0,Step 5. Steal the Wind Beast.,Step 5. Steal the Wind Beast.,5000
vox_sam_upgrade_staff_clue_5_grbld_0,Step 5. Steal the Wind Beast.,Step 5. Steal the Wind Beast.,5000
vox_sam_upgrade_staff_clue_6_0,Step 6. Reveal the face of the man.,Step 6. Reveal the face of the man.,5000
vox_sam_upgrade_staff_clue_6_grbld_0,Step 6. Reveal the face of the man.,Step 6. Reveal the face of the man.,5000
vox_sam_upgrade_staff_clue_7_0,Step 7. Raise More.,Step 7. Raise Inferno.,5000
vox_sam_upgrade_staff_clue_7_grbld_0,Step 7. Raise More.,Step 7. Raise Inferno.,5000
vox_sam_upgrade_staff_clue_8_0,Stop it! Freedom!,Stop it! Freedom!,5000
vox_sam_upgrade_staff_clue_8_grbld_0,Stop it! Freedom!,Stop it! Freedom!,5000
vox_sam_wind_puz_solve_0,You solved the riddle. Something's happening. I can feel~it.,You solved the riddle. Something's happening. I can feel~it.,5000
vox_sam_wind_puz_solve_1,You solved the chamber puzzle! How did you know what to~do?,You solved the chamber puzzle! How did you know what to~do?,5000
vox_sam_wind_puz_solve_2,"Power of the wind is yours. Soon, I will be free. I know I~will.","Power of the wind is yours. Soon, I will be free. I know I~will.",5000
vox_sam_wind_staff_clue_0,The Giants hold many secrets.,The Giants hold many secrets.,5000
vox_zmba_powerup_blood_money_0,Blood Money.,Blood Money.,5000
vox_zmba_powerup_carpenter_0,Carpenter.,Carpenter.,5000
vox_zmba_powerup_doublepoints_0,DOUBLE POINTS,DOUBLE POINTS,5000
vox_zmba_powerup_firesale_0,Fire Sale.,Fire Sale.,5000
vox_zmba_powerup_instakill_0,Insta-Kill,Insta-Kill,5000
vox_zmba_powerup_maxammo_0,Max Ammo.,Max Ammo.,5000
vox_zmba_powerup_mystery_0,Mystery.,Mystery.,5000
vox_zmba_powerup_nuke_0,Kaboom!,Kaboom!,5000
vox_zmba_powerup_zombie_blood_0,Zombie blood.,Zombie blood.,5000
vox_zmba_powerup_zombie_cash_0,Zombie Cash.,Zombie Cash.,5000
vox_zmba_qol_powerup_zombie_blood,Zombie Blood.,Zombie Blood.,5000
vox_zmba_qol_powerup_zombie_blood_0,Zombie Blood.,Zombie Blood.,5000
vox_zmba_sam_qol_powerup_zombie_blood,Zombie Blood.,Zombie Blood.,5000
vox_zmba_sam_qol_powerup_zombie_blood_0,Zombie Blood.,Zombie Blood.,5000
vox_zmba_qol_powerup_blood_money,Blood Money.,Blood Money.,5000
vox_zmba_qol_powerup_blood_money_0,Blood Money.,Blood Money.,5000
vox_zmba_sam_qol_powerup_blood_money,Blood Money.,Blood Money.,5000
vox_zmba_sam_qol_powerup_blood_money_0,Blood Money.,Blood Money.,5000
vox_zmba_qol_powerup_death_machine,Death Machine.,Death Machine.,5000
vox_zmba_qol_powerup_death_machine_0,Death Machine.,Death Machine.,5000
vox_zmba_sam_qol_powerup_death_machine,Death Machine.,Death Machine.,5000
vox_zmba_sam_qol_powerup_death_machine_0,Death Machine.,Death Machine.,5000
vox_zmba_qol_powerup_bonfire_sale,Bonfire Sale!,Bonfire Sale!,5000
vox_zmba_qol_powerup_bonfire_sale_0,Bonfire Sale!,Bonfire Sale!,5000
vox_zmba_sam_qol_powerup_bonfire_sale,Bonfire Sale!,Bonfire Sale!,5000
vox_zmba_sam_qol_powerup_bonfire_sale_0,Bonfire Sale!,Bonfire Sale!,5000
